2024-12-04 10:08:25.651|ERROR||||||[http-nio-8009-exec-4]|c.c.c.d.i.TaskES_DAOImpl - [searchTasksByKeywords,84] - Error while searching tasks by keywords: 
org.springframework.data.elasticsearch.UncategorizedElasticsearchException: [es/search] failed: [parsing_exception] [size] query malformed, no start_object after query name
	at org.springframework.data.elasticsearch.client.elc.ElasticsearchExceptionTranslator.translateExceptionIfPossible(ElasticsearchExceptionTranslator.java:106)
	at org.springframework.data.elasticsearch.client.elc.ElasticsearchExceptionTranslator.translateException(ElasticsearchExceptionTranslator.java:65)
	at org.springframework.data.elasticsearch.client.elc.ElasticsearchTemplate.execute(ElasticsearchTemplate.java:704)
	at org.springframework.data.elasticsearch.client.elc.ElasticsearchTemplate.doSearch(ElasticsearchTemplate.java:369)
	at org.springframework.data.elasticsearch.client.elc.ElasticsearchTemplate.search(ElasticsearchTemplate.java:362)
	at org.springframework.data.elasticsearch.core.AbstractElasticsearchTemplate.search(AbstractElasticsearchTemplate.java:453)
	at com.catface_task.common.dao_es.impl.TaskES_DAOImpl.searchTasksByKeywords(TaskES_DAOImpl.java:81)
	at java.base/jdk.internal.reflect.DirectMethodHandleAccessor.invoke(DirectMethodHandleAccessor.java:103)
	at java.base/java.lang.reflect.Method.invoke(Method.java:580)
	at org.springframework.aop.support.AopUtils.invokeJoinpointUsingReflection(AopUtils.java:359)
	at org.springframework.aop.framework.ReflectiveMethodInvocation.invokeJoinpoint(ReflectiveMethodInvocation.java:196)
	at org.springframework.aop.framework.ReflectiveMethodInvocation.proceed(ReflectiveMethodInvocation.java:163)
	at org.springframework.dao.support.PersistenceExceptionTranslationInterceptor.invoke(PersistenceExceptionTranslationInterceptor.java:138)
	at org.springframework.aop.framework.ReflectiveMethodInvocation.proceed(ReflectiveMethodInvocation.java:184)
	at org.springframework.aop.framework.CglibAopProxy$DynamicAdvisedInterceptor.intercept(CglibAopProxy.java:727)
	at com.catface_task.common.dao_es.impl.TaskES_DAOImpl$$SpringCGLIB$$0.searchTasksByKeywords(<generated>)
	at com.catface_task.service.impl.TaskServiceImpl.searchByKeywords(TaskServiceImpl.java:84)
	at java.base/jdk.internal.reflect.DirectMethodHandleAccessor.invoke(DirectMethodHandleAccessor.java:103)
	at java.base/java.lang.reflect.Method.invoke(Method.java:580)
	at org.springframework.aop.support.AopUtils.invokeJoinpointUsingReflection(AopUtils.java:359)
	at org.springframework.aop.framework.CglibAopProxy$DynamicAdvisedInterceptor.intercept(CglibAopProxy.java:723)
	at com.catface_task.service.impl.TaskServiceImpl$$SpringCGLIB$$0.searchByKeywords(<generated>)
	at com.catface_task.controller.TaskController.getRecentTasks(TaskController.java:51)
	at java.base/jdk.internal.reflect.DirectMethodHandleAccessor.invoke(DirectMethodHandleAccessor.java:103)
	at java.base/java.lang.reflect.Method.invoke(Method.java:580)
	at org.springframework.web.method.support.InvocableHandlerMethod.doInvoke(InvocableHandlerMethod.java:255)
	at org.springframework.web.method.support.InvocableHandlerMethod.invokeForRequest(InvocableHandlerMethod.java:188)
	at org.springframework.web.servlet.mvc.method.annotation.ServletInvocableHandlerMethod.invokeAndHandle(ServletInvocableHandlerMethod.java:118)
	at org.springframework.web.servlet.mvc.method.annotation.RequestMappingHandlerAdapter.invokeHandlerMethod(RequestMappingHandlerAdapter.java:986)
	at org.springframework.web.servlet.mvc.method.annotation.RequestMappingHandlerAdapter.handleInternal(RequestMappingHandlerAdapter.java:891)
	at org.springframework.web.servlet.mvc.method.AbstractHandlerMethodAdapter.handle(AbstractHandlerMethodAdapter.java:87)
	at org.springframework.web.servlet.DispatcherServlet.doDispatch(DispatcherServlet.java:1088)
	at org.springframework.web.servlet.DispatcherServlet.doService(DispatcherServlet.java:978)
	at org.springframework.web.servlet.FrameworkServlet.processRequest(FrameworkServlet.java:1014)
	at org.springframework.web.servlet.FrameworkServlet.doGet(FrameworkServlet.java:903)
	at jakarta.servlet.http.HttpServlet.service(HttpServlet.java:564)
	at org.springframework.web.servlet.FrameworkServlet.service(FrameworkServlet.java:885)
	at jakarta.servlet.http.HttpServlet.service(HttpServlet.java:658)
	at org.apache.catalina.core.ApplicationFilterChain.internalDoFilter(ApplicationFilterChain.java:195)
	at org.apache.catalina.core.ApplicationFilterChain.doFilter(ApplicationFilterChain.java:140)
	at org.apache.tomcat.websocket.server.WsFilter.doFilter(WsFilter.java:51)
	at org.apache.catalina.core.ApplicationFilterChain.internalDoFilter(ApplicationFilterChain.java:164)
	at org.apache.catalina.core.ApplicationFilterChain.doFilter(ApplicationFilterChain.java:140)
	at org.springframework.web.filter.RequestContextFilter.doFilterInternal(RequestContextFilter.java:100)
	at org.springframework.web.filter.OncePerRequestFilter.doFilter(OncePerRequestFilter.java:116)
	at org.apache.catalina.core.ApplicationFilterChain.internalDoFilter(ApplicationFilterChain.java:164)
	at org.apache.catalina.core.ApplicationFilterChain.doFilter(ApplicationFilterChain.java:140)
	at org.springframework.web.filter.FormContentFilter.doFilterInternal(FormContentFilter.java:93)
	at org.springframework.web.filter.OncePerRequestFilter.doFilter(OncePerRequestFilter.java:116)
	at org.apache.catalina.core.ApplicationFilterChain.internalDoFilter(ApplicationFilterChain.java:164)
	at org.apache.catalina.core.ApplicationFilterChain.doFilter(ApplicationFilterChain.java:140)
	at org.springframework.web.filter.CharacterEncodingFilter.doFilterInternal(CharacterEncodingFilter.java:201)
	at org.springframework.web.filter.OncePerRequestFilter.doFilter(OncePerRequestFilter.java:116)
	at org.apache.catalina.core.ApplicationFilterChain.internalDoFilter(ApplicationFilterChain.java:164)
	at org.apache.catalina.core.ApplicationFilterChain.doFilter(ApplicationFilterChain.java:140)
	at org.apache.catalina.core.StandardWrapperValve.invoke(StandardWrapperValve.java:167)
	at org.apache.catalina.core.StandardContextValve.invoke(StandardContextValve.java:90)
	at org.apache.catalina.authenticator.AuthenticatorBase.invoke(AuthenticatorBase.java:483)
	at org.apache.catalina.core.StandardHostValve.invoke(StandardHostValve.java:115)
	at org.apache.catalina.valves.ErrorReportValve.invoke(ErrorReportValve.java:93)
	at org.apache.catalina.core.StandardEngineValve.invoke(StandardEngineValve.java:74)
	at org.apache.catalina.connector.CoyoteAdapter.service(CoyoteAdapter.java:344)
	at org.apache.coyote.http11.Http11Processor.service(Http11Processor.java:397)
	at org.apache.coyote.AbstractProcessorLight.process(AbstractProcessorLight.java:63)
	at org.apache.coyote.AbstractProtocol$ConnectionHandler.process(AbstractProtocol.java:905)
	at org.apache.tomcat.util.net.NioEndpoint$SocketProcessor.doRun(NioEndpoint.java:1741)
	at org.apache.tomcat.util.net.SocketProcessorBase.run(SocketProcessorBase.java:52)
	at org.apache.tomcat.util.threads.ThreadPoolExecutor.runWorker(ThreadPoolExecutor.java:1190)
	at org.apache.tomcat.util.threads.ThreadPoolExecutor$Worker.run(ThreadPoolExecutor.java:659)
	at org.apache.tomcat.util.threads.TaskThread$WrappingRunnable.run(TaskThread.java:63)
	at java.base/java.lang.Thread.run(Thread.java:1583)
Caused by: co.elastic.clients.elasticsearch._types.ElasticsearchException: [es/search] failed: [parsing_exception] [size] query malformed, no start_object after query name
	at co.elastic.clients.transport.ElasticsearchTransportBase.getApiResponse(ElasticsearchTransportBase.java:345)
	at co.elastic.clients.transport.ElasticsearchTransportBase.performRequest(ElasticsearchTransportBase.java:147)
	at co.elastic.clients.elasticsearch.ElasticsearchClient.search(ElasticsearchClient.java:1965)
	at org.springframework.data.elasticsearch.client.elc.ElasticsearchTemplate.lambda$doSearch$15(ElasticsearchTemplate.java:369)
	at org.springframework.data.elasticsearch.client.elc.ElasticsearchTemplate.execute(ElasticsearchTemplate.java:702)
	... 68 common frames omitted
2024-12-04 10:28:30.128|ERROR||||||[http-nio-8009-exec-1]|o.a.c.c.C.[.[.[.[dispatcherServlet] - [log,175] - Servlet.service() for servlet [dispatcherServlet] in context with path [] threw exception [Request processing failed: org.springframework.web.client.ResourceAccessException: I/O error on POST request for "http://localhost:8000/api/rag/bge_embedding": Connection refused: connect] with root cause
java.net.ConnectException: Connection refused: connect
	at java.base/sun.nio.ch.Net.connect0(Native Method)
	at java.base/sun.nio.ch.Net.connect(Net.java:589)
	at java.base/sun.nio.ch.Net.connect(Net.java:578)
	at java.base/sun.nio.ch.NioSocketImpl.connect(NioSocketImpl.java:583)
	at java.base/java.net.Socket.connect(Socket.java:751)
	at java.base/java.net.Socket.connect(Socket.java:686)
	at java.base/sun.net.NetworkClient.doConnect(NetworkClient.java:183)
	at java.base/sun.net.www.http.HttpClient.openServer(HttpClient.java:531)
	at java.base/sun.net.www.http.HttpClient.openServer(HttpClient.java:636)
	at java.base/sun.net.www.http.HttpClient.<init>(HttpClient.java:280)
	at java.base/sun.net.www.http.HttpClient.New(HttpClient.java:386)
	at java.base/sun.net.www.http.HttpClient.New(HttpClient.java:408)
	at java.base/sun.net.www.protocol.http.HttpURLConnection.getNewHttpClient(HttpURLConnection.java:1319)
	at java.base/sun.net.www.protocol.http.HttpURLConnection.plainConnect0(HttpURLConnection.java:1252)
	at java.base/sun.net.www.protocol.http.HttpURLConnection.plainConnect(HttpURLConnection.java:1138)
	at java.base/sun.net.www.protocol.http.HttpURLConnection.connect(HttpURLConnection.java:1067)
	at org.springframework.http.client.SimpleClientHttpRequest.executeInternal(SimpleClientHttpRequest.java:79)
	at org.springframework.http.client.AbstractStreamingClientHttpRequest.executeInternal(AbstractStreamingClientHttpRequest.java:71)
	at org.springframework.http.client.AbstractClientHttpRequest.execute(AbstractClientHttpRequest.java:81)
	at org.springframework.web.client.RestTemplate.doExecute(RestTemplate.java:900)
	at org.springframework.web.client.RestTemplate.execute(RestTemplate.java:801)
	at org.springframework.web.client.RestTemplate.postForObject(RestTemplate.java:518)
	at com.catface_task.service.impl.TextEmbeddingServiceImpl.getEmbedding(TextEmbeddingServiceImpl.java:65)
	at com.catface_task.service.impl.TaskServiceImpl.addTask(TaskServiceImpl.java:52)
	at java.base/jdk.internal.reflect.DirectMethodHandleAccessor.invoke(DirectMethodHandleAccessor.java:103)
	at java.base/java.lang.reflect.Method.invoke(Method.java:580)
	at org.springframework.aop.support.AopUtils.invokeJoinpointUsingReflection(AopUtils.java:359)
	at org.springframework.aop.framework.ReflectiveMethodInvocation.invokeJoinpoint(ReflectiveMethodInvocation.java:196)
	at org.springframework.aop.framework.ReflectiveMethodInvocation.proceed(ReflectiveMethodInvocation.java:163)
	at org.springframework.transaction.interceptor.TransactionAspectSupport.invokeWithinTransaction(TransactionAspectSupport.java:380)
	at org.springframework.transaction.interceptor.TransactionInterceptor.invoke(TransactionInterceptor.java:119)
	at org.springframework.aop.framework.ReflectiveMethodInvocation.proceed(ReflectiveMethodInvocation.java:184)
	at org.springframework.aop.framework.CglibAopProxy$DynamicAdvisedInterceptor.intercept(CglibAopProxy.java:727)
	at com.catface_task.service.impl.TaskServiceImpl$$SpringCGLIB$$0.addTask(<generated>)
	at com.catface_task.controller.TaskController.addTask(TaskController.java:40)
	at java.base/jdk.internal.reflect.DirectMethodHandleAccessor.invoke(DirectMethodHandleAccessor.java:103)
	at java.base/java.lang.reflect.Method.invoke(Method.java:580)
	at org.springframework.web.method.support.InvocableHandlerMethod.doInvoke(InvocableHandlerMethod.java:255)
	at org.springframework.web.method.support.InvocableHandlerMethod.invokeForRequest(InvocableHandlerMethod.java:188)
	at org.springframework.web.servlet.mvc.method.annotation.ServletInvocableHandlerMethod.invokeAndHandle(ServletInvocableHandlerMethod.java:118)
	at org.springframework.web.servlet.mvc.method.annotation.RequestMappingHandlerAdapter.invokeHandlerMethod(RequestMappingHandlerAdapter.java:986)
	at org.springframework.web.servlet.mvc.method.annotation.RequestMappingHandlerAdapter.handleInternal(RequestMappingHandlerAdapter.java:891)
	at org.springframework.web.servlet.mvc.method.AbstractHandlerMethodAdapter.handle(AbstractHandlerMethodAdapter.java:87)
	at org.springframework.web.servlet.DispatcherServlet.doDispatch(DispatcherServlet.java:1088)
	at org.springframework.web.servlet.DispatcherServlet.doService(DispatcherServlet.java:978)
	at org.springframework.web.servlet.FrameworkServlet.processRequest(FrameworkServlet.java:1014)
	at org.springframework.web.servlet.FrameworkServlet.doPost(FrameworkServlet.java:914)
	at jakarta.servlet.http.HttpServlet.service(HttpServlet.java:590)
	at org.springframework.web.servlet.FrameworkServlet.service(FrameworkServlet.java:885)
	at jakarta.servlet.http.HttpServlet.service(HttpServlet.java:658)
	at org.apache.catalina.core.ApplicationFilterChain.internalDoFilter(ApplicationFilterChain.java:195)
	at org.apache.catalina.core.ApplicationFilterChain.doFilter(ApplicationFilterChain.java:140)
	at org.apache.tomcat.websocket.server.WsFilter.doFilter(WsFilter.java:51)
	at org.apache.catalina.core.ApplicationFilterChain.internalDoFilter(ApplicationFilterChain.java:164)
	at org.apache.catalina.core.ApplicationFilterChain.doFilter(ApplicationFilterChain.java:140)
	at org.springframework.web.filter.RequestContextFilter.doFilterInternal(RequestContextFilter.java:100)
	at org.springframework.web.filter.OncePerRequestFilter.doFilter(OncePerRequestFilter.java:116)
	at org.apache.catalina.core.ApplicationFilterChain.internalDoFilter(ApplicationFilterChain.java:164)
	at org.apache.catalina.core.ApplicationFilterChain.doFilter(ApplicationFilterChain.java:140)
	at org.springframework.web.filter.FormContentFilter.doFilterInternal(FormContentFilter.java:93)
	at org.springframework.web.filter.OncePerRequestFilter.doFilter(OncePerRequestFilter.java:116)
	at org.apache.catalina.core.ApplicationFilterChain.internalDoFilter(ApplicationFilterChain.java:164)
	at org.apache.catalina.core.ApplicationFilterChain.doFilter(ApplicationFilterChain.java:140)
	at org.springframework.web.filter.CharacterEncodingFilter.doFilterInternal(CharacterEncodingFilter.java:201)
	at org.springframework.web.filter.OncePerRequestFilter.doFilter(OncePerRequestFilter.java:116)
	at org.apache.catalina.core.ApplicationFilterChain.internalDoFilter(ApplicationFilterChain.java:164)
	at org.apache.catalina.core.ApplicationFilterChain.doFilter(ApplicationFilterChain.java:140)
	at org.apache.catalina.core.StandardWrapperValve.invoke(StandardWrapperValve.java:167)
	at org.apache.catalina.core.StandardContextValve.invoke(StandardContextValve.java:90)
	at org.apache.catalina.authenticator.AuthenticatorBase.invoke(AuthenticatorBase.java:483)
	at org.apache.catalina.core.StandardHostValve.invoke(StandardHostValve.java:115)
	at org.apache.catalina.valves.ErrorReportValve.invoke(ErrorReportValve.java:93)
	at org.apache.catalina.core.StandardEngineValve.invoke(StandardEngineValve.java:74)
	at org.apache.catalina.connector.CoyoteAdapter.service(CoyoteAdapter.java:344)
	at org.apache.coyote.http11.Http11Processor.service(Http11Processor.java:397)
	at org.apache.coyote.AbstractProcessorLight.process(AbstractProcessorLight.java:63)
	at org.apache.coyote.AbstractProtocol$ConnectionHandler.process(AbstractProtocol.java:905)
	at org.apache.tomcat.util.net.NioEndpoint$SocketProcessor.doRun(NioEndpoint.java:1741)
	at org.apache.tomcat.util.net.SocketProcessorBase.run(SocketProcessorBase.java:52)
	at org.apache.tomcat.util.threads.ThreadPoolExecutor.runWorker(ThreadPoolExecutor.java:1190)
	at org.apache.tomcat.util.threads.ThreadPoolExecutor$Worker.run(ThreadPoolExecutor.java:659)
	at org.apache.tomcat.util.threads.TaskThread$WrappingRunnable.run(TaskThread.java:63)
	at java.base/java.lang.Thread.run(Thread.java:1583)
2024-12-04 10:30:02.029|ERROR||||||[http-nio-8009-exec-2]|c.c.c.d.i.TaskES_DAOImpl - [searchTasksByKeywords,88] - Error while searching tasks by keywords: 
org.springframework.data.elasticsearch.UncategorizedElasticsearchException: [es/search] failed: [parsing_exception] [size] query malformed, no start_object after query name
	at org.springframework.data.elasticsearch.client.elc.ElasticsearchExceptionTranslator.translateExceptionIfPossible(ElasticsearchExceptionTranslator.java:106)
	at org.springframework.data.elasticsearch.client.elc.ElasticsearchExceptionTranslator.translateException(ElasticsearchExceptionTranslator.java:65)
	at org.springframework.data.elasticsearch.client.elc.ElasticsearchTemplate.execute(ElasticsearchTemplate.java:704)
	at org.springframework.data.elasticsearch.client.elc.ElasticsearchTemplate.doSearch(ElasticsearchTemplate.java:369)
	at org.springframework.data.elasticsearch.client.elc.ElasticsearchTemplate.search(ElasticsearchTemplate.java:362)
	at org.springframework.data.elasticsearch.core.AbstractElasticsearchTemplate.search(AbstractElasticsearchTemplate.java:453)
	at com.catface_task.common.dao_es.impl.TaskES_DAOImpl.searchTasksByKeywords(TaskES_DAOImpl.java:85)
	at java.base/jdk.internal.reflect.DirectMethodHandleAccessor.invoke(DirectMethodHandleAccessor.java:103)
	at java.base/java.lang.reflect.Method.invoke(Method.java:580)
	at org.springframework.aop.support.AopUtils.invokeJoinpointUsingReflection(AopUtils.java:359)
	at org.springframework.aop.framework.ReflectiveMethodInvocation.invokeJoinpoint(ReflectiveMethodInvocation.java:196)
	at org.springframework.aop.framework.ReflectiveMethodInvocation.proceed(ReflectiveMethodInvocation.java:163)
	at org.springframework.dao.support.PersistenceExceptionTranslationInterceptor.invoke(PersistenceExceptionTranslationInterceptor.java:138)
	at org.springframework.aop.framework.ReflectiveMethodInvocation.proceed(ReflectiveMethodInvocation.java:184)
	at org.springframework.aop.framework.CglibAopProxy$DynamicAdvisedInterceptor.intercept(CglibAopProxy.java:727)
	at com.catface_task.common.dao_es.impl.TaskES_DAOImpl$$SpringCGLIB$$0.searchTasksByKeywords(<generated>)
	at com.catface_task.service.impl.TaskServiceImpl.searchByKeywords(TaskServiceImpl.java:84)
	at java.base/jdk.internal.reflect.DirectMethodHandleAccessor.invoke(DirectMethodHandleAccessor.java:103)
	at java.base/java.lang.reflect.Method.invoke(Method.java:580)
	at org.springframework.aop.support.AopUtils.invokeJoinpointUsingReflection(AopUtils.java:359)
	at org.springframework.aop.framework.CglibAopProxy$DynamicAdvisedInterceptor.intercept(CglibAopProxy.java:723)
	at com.catface_task.service.impl.TaskServiceImpl$$SpringCGLIB$$0.searchByKeywords(<generated>)
	at com.catface_task.controller.TaskController.getRecentTasks(TaskController.java:51)
	at java.base/jdk.internal.reflect.DirectMethodHandleAccessor.invoke(DirectMethodHandleAccessor.java:103)
	at java.base/java.lang.reflect.Method.invoke(Method.java:580)
	at org.springframework.web.method.support.InvocableHandlerMethod.doInvoke(InvocableHandlerMethod.java:255)
	at org.springframework.web.method.support.InvocableHandlerMethod.invokeForRequest(InvocableHandlerMethod.java:188)
	at org.springframework.web.servlet.mvc.method.annotation.ServletInvocableHandlerMethod.invokeAndHandle(ServletInvocableHandlerMethod.java:118)
	at org.springframework.web.servlet.mvc.method.annotation.RequestMappingHandlerAdapter.invokeHandlerMethod(RequestMappingHandlerAdapter.java:986)
	at org.springframework.web.servlet.mvc.method.annotation.RequestMappingHandlerAdapter.handleInternal(RequestMappingHandlerAdapter.java:891)
	at org.springframework.web.servlet.mvc.method.AbstractHandlerMethodAdapter.handle(AbstractHandlerMethodAdapter.java:87)
	at org.springframework.web.servlet.DispatcherServlet.doDispatch(DispatcherServlet.java:1088)
	at org.springframework.web.servlet.DispatcherServlet.doService(DispatcherServlet.java:978)
	at org.springframework.web.servlet.FrameworkServlet.processRequest(FrameworkServlet.java:1014)
	at org.springframework.web.servlet.FrameworkServlet.doGet(FrameworkServlet.java:903)
	at jakarta.servlet.http.HttpServlet.service(HttpServlet.java:564)
	at org.springframework.web.servlet.FrameworkServlet.service(FrameworkServlet.java:885)
	at jakarta.servlet.http.HttpServlet.service(HttpServlet.java:658)
	at org.apache.catalina.core.ApplicationFilterChain.internalDoFilter(ApplicationFilterChain.java:195)
	at org.apache.catalina.core.ApplicationFilterChain.doFilter(ApplicationFilterChain.java:140)
	at org.apache.tomcat.websocket.server.WsFilter.doFilter(WsFilter.java:51)
	at org.apache.catalina.core.ApplicationFilterChain.internalDoFilter(ApplicationFilterChain.java:164)
	at org.apache.catalina.core.ApplicationFilterChain.doFilter(ApplicationFilterChain.java:140)
	at org.springframework.web.filter.RequestContextFilter.doFilterInternal(RequestContextFilter.java:100)
	at org.springframework.web.filter.OncePerRequestFilter.doFilter(OncePerRequestFilter.java:116)
	at org.apache.catalina.core.ApplicationFilterChain.internalDoFilter(ApplicationFilterChain.java:164)
	at org.apache.catalina.core.ApplicationFilterChain.doFilter(ApplicationFilterChain.java:140)
	at org.springframework.web.filter.FormContentFilter.doFilterInternal(FormContentFilter.java:93)
	at org.springframework.web.filter.OncePerRequestFilter.doFilter(OncePerRequestFilter.java:116)
	at org.apache.catalina.core.ApplicationFilterChain.internalDoFilter(ApplicationFilterChain.java:164)
	at org.apache.catalina.core.ApplicationFilterChain.doFilter(ApplicationFilterChain.java:140)
	at org.springframework.web.filter.CharacterEncodingFilter.doFilterInternal(CharacterEncodingFilter.java:201)
	at org.springframework.web.filter.OncePerRequestFilter.doFilter(OncePerRequestFilter.java:116)
	at org.apache.catalina.core.ApplicationFilterChain.internalDoFilter(ApplicationFilterChain.java:164)
	at org.apache.catalina.core.ApplicationFilterChain.doFilter(ApplicationFilterChain.java:140)
	at org.apache.catalina.core.StandardWrapperValve.invoke(StandardWrapperValve.java:167)
	at org.apache.catalina.core.StandardContextValve.invoke(StandardContextValve.java:90)
	at org.apache.catalina.authenticator.AuthenticatorBase.invoke(AuthenticatorBase.java:483)
	at org.apache.catalina.core.StandardHostValve.invoke(StandardHostValve.java:115)
	at org.apache.catalina.valves.ErrorReportValve.invoke(ErrorReportValve.java:93)
	at org.apache.catalina.core.StandardEngineValve.invoke(StandardEngineValve.java:74)
	at org.apache.catalina.connector.CoyoteAdapter.service(CoyoteAdapter.java:344)
	at org.apache.coyote.http11.Http11Processor.service(Http11Processor.java:397)
	at org.apache.coyote.AbstractProcessorLight.process(AbstractProcessorLight.java:63)
	at org.apache.coyote.AbstractProtocol$ConnectionHandler.process(AbstractProtocol.java:905)
	at org.apache.tomcat.util.net.NioEndpoint$SocketProcessor.doRun(NioEndpoint.java:1741)
	at org.apache.tomcat.util.net.SocketProcessorBase.run(SocketProcessorBase.java:52)
	at org.apache.tomcat.util.threads.ThreadPoolExecutor.runWorker(ThreadPoolExecutor.java:1190)
	at org.apache.tomcat.util.threads.ThreadPoolExecutor$Worker.run(ThreadPoolExecutor.java:659)
	at org.apache.tomcat.util.threads.TaskThread$WrappingRunnable.run(TaskThread.java:63)
	at java.base/java.lang.Thread.run(Thread.java:1583)
Caused by: co.elastic.clients.elasticsearch._types.ElasticsearchException: [es/search] failed: [parsing_exception] [size] query malformed, no start_object after query name
	at co.elastic.clients.transport.ElasticsearchTransportBase.getApiResponse(ElasticsearchTransportBase.java:345)
	at co.elastic.clients.transport.ElasticsearchTransportBase.performRequest(ElasticsearchTransportBase.java:147)
	at co.elastic.clients.elasticsearch.ElasticsearchClient.search(ElasticsearchClient.java:1965)
	at org.springframework.data.elasticsearch.client.elc.ElasticsearchTemplate.lambda$doSearch$15(ElasticsearchTemplate.java:369)
	at org.springframework.data.elasticsearch.client.elc.ElasticsearchTemplate.execute(ElasticsearchTemplate.java:702)
	... 68 common frames omitted
2024-12-04 10:31:57.030|ERROR||||||[http-nio-8009-exec-3]|c.c.c.d.i.TaskES_DAOImpl - [searchTasksByKeywords,88] - Error while searching tasks by keywords: 
org.springframework.data.elasticsearch.UncategorizedElasticsearchException: [es/search] failed: [parsing_exception] [size] query malformed, no start_object after query name
	at org.springframework.data.elasticsearch.client.elc.ElasticsearchExceptionTranslator.translateExceptionIfPossible(ElasticsearchExceptionTranslator.java:106)
	at org.springframework.data.elasticsearch.client.elc.ElasticsearchExceptionTranslator.translateException(ElasticsearchExceptionTranslator.java:65)
	at org.springframework.data.elasticsearch.client.elc.ElasticsearchTemplate.execute(ElasticsearchTemplate.java:704)
	at org.springframework.data.elasticsearch.client.elc.ElasticsearchTemplate.doSearch(ElasticsearchTemplate.java:369)
	at org.springframework.data.elasticsearch.client.elc.ElasticsearchTemplate.search(ElasticsearchTemplate.java:362)
	at org.springframework.data.elasticsearch.core.AbstractElasticsearchTemplate.search(AbstractElasticsearchTemplate.java:453)
	at com.catface_task.common.dao_es.impl.TaskES_DAOImpl.searchTasksByKeywords(TaskES_DAOImpl.java:85)
	at java.base/jdk.internal.reflect.DirectMethodHandleAccessor.invoke(DirectMethodHandleAccessor.java:103)
	at java.base/java.lang.reflect.Method.invoke(Method.java:580)
	at org.springframework.aop.support.AopUtils.invokeJoinpointUsingReflection(AopUtils.java:359)
	at org.springframework.aop.framework.ReflectiveMethodInvocation.invokeJoinpoint(ReflectiveMethodInvocation.java:196)
	at org.springframework.aop.framework.ReflectiveMethodInvocation.proceed(ReflectiveMethodInvocation.java:163)
	at org.springframework.dao.support.PersistenceExceptionTranslationInterceptor.invoke(PersistenceExceptionTranslationInterceptor.java:138)
	at org.springframework.aop.framework.ReflectiveMethodInvocation.proceed(ReflectiveMethodInvocation.java:184)
	at org.springframework.aop.framework.CglibAopProxy$DynamicAdvisedInterceptor.intercept(CglibAopProxy.java:727)
	at com.catface_task.common.dao_es.impl.TaskES_DAOImpl$$SpringCGLIB$$0.searchTasksByKeywords(<generated>)
	at com.catface_task.service.impl.TaskServiceImpl.searchByKeywords(TaskServiceImpl.java:84)
	at java.base/jdk.internal.reflect.DirectMethodHandleAccessor.invoke(DirectMethodHandleAccessor.java:103)
	at java.base/java.lang.reflect.Method.invoke(Method.java:580)
	at org.springframework.aop.support.AopUtils.invokeJoinpointUsingReflection(AopUtils.java:359)
	at org.springframework.aop.framework.CglibAopProxy$DynamicAdvisedInterceptor.intercept(CglibAopProxy.java:723)
	at com.catface_task.service.impl.TaskServiceImpl$$SpringCGLIB$$0.searchByKeywords(<generated>)
	at com.catface_task.controller.TaskController.getRecentTasks(TaskController.java:51)
	at java.base/jdk.internal.reflect.DirectMethodHandleAccessor.invoke(DirectMethodHandleAccessor.java:103)
	at java.base/java.lang.reflect.Method.invoke(Method.java:580)
	at org.springframework.web.method.support.InvocableHandlerMethod.doInvoke(InvocableHandlerMethod.java:255)
	at org.springframework.web.method.support.InvocableHandlerMethod.invokeForRequest(InvocableHandlerMethod.java:188)
	at org.springframework.web.servlet.mvc.method.annotation.ServletInvocableHandlerMethod.invokeAndHandle(ServletInvocableHandlerMethod.java:118)
	at org.springframework.web.servlet.mvc.method.annotation.RequestMappingHandlerAdapter.invokeHandlerMethod(RequestMappingHandlerAdapter.java:986)
	at org.springframework.web.servlet.mvc.method.annotation.RequestMappingHandlerAdapter.handleInternal(RequestMappingHandlerAdapter.java:891)
	at org.springframework.web.servlet.mvc.method.AbstractHandlerMethodAdapter.handle(AbstractHandlerMethodAdapter.java:87)
	at org.springframework.web.servlet.DispatcherServlet.doDispatch(DispatcherServlet.java:1088)
	at org.springframework.web.servlet.DispatcherServlet.doService(DispatcherServlet.java:978)
	at org.springframework.web.servlet.FrameworkServlet.processRequest(FrameworkServlet.java:1014)
	at org.springframework.web.servlet.FrameworkServlet.doGet(FrameworkServlet.java:903)
	at jakarta.servlet.http.HttpServlet.service(HttpServlet.java:564)
	at org.springframework.web.servlet.FrameworkServlet.service(FrameworkServlet.java:885)
	at jakarta.servlet.http.HttpServlet.service(HttpServlet.java:658)
	at org.apache.catalina.core.ApplicationFilterChain.internalDoFilter(ApplicationFilterChain.java:195)
	at org.apache.catalina.core.ApplicationFilterChain.doFilter(ApplicationFilterChain.java:140)
	at org.apache.tomcat.websocket.server.WsFilter.doFilter(WsFilter.java:51)
	at org.apache.catalina.core.ApplicationFilterChain.internalDoFilter(ApplicationFilterChain.java:164)
	at org.apache.catalina.core.ApplicationFilterChain.doFilter(ApplicationFilterChain.java:140)
	at org.springframework.web.filter.RequestContextFilter.doFilterInternal(RequestContextFilter.java:100)
	at org.springframework.web.filter.OncePerRequestFilter.doFilter(OncePerRequestFilter.java:116)
	at org.apache.catalina.core.ApplicationFilterChain.internalDoFilter(ApplicationFilterChain.java:164)
	at org.apache.catalina.core.ApplicationFilterChain.doFilter(ApplicationFilterChain.java:140)
	at org.springframework.web.filter.FormContentFilter.doFilterInternal(FormContentFilter.java:93)
	at org.springframework.web.filter.OncePerRequestFilter.doFilter(OncePerRequestFilter.java:116)
	at org.apache.catalina.core.ApplicationFilterChain.internalDoFilter(ApplicationFilterChain.java:164)
	at org.apache.catalina.core.ApplicationFilterChain.doFilter(ApplicationFilterChain.java:140)
	at org.springframework.web.filter.CharacterEncodingFilter.doFilterInternal(CharacterEncodingFilter.java:201)
	at org.springframework.web.filter.OncePerRequestFilter.doFilter(OncePerRequestFilter.java:116)
	at org.apache.catalina.core.ApplicationFilterChain.internalDoFilter(ApplicationFilterChain.java:164)
	at org.apache.catalina.core.ApplicationFilterChain.doFilter(ApplicationFilterChain.java:140)
	at org.apache.catalina.core.StandardWrapperValve.invoke(StandardWrapperValve.java:167)
	at org.apache.catalina.core.StandardContextValve.invoke(StandardContextValve.java:90)
	at org.apache.catalina.authenticator.AuthenticatorBase.invoke(AuthenticatorBase.java:483)
	at org.apache.catalina.core.StandardHostValve.invoke(StandardHostValve.java:115)
	at org.apache.catalina.valves.ErrorReportValve.invoke(ErrorReportValve.java:93)
	at org.apache.catalina.core.StandardEngineValve.invoke(StandardEngineValve.java:74)
	at org.apache.catalina.connector.CoyoteAdapter.service(CoyoteAdapter.java:344)
	at org.apache.coyote.http11.Http11Processor.service(Http11Processor.java:397)
	at org.apache.coyote.AbstractProcessorLight.process(AbstractProcessorLight.java:63)
	at org.apache.coyote.AbstractProtocol$ConnectionHandler.process(AbstractProtocol.java:905)
	at org.apache.tomcat.util.net.NioEndpoint$SocketProcessor.doRun(NioEndpoint.java:1741)
	at org.apache.tomcat.util.net.SocketProcessorBase.run(SocketProcessorBase.java:52)
	at org.apache.tomcat.util.threads.ThreadPoolExecutor.runWorker(ThreadPoolExecutor.java:1190)
	at org.apache.tomcat.util.threads.ThreadPoolExecutor$Worker.run(ThreadPoolExecutor.java:659)
	at org.apache.tomcat.util.threads.TaskThread$WrappingRunnable.run(TaskThread.java:63)
	at java.base/java.lang.Thread.run(Thread.java:1583)
Caused by: co.elastic.clients.elasticsearch._types.ElasticsearchException: [es/search] failed: [parsing_exception] [size] query malformed, no start_object after query name
	at co.elastic.clients.transport.ElasticsearchTransportBase.getApiResponse(ElasticsearchTransportBase.java:345)
	at co.elastic.clients.transport.ElasticsearchTransportBase.performRequest(ElasticsearchTransportBase.java:147)
	at co.elastic.clients.elasticsearch.ElasticsearchClient.search(ElasticsearchClient.java:1965)
	at org.springframework.data.elasticsearch.client.elc.ElasticsearchTemplate.lambda$doSearch$15(ElasticsearchTemplate.java:369)
	at org.springframework.data.elasticsearch.client.elc.ElasticsearchTemplate.execute(ElasticsearchTemplate.java:702)
	... 68 common frames omitted
2024-12-04 10:33:02.916|ERROR||||||[http-nio-8009-exec-1]|c.c.c.d.i.TaskES_DAOImpl - [searchTasksByKeywords,88] - Error while searching tasks by keywords: 
org.springframework.data.elasticsearch.UncategorizedElasticsearchException: [es/search] failed: [parsing_exception] [size] query malformed, no start_object after query name
	at org.springframework.data.elasticsearch.client.elc.ElasticsearchExceptionTranslator.translateExceptionIfPossible(ElasticsearchExceptionTranslator.java:106)
	at org.springframework.data.elasticsearch.client.elc.ElasticsearchExceptionTranslator.translateException(ElasticsearchExceptionTranslator.java:65)
	at org.springframework.data.elasticsearch.client.elc.ElasticsearchTemplate.execute(ElasticsearchTemplate.java:704)
	at org.springframework.data.elasticsearch.client.elc.ElasticsearchTemplate.doSearch(ElasticsearchTemplate.java:369)
	at org.springframework.data.elasticsearch.client.elc.ElasticsearchTemplate.search(ElasticsearchTemplate.java:362)
	at org.springframework.data.elasticsearch.core.AbstractElasticsearchTemplate.search(AbstractElasticsearchTemplate.java:453)
	at com.catface_task.common.dao_es.impl.TaskES_DAOImpl.searchTasksByKeywords(TaskES_DAOImpl.java:85)
	at java.base/jdk.internal.reflect.DirectMethodHandleAccessor.invoke(DirectMethodHandleAccessor.java:103)
	at java.base/java.lang.reflect.Method.invoke(Method.java:580)
	at org.springframework.aop.support.AopUtils.invokeJoinpointUsingReflection(AopUtils.java:359)
	at org.springframework.aop.framework.ReflectiveMethodInvocation.invokeJoinpoint(ReflectiveMethodInvocation.java:196)
	at org.springframework.aop.framework.ReflectiveMethodInvocation.proceed(ReflectiveMethodInvocation.java:163)
	at org.springframework.dao.support.PersistenceExceptionTranslationInterceptor.invoke(PersistenceExceptionTranslationInterceptor.java:138)
	at org.springframework.aop.framework.ReflectiveMethodInvocation.proceed(ReflectiveMethodInvocation.java:184)
	at org.springframework.aop.framework.CglibAopProxy$DynamicAdvisedInterceptor.intercept(CglibAopProxy.java:727)
	at com.catface_task.common.dao_es.impl.TaskES_DAOImpl$$SpringCGLIB$$0.searchTasksByKeywords(<generated>)
	at com.catface_task.service.impl.TaskServiceImpl.searchByKeywords(TaskServiceImpl.java:84)
	at java.base/jdk.internal.reflect.DirectMethodHandleAccessor.invoke(DirectMethodHandleAccessor.java:103)
	at java.base/java.lang.reflect.Method.invoke(Method.java:580)
	at org.springframework.aop.support.AopUtils.invokeJoinpointUsingReflection(AopUtils.java:359)
	at org.springframework.aop.framework.CglibAopProxy$DynamicAdvisedInterceptor.intercept(CglibAopProxy.java:723)
	at com.catface_task.service.impl.TaskServiceImpl$$SpringCGLIB$$0.searchByKeywords(<generated>)
	at com.catface_task.controller.TaskController.getRecentTasks(TaskController.java:51)
	at java.base/jdk.internal.reflect.DirectMethodHandleAccessor.invoke(DirectMethodHandleAccessor.java:103)
	at java.base/java.lang.reflect.Method.invoke(Method.java:580)
	at org.springframework.web.method.support.InvocableHandlerMethod.doInvoke(InvocableHandlerMethod.java:255)
	at org.springframework.web.method.support.InvocableHandlerMethod.invokeForRequest(InvocableHandlerMethod.java:188)
	at org.springframework.web.servlet.mvc.method.annotation.ServletInvocableHandlerMethod.invokeAndHandle(ServletInvocableHandlerMethod.java:118)
	at org.springframework.web.servlet.mvc.method.annotation.RequestMappingHandlerAdapter.invokeHandlerMethod(RequestMappingHandlerAdapter.java:986)
	at org.springframework.web.servlet.mvc.method.annotation.RequestMappingHandlerAdapter.handleInternal(RequestMappingHandlerAdapter.java:891)
	at org.springframework.web.servlet.mvc.method.AbstractHandlerMethodAdapter.handle(AbstractHandlerMethodAdapter.java:87)
	at org.springframework.web.servlet.DispatcherServlet.doDispatch(DispatcherServlet.java:1088)
	at org.springframework.web.servlet.DispatcherServlet.doService(DispatcherServlet.java:978)
	at org.springframework.web.servlet.FrameworkServlet.processRequest(FrameworkServlet.java:1014)
	at org.springframework.web.servlet.FrameworkServlet.doGet(FrameworkServlet.java:903)
	at jakarta.servlet.http.HttpServlet.service(HttpServlet.java:564)
	at org.springframework.web.servlet.FrameworkServlet.service(FrameworkServlet.java:885)
	at jakarta.servlet.http.HttpServlet.service(HttpServlet.java:658)
	at org.apache.catalina.core.ApplicationFilterChain.internalDoFilter(ApplicationFilterChain.java:195)
	at org.apache.catalina.core.ApplicationFilterChain.doFilter(ApplicationFilterChain.java:140)
	at org.apache.tomcat.websocket.server.WsFilter.doFilter(WsFilter.java:51)
	at org.apache.catalina.core.ApplicationFilterChain.internalDoFilter(ApplicationFilterChain.java:164)
	at org.apache.catalina.core.ApplicationFilterChain.doFilter(ApplicationFilterChain.java:140)
	at org.springframework.web.filter.RequestContextFilter.doFilterInternal(RequestContextFilter.java:100)
	at org.springframework.web.filter.OncePerRequestFilter.doFilter(OncePerRequestFilter.java:116)
	at org.apache.catalina.core.ApplicationFilterChain.internalDoFilter(ApplicationFilterChain.java:164)
	at org.apache.catalina.core.ApplicationFilterChain.doFilter(ApplicationFilterChain.java:140)
	at org.springframework.web.filter.FormContentFilter.doFilterInternal(FormContentFilter.java:93)
	at org.springframework.web.filter.OncePerRequestFilter.doFilter(OncePerRequestFilter.java:116)
	at org.apache.catalina.core.ApplicationFilterChain.internalDoFilter(ApplicationFilterChain.java:164)
	at org.apache.catalina.core.ApplicationFilterChain.doFilter(ApplicationFilterChain.java:140)
	at org.springframework.web.filter.CharacterEncodingFilter.doFilterInternal(CharacterEncodingFilter.java:201)
	at org.springframework.web.filter.OncePerRequestFilter.doFilter(OncePerRequestFilter.java:116)
	at org.apache.catalina.core.ApplicationFilterChain.internalDoFilter(ApplicationFilterChain.java:164)
	at org.apache.catalina.core.ApplicationFilterChain.doFilter(ApplicationFilterChain.java:140)
	at org.apache.catalina.core.StandardWrapperValve.invoke(StandardWrapperValve.java:167)
	at org.apache.catalina.core.StandardContextValve.invoke(StandardContextValve.java:90)
	at org.apache.catalina.authenticator.AuthenticatorBase.invoke(AuthenticatorBase.java:483)
	at org.apache.catalina.core.StandardHostValve.invoke(StandardHostValve.java:115)
	at org.apache.catalina.valves.ErrorReportValve.invoke(ErrorReportValve.java:93)
	at org.apache.catalina.core.StandardEngineValve.invoke(StandardEngineValve.java:74)
	at org.apache.catalina.connector.CoyoteAdapter.service(CoyoteAdapter.java:344)
	at org.apache.coyote.http11.Http11Processor.service(Http11Processor.java:397)
	at org.apache.coyote.AbstractProcessorLight.process(AbstractProcessorLight.java:63)
	at org.apache.coyote.AbstractProtocol$ConnectionHandler.process(AbstractProtocol.java:905)
	at org.apache.tomcat.util.net.NioEndpoint$SocketProcessor.doRun(NioEndpoint.java:1741)
	at org.apache.tomcat.util.net.SocketProcessorBase.run(SocketProcessorBase.java:52)
	at org.apache.tomcat.util.threads.ThreadPoolExecutor.runWorker(ThreadPoolExecutor.java:1190)
	at org.apache.tomcat.util.threads.ThreadPoolExecutor$Worker.run(ThreadPoolExecutor.java:659)
	at org.apache.tomcat.util.threads.TaskThread$WrappingRunnable.run(TaskThread.java:63)
	at java.base/java.lang.Thread.run(Thread.java:1583)
Caused by: co.elastic.clients.elasticsearch._types.ElasticsearchException: [es/search] failed: [parsing_exception] [size] query malformed, no start_object after query name
	at co.elastic.clients.transport.ElasticsearchTransportBase.getApiResponse(ElasticsearchTransportBase.java:345)
	at co.elastic.clients.transport.ElasticsearchTransportBase.performRequest(ElasticsearchTransportBase.java:147)
	at co.elastic.clients.elasticsearch.ElasticsearchClient.search(ElasticsearchClient.java:1965)
	at org.springframework.data.elasticsearch.client.elc.ElasticsearchTemplate.lambda$doSearch$15(ElasticsearchTemplate.java:369)
	at org.springframework.data.elasticsearch.client.elc.ElasticsearchTemplate.execute(ElasticsearchTemplate.java:702)
	... 68 common frames omitted
2024-12-04 10:34:10.089|ERROR||||||[http-nio-8009-exec-1]|c.c.c.d.i.TaskES_DAOImpl - [searchTasksByKeywords,89] - Error while searching tasks by keywords: 
org.springframework.data.elasticsearch.UncategorizedElasticsearchException: [es/search] failed: [parsing_exception] [size] query malformed, no start_object after query name
	at org.springframework.data.elasticsearch.client.elc.ElasticsearchExceptionTranslator.translateExceptionIfPossible(ElasticsearchExceptionTranslator.java:106)
	at org.springframework.data.elasticsearch.client.elc.ElasticsearchExceptionTranslator.translateException(ElasticsearchExceptionTranslator.java:65)
	at org.springframework.data.elasticsearch.client.elc.ElasticsearchTemplate.execute(ElasticsearchTemplate.java:704)
	at org.springframework.data.elasticsearch.client.elc.ElasticsearchTemplate.doSearch(ElasticsearchTemplate.java:369)
	at org.springframework.data.elasticsearch.client.elc.ElasticsearchTemplate.search(ElasticsearchTemplate.java:362)
	at org.springframework.data.elasticsearch.core.AbstractElasticsearchTemplate.search(AbstractElasticsearchTemplate.java:453)
	at com.catface_task.common.dao_es.impl.TaskES_DAOImpl.searchTasksByKeywords(TaskES_DAOImpl.java:86)
	at java.base/jdk.internal.reflect.DirectMethodHandleAccessor.invoke(DirectMethodHandleAccessor.java:103)
	at java.base/java.lang.reflect.Method.invoke(Method.java:580)
	at org.springframework.aop.support.AopUtils.invokeJoinpointUsingReflection(AopUtils.java:359)
	at org.springframework.aop.framework.ReflectiveMethodInvocation.invokeJoinpoint(ReflectiveMethodInvocation.java:196)
	at org.springframework.aop.framework.ReflectiveMethodInvocation.proceed(ReflectiveMethodInvocation.java:163)
	at org.springframework.dao.support.PersistenceExceptionTranslationInterceptor.invoke(PersistenceExceptionTranslationInterceptor.java:138)
	at org.springframework.aop.framework.ReflectiveMethodInvocation.proceed(ReflectiveMethodInvocation.java:184)
	at org.springframework.aop.framework.CglibAopProxy$DynamicAdvisedInterceptor.intercept(CglibAopProxy.java:727)
	at com.catface_task.common.dao_es.impl.TaskES_DAOImpl$$SpringCGLIB$$0.searchTasksByKeywords(<generated>)
	at com.catface_task.service.impl.TaskServiceImpl.searchByKeywords(TaskServiceImpl.java:84)
	at java.base/jdk.internal.reflect.DirectMethodHandleAccessor.invoke(DirectMethodHandleAccessor.java:103)
	at java.base/java.lang.reflect.Method.invoke(Method.java:580)
	at org.springframework.aop.support.AopUtils.invokeJoinpointUsingReflection(AopUtils.java:359)
	at org.springframework.aop.framework.CglibAopProxy$DynamicAdvisedInterceptor.intercept(CglibAopProxy.java:723)
	at com.catface_task.service.impl.TaskServiceImpl$$SpringCGLIB$$0.searchByKeywords(<generated>)
	at com.catface_task.controller.TaskController.getRecentTasks(TaskController.java:51)
	at java.base/jdk.internal.reflect.DirectMethodHandleAccessor.invoke(DirectMethodHandleAccessor.java:103)
	at java.base/java.lang.reflect.Method.invoke(Method.java:580)
	at org.springframework.web.method.support.InvocableHandlerMethod.doInvoke(InvocableHandlerMethod.java:255)
	at org.springframework.web.method.support.InvocableHandlerMethod.invokeForRequest(InvocableHandlerMethod.java:188)
	at org.springframework.web.servlet.mvc.method.annotation.ServletInvocableHandlerMethod.invokeAndHandle(ServletInvocableHandlerMethod.java:118)
	at org.springframework.web.servlet.mvc.method.annotation.RequestMappingHandlerAdapter.invokeHandlerMethod(RequestMappingHandlerAdapter.java:986)
	at org.springframework.web.servlet.mvc.method.annotation.RequestMappingHandlerAdapter.handleInternal(RequestMappingHandlerAdapter.java:891)
	at org.springframework.web.servlet.mvc.method.AbstractHandlerMethodAdapter.handle(AbstractHandlerMethodAdapter.java:87)
	at org.springframework.web.servlet.DispatcherServlet.doDispatch(DispatcherServlet.java:1088)
	at org.springframework.web.servlet.DispatcherServlet.doService(DispatcherServlet.java:978)
	at org.springframework.web.servlet.FrameworkServlet.processRequest(FrameworkServlet.java:1014)
	at org.springframework.web.servlet.FrameworkServlet.doGet(FrameworkServlet.java:903)
	at jakarta.servlet.http.HttpServlet.service(HttpServlet.java:564)
	at org.springframework.web.servlet.FrameworkServlet.service(FrameworkServlet.java:885)
	at jakarta.servlet.http.HttpServlet.service(HttpServlet.java:658)
	at org.apache.catalina.core.ApplicationFilterChain.internalDoFilter(ApplicationFilterChain.java:195)
	at org.apache.catalina.core.ApplicationFilterChain.doFilter(ApplicationFilterChain.java:140)
	at org.apache.tomcat.websocket.server.WsFilter.doFilter(WsFilter.java:51)
	at org.apache.catalina.core.ApplicationFilterChain.internalDoFilter(ApplicationFilterChain.java:164)
	at org.apache.catalina.core.ApplicationFilterChain.doFilter(ApplicationFilterChain.java:140)
	at org.springframework.web.filter.RequestContextFilter.doFilterInternal(RequestContextFilter.java:100)
	at org.springframework.web.filter.OncePerRequestFilter.doFilter(OncePerRequestFilter.java:116)
	at org.apache.catalina.core.ApplicationFilterChain.internalDoFilter(ApplicationFilterChain.java:164)
	at org.apache.catalina.core.ApplicationFilterChain.doFilter(ApplicationFilterChain.java:140)
	at org.springframework.web.filter.FormContentFilter.doFilterInternal(FormContentFilter.java:93)
	at org.springframework.web.filter.OncePerRequestFilter.doFilter(OncePerRequestFilter.java:116)
	at org.apache.catalina.core.ApplicationFilterChain.internalDoFilter(ApplicationFilterChain.java:164)
	at org.apache.catalina.core.ApplicationFilterChain.doFilter(ApplicationFilterChain.java:140)
	at org.springframework.web.filter.CharacterEncodingFilter.doFilterInternal(CharacterEncodingFilter.java:201)
	at org.springframework.web.filter.OncePerRequestFilter.doFilter(OncePerRequestFilter.java:116)
	at org.apache.catalina.core.ApplicationFilterChain.internalDoFilter(ApplicationFilterChain.java:164)
	at org.apache.catalina.core.ApplicationFilterChain.doFilter(ApplicationFilterChain.java:140)
	at org.apache.catalina.core.StandardWrapperValve.invoke(StandardWrapperValve.java:167)
	at org.apache.catalina.core.StandardContextValve.invoke(StandardContextValve.java:90)
	at org.apache.catalina.authenticator.AuthenticatorBase.invoke(AuthenticatorBase.java:483)
	at org.apache.catalina.core.StandardHostValve.invoke(StandardHostValve.java:115)
	at org.apache.catalina.valves.ErrorReportValve.invoke(ErrorReportValve.java:93)
	at org.apache.catalina.core.StandardEngineValve.invoke(StandardEngineValve.java:74)
	at org.apache.catalina.connector.CoyoteAdapter.service(CoyoteAdapter.java:344)
	at org.apache.coyote.http11.Http11Processor.service(Http11Processor.java:397)
	at org.apache.coyote.AbstractProcessorLight.process(AbstractProcessorLight.java:63)
	at org.apache.coyote.AbstractProtocol$ConnectionHandler.process(AbstractProtocol.java:905)
	at org.apache.tomcat.util.net.NioEndpoint$SocketProcessor.doRun(NioEndpoint.java:1741)
	at org.apache.tomcat.util.net.SocketProcessorBase.run(SocketProcessorBase.java:52)
	at org.apache.tomcat.util.threads.ThreadPoolExecutor.runWorker(ThreadPoolExecutor.java:1190)
	at org.apache.tomcat.util.threads.ThreadPoolExecutor$Worker.run(ThreadPoolExecutor.java:659)
	at org.apache.tomcat.util.threads.TaskThread$WrappingRunnable.run(TaskThread.java:63)
	at java.base/java.lang.Thread.run(Thread.java:1583)
Caused by: co.elastic.clients.elasticsearch._types.ElasticsearchException: [es/search] failed: [parsing_exception] [size] query malformed, no start_object after query name
	at co.elastic.clients.transport.ElasticsearchTransportBase.getApiResponse(ElasticsearchTransportBase.java:345)
	at co.elastic.clients.transport.ElasticsearchTransportBase.performRequest(ElasticsearchTransportBase.java:147)
	at co.elastic.clients.elasticsearch.ElasticsearchClient.search(ElasticsearchClient.java:1965)
	at org.springframework.data.elasticsearch.client.elc.ElasticsearchTemplate.lambda$doSearch$15(ElasticsearchTemplate.java:369)
	at org.springframework.data.elasticsearch.client.elc.ElasticsearchTemplate.execute(ElasticsearchTemplate.java:702)
	... 68 common frames omitted
2024-12-04 10:38:37.343|ERROR||||||[http-nio-8009-exec-5]|c.c.c.d.i.TaskES_DAOImpl - [searchTasksByKeywords,62] - Error while searching tasks by keywords: 
org.springframework.data.elasticsearch.UncategorizedElasticsearchException: [es/search] failed: [parsing_exception] [size] query malformed, no start_object after query name
	at org.springframework.data.elasticsearch.client.elc.ElasticsearchExceptionTranslator.translateExceptionIfPossible(ElasticsearchExceptionTranslator.java:106)
	at org.springframework.data.elasticsearch.client.elc.ElasticsearchExceptionTranslator.translateException(ElasticsearchExceptionTranslator.java:65)
	at org.springframework.data.elasticsearch.client.elc.ElasticsearchTemplate.execute(ElasticsearchTemplate.java:704)
	at org.springframework.data.elasticsearch.client.elc.ElasticsearchTemplate.doSearch(ElasticsearchTemplate.java:369)
	at org.springframework.data.elasticsearch.client.elc.ElasticsearchTemplate.search(ElasticsearchTemplate.java:362)
	at org.springframework.data.elasticsearch.core.AbstractElasticsearchTemplate.search(AbstractElasticsearchTemplate.java:453)
	at com.catface_task.common.dao_es.impl.TaskES_DAOImpl.searchTasksByKeywords(TaskES_DAOImpl.java:59)
	at java.base/jdk.internal.reflect.DirectMethodHandleAccessor.invoke(DirectMethodHandleAccessor.java:103)
	at java.base/java.lang.reflect.Method.invoke(Method.java:580)
	at org.springframework.aop.support.AopUtils.invokeJoinpointUsingReflection(AopUtils.java:359)
	at org.springframework.aop.framework.ReflectiveMethodInvocation.invokeJoinpoint(ReflectiveMethodInvocation.java:196)
	at org.springframework.aop.framework.ReflectiveMethodInvocation.proceed(ReflectiveMethodInvocation.java:163)
	at org.springframework.dao.support.PersistenceExceptionTranslationInterceptor.invoke(PersistenceExceptionTranslationInterceptor.java:138)
	at org.springframework.aop.framework.ReflectiveMethodInvocation.proceed(ReflectiveMethodInvocation.java:184)
	at org.springframework.aop.framework.CglibAopProxy$DynamicAdvisedInterceptor.intercept(CglibAopProxy.java:727)
	at com.catface_task.common.dao_es.impl.TaskES_DAOImpl$$SpringCGLIB$$0.searchTasksByKeywords(<generated>)
	at com.catface_task.service.impl.TaskServiceImpl.searchByKeywords(TaskServiceImpl.java:84)
	at java.base/jdk.internal.reflect.DirectMethodHandleAccessor.invoke(DirectMethodHandleAccessor.java:103)
	at java.base/java.lang.reflect.Method.invoke(Method.java:580)
	at org.springframework.aop.support.AopUtils.invokeJoinpointUsingReflection(AopUtils.java:359)
	at org.springframework.aop.framework.CglibAopProxy$DynamicAdvisedInterceptor.intercept(CglibAopProxy.java:723)
	at com.catface_task.service.impl.TaskServiceImpl$$SpringCGLIB$$0.searchByKeywords(<generated>)
	at com.catface_task.controller.TaskController.getRecentTasks(TaskController.java:51)
	at java.base/jdk.internal.reflect.DirectMethodHandleAccessor.invoke(DirectMethodHandleAccessor.java:103)
	at java.base/java.lang.reflect.Method.invoke(Method.java:580)
	at org.springframework.web.method.support.InvocableHandlerMethod.doInvoke(InvocableHandlerMethod.java:255)
	at org.springframework.web.method.support.InvocableHandlerMethod.invokeForRequest(InvocableHandlerMethod.java:188)
	at org.springframework.web.servlet.mvc.method.annotation.ServletInvocableHandlerMethod.invokeAndHandle(ServletInvocableHandlerMethod.java:118)
	at org.springframework.web.servlet.mvc.method.annotation.RequestMappingHandlerAdapter.invokeHandlerMethod(RequestMappingHandlerAdapter.java:986)
	at org.springframework.web.servlet.mvc.method.annotation.RequestMappingHandlerAdapter.handleInternal(RequestMappingHandlerAdapter.java:891)
	at org.springframework.web.servlet.mvc.method.AbstractHandlerMethodAdapter.handle(AbstractHandlerMethodAdapter.java:87)
	at org.springframework.web.servlet.DispatcherServlet.doDispatch(DispatcherServlet.java:1088)
	at org.springframework.web.servlet.DispatcherServlet.doService(DispatcherServlet.java:978)
	at org.springframework.web.servlet.FrameworkServlet.processRequest(FrameworkServlet.java:1014)
	at org.springframework.web.servlet.FrameworkServlet.doGet(FrameworkServlet.java:903)
	at jakarta.servlet.http.HttpServlet.service(HttpServlet.java:564)
	at org.springframework.web.servlet.FrameworkServlet.service(FrameworkServlet.java:885)
	at jakarta.servlet.http.HttpServlet.service(HttpServlet.java:658)
	at org.apache.catalina.core.ApplicationFilterChain.internalDoFilter(ApplicationFilterChain.java:195)
	at org.apache.catalina.core.ApplicationFilterChain.doFilter(ApplicationFilterChain.java:140)
	at org.apache.tomcat.websocket.server.WsFilter.doFilter(WsFilter.java:51)
	at org.apache.catalina.core.ApplicationFilterChain.internalDoFilter(ApplicationFilterChain.java:164)
	at org.apache.catalina.core.ApplicationFilterChain.doFilter(ApplicationFilterChain.java:140)
	at org.springframework.web.filter.RequestContextFilter.doFilterInternal(RequestContextFilter.java:100)
	at org.springframework.web.filter.OncePerRequestFilter.doFilter(OncePerRequestFilter.java:116)
	at org.apache.catalina.core.ApplicationFilterChain.internalDoFilter(ApplicationFilterChain.java:164)
	at org.apache.catalina.core.ApplicationFilterChain.doFilter(ApplicationFilterChain.java:140)
	at org.springframework.web.filter.FormContentFilter.doFilterInternal(FormContentFilter.java:93)
	at org.springframework.web.filter.OncePerRequestFilter.doFilter(OncePerRequestFilter.java:116)
	at org.apache.catalina.core.ApplicationFilterChain.internalDoFilter(ApplicationFilterChain.java:164)
	at org.apache.catalina.core.ApplicationFilterChain.doFilter(ApplicationFilterChain.java:140)
	at org.springframework.web.filter.CharacterEncodingFilter.doFilterInternal(CharacterEncodingFilter.java:201)
	at org.springframework.web.filter.OncePerRequestFilter.doFilter(OncePerRequestFilter.java:116)
	at org.apache.catalina.core.ApplicationFilterChain.internalDoFilter(ApplicationFilterChain.java:164)
	at org.apache.catalina.core.ApplicationFilterChain.doFilter(ApplicationFilterChain.java:140)
	at org.apache.catalina.core.StandardWrapperValve.invoke(StandardWrapperValve.java:167)
	at org.apache.catalina.core.StandardContextValve.invoke(StandardContextValve.java:90)
	at org.apache.catalina.authenticator.AuthenticatorBase.invoke(AuthenticatorBase.java:483)
	at org.apache.catalina.core.StandardHostValve.invoke(StandardHostValve.java:115)
	at org.apache.catalina.valves.ErrorReportValve.invoke(ErrorReportValve.java:93)
	at org.apache.catalina.core.StandardEngineValve.invoke(StandardEngineValve.java:74)
	at org.apache.catalina.connector.CoyoteAdapter.service(CoyoteAdapter.java:344)
	at org.apache.coyote.http11.Http11Processor.service(Http11Processor.java:397)
	at org.apache.coyote.AbstractProcessorLight.process(AbstractProcessorLight.java:63)
	at org.apache.coyote.AbstractProtocol$ConnectionHandler.process(AbstractProtocol.java:905)
	at org.apache.tomcat.util.net.NioEndpoint$SocketProcessor.doRun(NioEndpoint.java:1741)
	at org.apache.tomcat.util.net.SocketProcessorBase.run(SocketProcessorBase.java:52)
	at org.apache.tomcat.util.threads.ThreadPoolExecutor.runWorker(ThreadPoolExecutor.java:1190)
	at org.apache.tomcat.util.threads.ThreadPoolExecutor$Worker.run(ThreadPoolExecutor.java:659)
	at org.apache.tomcat.util.threads.TaskThread$WrappingRunnable.run(TaskThread.java:63)
	at java.base/java.lang.Thread.run(Thread.java:1583)
Caused by: co.elastic.clients.elasticsearch._types.ElasticsearchException: [es/search] failed: [parsing_exception] [size] query malformed, no start_object after query name
	at co.elastic.clients.transport.ElasticsearchTransportBase.getApiResponse(ElasticsearchTransportBase.java:345)
	at co.elastic.clients.transport.ElasticsearchTransportBase.performRequest(ElasticsearchTransportBase.java:147)
	at co.elastic.clients.elasticsearch.ElasticsearchClient.search(ElasticsearchClient.java:1965)
	at org.springframework.data.elasticsearch.client.elc.ElasticsearchTemplate.lambda$doSearch$15(ElasticsearchTemplate.java:369)
	at org.springframework.data.elasticsearch.client.elc.ElasticsearchTemplate.execute(ElasticsearchTemplate.java:702)
	... 68 common frames omitted
2024-12-04 10:39:22.325|ERROR||||||[http-nio-8009-exec-1]|c.c.c.d.i.TaskES_DAOImpl - [searchTasksByKeywords,62] - Error while searching tasks by keywords: 
org.springframework.data.elasticsearch.UncategorizedElasticsearchException: [es/search] failed: [parsing_exception] [size] query malformed, no start_object after query name
	at org.springframework.data.elasticsearch.client.elc.ElasticsearchExceptionTranslator.translateExceptionIfPossible(ElasticsearchExceptionTranslator.java:106)
	at org.springframework.data.elasticsearch.client.elc.ElasticsearchExceptionTranslator.translateException(ElasticsearchExceptionTranslator.java:65)
	at org.springframework.data.elasticsearch.client.elc.ElasticsearchTemplate.execute(ElasticsearchTemplate.java:704)
	at org.springframework.data.elasticsearch.client.elc.ElasticsearchTemplate.doSearch(ElasticsearchTemplate.java:369)
	at org.springframework.data.elasticsearch.client.elc.ElasticsearchTemplate.search(ElasticsearchTemplate.java:362)
	at org.springframework.data.elasticsearch.core.AbstractElasticsearchTemplate.search(AbstractElasticsearchTemplate.java:453)
	at com.catface_task.common.dao_es.impl.TaskES_DAOImpl.searchTasksByKeywords(TaskES_DAOImpl.java:59)
	at java.base/jdk.internal.reflect.DirectMethodHandleAccessor.invoke(DirectMethodHandleAccessor.java:103)
	at java.base/java.lang.reflect.Method.invoke(Method.java:580)
	at org.springframework.aop.support.AopUtils.invokeJoinpointUsingReflection(AopUtils.java:359)
	at org.springframework.aop.framework.ReflectiveMethodInvocation.invokeJoinpoint(ReflectiveMethodInvocation.java:196)
	at org.springframework.aop.framework.ReflectiveMethodInvocation.proceed(ReflectiveMethodInvocation.java:163)
	at org.springframework.dao.support.PersistenceExceptionTranslationInterceptor.invoke(PersistenceExceptionTranslationInterceptor.java:138)
	at org.springframework.aop.framework.ReflectiveMethodInvocation.proceed(ReflectiveMethodInvocation.java:184)
	at org.springframework.aop.framework.CglibAopProxy$DynamicAdvisedInterceptor.intercept(CglibAopProxy.java:727)
	at com.catface_task.common.dao_es.impl.TaskES_DAOImpl$$SpringCGLIB$$0.searchTasksByKeywords(<generated>)
	at com.catface_task.service.impl.TaskServiceImpl.searchByKeywords(TaskServiceImpl.java:84)
	at java.base/jdk.internal.reflect.DirectMethodHandleAccessor.invoke(DirectMethodHandleAccessor.java:103)
	at java.base/java.lang.reflect.Method.invoke(Method.java:580)
	at org.springframework.aop.support.AopUtils.invokeJoinpointUsingReflection(AopUtils.java:359)
	at org.springframework.aop.framework.CglibAopProxy$DynamicAdvisedInterceptor.intercept(CglibAopProxy.java:723)
	at com.catface_task.service.impl.TaskServiceImpl$$SpringCGLIB$$0.searchByKeywords(<generated>)
	at com.catface_task.controller.TaskController.getRecentTasks(TaskController.java:51)
	at java.base/jdk.internal.reflect.DirectMethodHandleAccessor.invoke(DirectMethodHandleAccessor.java:103)
	at java.base/java.lang.reflect.Method.invoke(Method.java:580)
	at org.springframework.web.method.support.InvocableHandlerMethod.doInvoke(InvocableHandlerMethod.java:255)
	at org.springframework.web.method.support.InvocableHandlerMethod.invokeForRequest(InvocableHandlerMethod.java:188)
	at org.springframework.web.servlet.mvc.method.annotation.ServletInvocableHandlerMethod.invokeAndHandle(ServletInvocableHandlerMethod.java:118)
	at org.springframework.web.servlet.mvc.method.annotation.RequestMappingHandlerAdapter.invokeHandlerMethod(RequestMappingHandlerAdapter.java:986)
	at org.springframework.web.servlet.mvc.method.annotation.RequestMappingHandlerAdapter.handleInternal(RequestMappingHandlerAdapter.java:891)
	at org.springframework.web.servlet.mvc.method.AbstractHandlerMethodAdapter.handle(AbstractHandlerMethodAdapter.java:87)
	at org.springframework.web.servlet.DispatcherServlet.doDispatch(DispatcherServlet.java:1088)
	at org.springframework.web.servlet.DispatcherServlet.doService(DispatcherServlet.java:978)
	at org.springframework.web.servlet.FrameworkServlet.processRequest(FrameworkServlet.java:1014)
	at org.springframework.web.servlet.FrameworkServlet.doGet(FrameworkServlet.java:903)
	at jakarta.servlet.http.HttpServlet.service(HttpServlet.java:564)
	at org.springframework.web.servlet.FrameworkServlet.service(FrameworkServlet.java:885)
	at jakarta.servlet.http.HttpServlet.service(HttpServlet.java:658)
	at org.apache.catalina.core.ApplicationFilterChain.internalDoFilter(ApplicationFilterChain.java:195)
	at org.apache.catalina.core.ApplicationFilterChain.doFilter(ApplicationFilterChain.java:140)
	at org.apache.tomcat.websocket.server.WsFilter.doFilter(WsFilter.java:51)
	at org.apache.catalina.core.ApplicationFilterChain.internalDoFilter(ApplicationFilterChain.java:164)
	at org.apache.catalina.core.ApplicationFilterChain.doFilter(ApplicationFilterChain.java:140)
	at org.springframework.web.filter.RequestContextFilter.doFilterInternal(RequestContextFilter.java:100)
	at org.springframework.web.filter.OncePerRequestFilter.doFilter(OncePerRequestFilter.java:116)
	at org.apache.catalina.core.ApplicationFilterChain.internalDoFilter(ApplicationFilterChain.java:164)
	at org.apache.catalina.core.ApplicationFilterChain.doFilter(ApplicationFilterChain.java:140)
	at org.springframework.web.filter.FormContentFilter.doFilterInternal(FormContentFilter.java:93)
	at org.springframework.web.filter.OncePerRequestFilter.doFilter(OncePerRequestFilter.java:116)
	at org.apache.catalina.core.ApplicationFilterChain.internalDoFilter(ApplicationFilterChain.java:164)
	at org.apache.catalina.core.ApplicationFilterChain.doFilter(ApplicationFilterChain.java:140)
	at org.springframework.web.filter.CharacterEncodingFilter.doFilterInternal(CharacterEncodingFilter.java:201)
	at org.springframework.web.filter.OncePerRequestFilter.doFilter(OncePerRequestFilter.java:116)
	at org.apache.catalina.core.ApplicationFilterChain.internalDoFilter(ApplicationFilterChain.java:164)
	at org.apache.catalina.core.ApplicationFilterChain.doFilter(ApplicationFilterChain.java:140)
	at org.apache.catalina.core.StandardWrapperValve.invoke(StandardWrapperValve.java:167)
	at org.apache.catalina.core.StandardContextValve.invoke(StandardContextValve.java:90)
	at org.apache.catalina.authenticator.AuthenticatorBase.invoke(AuthenticatorBase.java:483)
	at org.apache.catalina.core.StandardHostValve.invoke(StandardHostValve.java:115)
	at org.apache.catalina.valves.ErrorReportValve.invoke(ErrorReportValve.java:93)
	at org.apache.catalina.core.StandardEngineValve.invoke(StandardEngineValve.java:74)
	at org.apache.catalina.connector.CoyoteAdapter.service(CoyoteAdapter.java:344)
	at org.apache.coyote.http11.Http11Processor.service(Http11Processor.java:397)
	at org.apache.coyote.AbstractProcessorLight.process(AbstractProcessorLight.java:63)
	at org.apache.coyote.AbstractProtocol$ConnectionHandler.process(AbstractProtocol.java:905)
	at org.apache.tomcat.util.net.NioEndpoint$SocketProcessor.doRun(NioEndpoint.java:1741)
	at org.apache.tomcat.util.net.SocketProcessorBase.run(SocketProcessorBase.java:52)
	at org.apache.tomcat.util.threads.ThreadPoolExecutor.runWorker(ThreadPoolExecutor.java:1190)
	at org.apache.tomcat.util.threads.ThreadPoolExecutor$Worker.run(ThreadPoolExecutor.java:659)
	at org.apache.tomcat.util.threads.TaskThread$WrappingRunnable.run(TaskThread.java:63)
	at java.base/java.lang.Thread.run(Thread.java:1583)
Caused by: co.elastic.clients.elasticsearch._types.ElasticsearchException: [es/search] failed: [parsing_exception] [size] query malformed, no start_object after query name
	at co.elastic.clients.transport.ElasticsearchTransportBase.getApiResponse(ElasticsearchTransportBase.java:345)
	at co.elastic.clients.transport.ElasticsearchTransportBase.performRequest(ElasticsearchTransportBase.java:147)
	at co.elastic.clients.elasticsearch.ElasticsearchClient.search(ElasticsearchClient.java:1965)
	at org.springframework.data.elasticsearch.client.elc.ElasticsearchTemplate.lambda$doSearch$15(ElasticsearchTemplate.java:369)
	at org.springframework.data.elasticsearch.client.elc.ElasticsearchTemplate.execute(ElasticsearchTemplate.java:702)
	... 68 common frames omitted
2024-12-04 10:40:42.539|ERROR||||||[http-nio-8009-exec-1]|c.c.c.d.i.TaskES_DAOImpl - [searchTasksByKeywords,62] - Error while searching tasks by keywords: 
org.springframework.data.elasticsearch.UncategorizedElasticsearchException: [es/search] failed: [parsing_exception] [size] query malformed, no start_object after query name
	at org.springframework.data.elasticsearch.client.elc.ElasticsearchExceptionTranslator.translateExceptionIfPossible(ElasticsearchExceptionTranslator.java:106)
	at org.springframework.data.elasticsearch.client.elc.ElasticsearchExceptionTranslator.translateException(ElasticsearchExceptionTranslator.java:65)
	at org.springframework.data.elasticsearch.client.elc.ElasticsearchTemplate.execute(ElasticsearchTemplate.java:704)
	at org.springframework.data.elasticsearch.client.elc.ElasticsearchTemplate.doSearch(ElasticsearchTemplate.java:369)
	at org.springframework.data.elasticsearch.client.elc.ElasticsearchTemplate.search(ElasticsearchTemplate.java:362)
	at org.springframework.data.elasticsearch.core.AbstractElasticsearchTemplate.search(AbstractElasticsearchTemplate.java:453)
	at com.catface_task.common.dao_es.impl.TaskES_DAOImpl.searchTasksByKeywords(TaskES_DAOImpl.java:59)
	at java.base/jdk.internal.reflect.DirectMethodHandleAccessor.invoke(DirectMethodHandleAccessor.java:103)
	at java.base/java.lang.reflect.Method.invoke(Method.java:580)
	at org.springframework.aop.support.AopUtils.invokeJoinpointUsingReflection(AopUtils.java:359)
	at org.springframework.aop.framework.ReflectiveMethodInvocation.invokeJoinpoint(ReflectiveMethodInvocation.java:196)
	at org.springframework.aop.framework.ReflectiveMethodInvocation.proceed(ReflectiveMethodInvocation.java:163)
	at org.springframework.dao.support.PersistenceExceptionTranslationInterceptor.invoke(PersistenceExceptionTranslationInterceptor.java:138)
	at org.springframework.aop.framework.ReflectiveMethodInvocation.proceed(ReflectiveMethodInvocation.java:184)
	at org.springframework.aop.framework.CglibAopProxy$DynamicAdvisedInterceptor.intercept(CglibAopProxy.java:727)
	at com.catface_task.common.dao_es.impl.TaskES_DAOImpl$$SpringCGLIB$$0.searchTasksByKeywords(<generated>)
	at com.catface_task.service.impl.TaskServiceImpl.searchByKeywords(TaskServiceImpl.java:84)
	at java.base/jdk.internal.reflect.DirectMethodHandleAccessor.invoke(DirectMethodHandleAccessor.java:103)
	at java.base/java.lang.reflect.Method.invoke(Method.java:580)
	at org.springframework.aop.support.AopUtils.invokeJoinpointUsingReflection(AopUtils.java:359)
	at org.springframework.aop.framework.CglibAopProxy$DynamicAdvisedInterceptor.intercept(CglibAopProxy.java:723)
	at com.catface_task.service.impl.TaskServiceImpl$$SpringCGLIB$$0.searchByKeywords(<generated>)
	at com.catface_task.controller.TaskController.getRecentTasks(TaskController.java:51)
	at java.base/jdk.internal.reflect.DirectMethodHandleAccessor.invoke(DirectMethodHandleAccessor.java:103)
	at java.base/java.lang.reflect.Method.invoke(Method.java:580)
	at org.springframework.web.method.support.InvocableHandlerMethod.doInvoke(InvocableHandlerMethod.java:255)
	at org.springframework.web.method.support.InvocableHandlerMethod.invokeForRequest(InvocableHandlerMethod.java:188)
	at org.springframework.web.servlet.mvc.method.annotation.ServletInvocableHandlerMethod.invokeAndHandle(ServletInvocableHandlerMethod.java:118)
	at org.springframework.web.servlet.mvc.method.annotation.RequestMappingHandlerAdapter.invokeHandlerMethod(RequestMappingHandlerAdapter.java:986)
	at org.springframework.web.servlet.mvc.method.annotation.RequestMappingHandlerAdapter.handleInternal(RequestMappingHandlerAdapter.java:891)
	at org.springframework.web.servlet.mvc.method.AbstractHandlerMethodAdapter.handle(AbstractHandlerMethodAdapter.java:87)
	at org.springframework.web.servlet.DispatcherServlet.doDispatch(DispatcherServlet.java:1088)
	at org.springframework.web.servlet.DispatcherServlet.doService(DispatcherServlet.java:978)
	at org.springframework.web.servlet.FrameworkServlet.processRequest(FrameworkServlet.java:1014)
	at org.springframework.web.servlet.FrameworkServlet.doGet(FrameworkServlet.java:903)
	at jakarta.servlet.http.HttpServlet.service(HttpServlet.java:564)
	at org.springframework.web.servlet.FrameworkServlet.service(FrameworkServlet.java:885)
	at jakarta.servlet.http.HttpServlet.service(HttpServlet.java:658)
	at org.apache.catalina.core.ApplicationFilterChain.internalDoFilter(ApplicationFilterChain.java:195)
	at org.apache.catalina.core.ApplicationFilterChain.doFilter(ApplicationFilterChain.java:140)
	at org.apache.tomcat.websocket.server.WsFilter.doFilter(WsFilter.java:51)
	at org.apache.catalina.core.ApplicationFilterChain.internalDoFilter(ApplicationFilterChain.java:164)
	at org.apache.catalina.core.ApplicationFilterChain.doFilter(ApplicationFilterChain.java:140)
	at org.springframework.web.filter.RequestContextFilter.doFilterInternal(RequestContextFilter.java:100)
	at org.springframework.web.filter.OncePerRequestFilter.doFilter(OncePerRequestFilter.java:116)
	at org.apache.catalina.core.ApplicationFilterChain.internalDoFilter(ApplicationFilterChain.java:164)
	at org.apache.catalina.core.ApplicationFilterChain.doFilter(ApplicationFilterChain.java:140)
	at org.springframework.web.filter.FormContentFilter.doFilterInternal(FormContentFilter.java:93)
	at org.springframework.web.filter.OncePerRequestFilter.doFilter(OncePerRequestFilter.java:116)
	at org.apache.catalina.core.ApplicationFilterChain.internalDoFilter(ApplicationFilterChain.java:164)
	at org.apache.catalina.core.ApplicationFilterChain.doFilter(ApplicationFilterChain.java:140)
	at org.springframework.web.filter.CharacterEncodingFilter.doFilterInternal(CharacterEncodingFilter.java:201)
	at org.springframework.web.filter.OncePerRequestFilter.doFilter(OncePerRequestFilter.java:116)
	at org.apache.catalina.core.ApplicationFilterChain.internalDoFilter(ApplicationFilterChain.java:164)
	at org.apache.catalina.core.ApplicationFilterChain.doFilter(ApplicationFilterChain.java:140)
	at org.apache.catalina.core.StandardWrapperValve.invoke(StandardWrapperValve.java:167)
	at org.apache.catalina.core.StandardContextValve.invoke(StandardContextValve.java:90)
	at org.apache.catalina.authenticator.AuthenticatorBase.invoke(AuthenticatorBase.java:483)
	at org.apache.catalina.core.StandardHostValve.invoke(StandardHostValve.java:115)
	at org.apache.catalina.valves.ErrorReportValve.invoke(ErrorReportValve.java:93)
	at org.apache.catalina.core.StandardEngineValve.invoke(StandardEngineValve.java:74)
	at org.apache.catalina.connector.CoyoteAdapter.service(CoyoteAdapter.java:344)
	at org.apache.coyote.http11.Http11Processor.service(Http11Processor.java:397)
	at org.apache.coyote.AbstractProcessorLight.process(AbstractProcessorLight.java:63)
	at org.apache.coyote.AbstractProtocol$ConnectionHandler.process(AbstractProtocol.java:905)
	at org.apache.tomcat.util.net.NioEndpoint$SocketProcessor.doRun(NioEndpoint.java:1741)
	at org.apache.tomcat.util.net.SocketProcessorBase.run(SocketProcessorBase.java:52)
	at org.apache.tomcat.util.threads.ThreadPoolExecutor.runWorker(ThreadPoolExecutor.java:1190)
	at org.apache.tomcat.util.threads.ThreadPoolExecutor$Worker.run(ThreadPoolExecutor.java:659)
	at org.apache.tomcat.util.threads.TaskThread$WrappingRunnable.run(TaskThread.java:63)
	at java.base/java.lang.Thread.run(Thread.java:1583)
Caused by: co.elastic.clients.elasticsearch._types.ElasticsearchException: [es/search] failed: [parsing_exception] [size] query malformed, no start_object after query name
	at co.elastic.clients.transport.ElasticsearchTransportBase.getApiResponse(ElasticsearchTransportBase.java:345)
	at co.elastic.clients.transport.ElasticsearchTransportBase.performRequest(ElasticsearchTransportBase.java:147)
	at co.elastic.clients.elasticsearch.ElasticsearchClient.search(ElasticsearchClient.java:1965)
	at org.springframework.data.elasticsearch.client.elc.ElasticsearchTemplate.lambda$doSearch$15(ElasticsearchTemplate.java:369)
	at org.springframework.data.elasticsearch.client.elc.ElasticsearchTemplate.execute(ElasticsearchTemplate.java:702)
	... 68 common frames omitted
2024-12-04 10:41:50.618|ERROR||||||[http-nio-8009-exec-2]|c.c.c.d.i.TaskES_DAOImpl - [searchTasksByKeywords,62] - Error while searching tasks by keywords: 
org.springframework.data.elasticsearch.UncategorizedElasticsearchException: [es/search] failed: [parsing_exception] [size] query malformed, no start_object after query name
	at org.springframework.data.elasticsearch.client.elc.ElasticsearchExceptionTranslator.translateExceptionIfPossible(ElasticsearchExceptionTranslator.java:106)
	at org.springframework.data.elasticsearch.client.elc.ElasticsearchExceptionTranslator.translateException(ElasticsearchExceptionTranslator.java:65)
	at org.springframework.data.elasticsearch.client.elc.ElasticsearchTemplate.execute(ElasticsearchTemplate.java:704)
	at org.springframework.data.elasticsearch.client.elc.ElasticsearchTemplate.doSearch(ElasticsearchTemplate.java:369)
	at org.springframework.data.elasticsearch.client.elc.ElasticsearchTemplate.search(ElasticsearchTemplate.java:362)
	at org.springframework.data.elasticsearch.core.AbstractElasticsearchTemplate.search(AbstractElasticsearchTemplate.java:453)
	at com.catface_task.common.dao_es.impl.TaskES_DAOImpl.searchTasksByKeywords(TaskES_DAOImpl.java:59)
	at java.base/jdk.internal.reflect.DirectMethodHandleAccessor.invoke(DirectMethodHandleAccessor.java:103)
	at java.base/java.lang.reflect.Method.invoke(Method.java:580)
	at org.springframework.aop.support.AopUtils.invokeJoinpointUsingReflection(AopUtils.java:359)
	at org.springframework.aop.framework.ReflectiveMethodInvocation.invokeJoinpoint(ReflectiveMethodInvocation.java:196)
	at org.springframework.aop.framework.ReflectiveMethodInvocation.proceed(ReflectiveMethodInvocation.java:163)
	at org.springframework.dao.support.PersistenceExceptionTranslationInterceptor.invoke(PersistenceExceptionTranslationInterceptor.java:138)
	at org.springframework.aop.framework.ReflectiveMethodInvocation.proceed(ReflectiveMethodInvocation.java:184)
	at org.springframework.aop.framework.CglibAopProxy$DynamicAdvisedInterceptor.intercept(CglibAopProxy.java:727)
	at com.catface_task.common.dao_es.impl.TaskES_DAOImpl$$SpringCGLIB$$0.searchTasksByKeywords(<generated>)
	at com.catface_task.service.impl.TaskServiceImpl.searchByKeywords(TaskServiceImpl.java:84)
	at java.base/jdk.internal.reflect.DirectMethodHandleAccessor.invoke(DirectMethodHandleAccessor.java:103)
	at java.base/java.lang.reflect.Method.invoke(Method.java:580)
	at org.springframework.aop.support.AopUtils.invokeJoinpointUsingReflection(AopUtils.java:359)
	at org.springframework.aop.framework.CglibAopProxy$DynamicAdvisedInterceptor.intercept(CglibAopProxy.java:723)
	at com.catface_task.service.impl.TaskServiceImpl$$SpringCGLIB$$0.searchByKeywords(<generated>)
	at com.catface_task.controller.TaskController.getRecentTasks(TaskController.java:51)
	at java.base/jdk.internal.reflect.DirectMethodHandleAccessor.invoke(DirectMethodHandleAccessor.java:103)
	at java.base/java.lang.reflect.Method.invoke(Method.java:580)
	at org.springframework.web.method.support.InvocableHandlerMethod.doInvoke(InvocableHandlerMethod.java:255)
	at org.springframework.web.method.support.InvocableHandlerMethod.invokeForRequest(InvocableHandlerMethod.java:188)
	at org.springframework.web.servlet.mvc.method.annotation.ServletInvocableHandlerMethod.invokeAndHandle(ServletInvocableHandlerMethod.java:118)
	at org.springframework.web.servlet.mvc.method.annotation.RequestMappingHandlerAdapter.invokeHandlerMethod(RequestMappingHandlerAdapter.java:986)
	at org.springframework.web.servlet.mvc.method.annotation.RequestMappingHandlerAdapter.handleInternal(RequestMappingHandlerAdapter.java:891)
	at org.springframework.web.servlet.mvc.method.AbstractHandlerMethodAdapter.handle(AbstractHandlerMethodAdapter.java:87)
	at org.springframework.web.servlet.DispatcherServlet.doDispatch(DispatcherServlet.java:1088)
	at org.springframework.web.servlet.DispatcherServlet.doService(DispatcherServlet.java:978)
	at org.springframework.web.servlet.FrameworkServlet.processRequest(FrameworkServlet.java:1014)
	at org.springframework.web.servlet.FrameworkServlet.doGet(FrameworkServlet.java:903)
	at jakarta.servlet.http.HttpServlet.service(HttpServlet.java:564)
	at org.springframework.web.servlet.FrameworkServlet.service(FrameworkServlet.java:885)
	at jakarta.servlet.http.HttpServlet.service(HttpServlet.java:658)
	at org.apache.catalina.core.ApplicationFilterChain.internalDoFilter(ApplicationFilterChain.java:195)
	at org.apache.catalina.core.ApplicationFilterChain.doFilter(ApplicationFilterChain.java:140)
	at org.apache.tomcat.websocket.server.WsFilter.doFilter(WsFilter.java:51)
	at org.apache.catalina.core.ApplicationFilterChain.internalDoFilter(ApplicationFilterChain.java:164)
	at org.apache.catalina.core.ApplicationFilterChain.doFilter(ApplicationFilterChain.java:140)
	at org.springframework.web.filter.RequestContextFilter.doFilterInternal(RequestContextFilter.java:100)
	at org.springframework.web.filter.OncePerRequestFilter.doFilter(OncePerRequestFilter.java:116)
	at org.apache.catalina.core.ApplicationFilterChain.internalDoFilter(ApplicationFilterChain.java:164)
	at org.apache.catalina.core.ApplicationFilterChain.doFilter(ApplicationFilterChain.java:140)
	at org.springframework.web.filter.FormContentFilter.doFilterInternal(FormContentFilter.java:93)
	at org.springframework.web.filter.OncePerRequestFilter.doFilter(OncePerRequestFilter.java:116)
	at org.apache.catalina.core.ApplicationFilterChain.internalDoFilter(ApplicationFilterChain.java:164)
	at org.apache.catalina.core.ApplicationFilterChain.doFilter(ApplicationFilterChain.java:140)
	at org.springframework.web.filter.CharacterEncodingFilter.doFilterInternal(CharacterEncodingFilter.java:201)
	at org.springframework.web.filter.OncePerRequestFilter.doFilter(OncePerRequestFilter.java:116)
	at org.apache.catalina.core.ApplicationFilterChain.internalDoFilter(ApplicationFilterChain.java:164)
	at org.apache.catalina.core.ApplicationFilterChain.doFilter(ApplicationFilterChain.java:140)
	at org.apache.catalina.core.StandardWrapperValve.invoke(StandardWrapperValve.java:167)
	at org.apache.catalina.core.StandardContextValve.invoke(StandardContextValve.java:90)
	at org.apache.catalina.authenticator.AuthenticatorBase.invoke(AuthenticatorBase.java:483)
	at org.apache.catalina.core.StandardHostValve.invoke(StandardHostValve.java:115)
	at org.apache.catalina.valves.ErrorReportValve.invoke(ErrorReportValve.java:93)
	at org.apache.catalina.core.StandardEngineValve.invoke(StandardEngineValve.java:74)
	at org.apache.catalina.connector.CoyoteAdapter.service(CoyoteAdapter.java:344)
	at org.apache.coyote.http11.Http11Processor.service(Http11Processor.java:397)
	at org.apache.coyote.AbstractProcessorLight.process(AbstractProcessorLight.java:63)
	at org.apache.coyote.AbstractProtocol$ConnectionHandler.process(AbstractProtocol.java:905)
	at org.apache.tomcat.util.net.NioEndpoint$SocketProcessor.doRun(NioEndpoint.java:1741)
	at org.apache.tomcat.util.net.SocketProcessorBase.run(SocketProcessorBase.java:52)
	at org.apache.tomcat.util.threads.ThreadPoolExecutor.runWorker(ThreadPoolExecutor.java:1190)
	at org.apache.tomcat.util.threads.ThreadPoolExecutor$Worker.run(ThreadPoolExecutor.java:659)
	at org.apache.tomcat.util.threads.TaskThread$WrappingRunnable.run(TaskThread.java:63)
	at java.base/java.lang.Thread.run(Thread.java:1583)
Caused by: co.elastic.clients.elasticsearch._types.ElasticsearchException: [es/search] failed: [parsing_exception] [size] query malformed, no start_object after query name
	at co.elastic.clients.transport.ElasticsearchTransportBase.getApiResponse(ElasticsearchTransportBase.java:345)
	at co.elastic.clients.transport.ElasticsearchTransportBase.performRequest(ElasticsearchTransportBase.java:147)
	at co.elastic.clients.elasticsearch.ElasticsearchClient.search(ElasticsearchClient.java:1965)
	at org.springframework.data.elasticsearch.client.elc.ElasticsearchTemplate.lambda$doSearch$15(ElasticsearchTemplate.java:369)
	at org.springframework.data.elasticsearch.client.elc.ElasticsearchTemplate.execute(ElasticsearchTemplate.java:702)
	... 68 common frames omitted
2024-12-04 10:43:46.430|ERROR||||||[http-nio-8009-exec-2]|c.c.c.d.i.TaskES_DAOImpl - [searchTasksByKeywords,62] - Error while searching tasks by keywords: 
org.springframework.data.elasticsearch.UncategorizedElasticsearchException: [es/search] failed: [parsing_exception] [size] query malformed, no start_object after query name
	at org.springframework.data.elasticsearch.client.elc.ElasticsearchExceptionTranslator.translateExceptionIfPossible(ElasticsearchExceptionTranslator.java:106)
	at org.springframework.data.elasticsearch.client.elc.ElasticsearchExceptionTranslator.translateException(ElasticsearchExceptionTranslator.java:65)
	at org.springframework.data.elasticsearch.client.elc.ElasticsearchTemplate.execute(ElasticsearchTemplate.java:704)
	at org.springframework.data.elasticsearch.client.elc.ElasticsearchTemplate.doSearch(ElasticsearchTemplate.java:369)
	at org.springframework.data.elasticsearch.client.elc.ElasticsearchTemplate.search(ElasticsearchTemplate.java:362)
	at org.springframework.data.elasticsearch.core.AbstractElasticsearchTemplate.search(AbstractElasticsearchTemplate.java:453)
	at com.catface_task.common.dao_es.impl.TaskES_DAOImpl.searchTasksByKeywords(TaskES_DAOImpl.java:59)
	at java.base/jdk.internal.reflect.DirectMethodHandleAccessor.invoke(DirectMethodHandleAccessor.java:103)
	at java.base/java.lang.reflect.Method.invoke(Method.java:580)
	at org.springframework.aop.support.AopUtils.invokeJoinpointUsingReflection(AopUtils.java:359)
	at org.springframework.aop.framework.ReflectiveMethodInvocation.invokeJoinpoint(ReflectiveMethodInvocation.java:196)
	at org.springframework.aop.framework.ReflectiveMethodInvocation.proceed(ReflectiveMethodInvocation.java:163)
	at org.springframework.dao.support.PersistenceExceptionTranslationInterceptor.invoke(PersistenceExceptionTranslationInterceptor.java:138)
	at org.springframework.aop.framework.ReflectiveMethodInvocation.proceed(ReflectiveMethodInvocation.java:184)
	at org.springframework.aop.framework.CglibAopProxy$DynamicAdvisedInterceptor.intercept(CglibAopProxy.java:727)
	at com.catface_task.common.dao_es.impl.TaskES_DAOImpl$$SpringCGLIB$$0.searchTasksByKeywords(<generated>)
	at com.catface_task.service.impl.TaskServiceImpl.searchByKeywords(TaskServiceImpl.java:84)
	at java.base/jdk.internal.reflect.DirectMethodHandleAccessor.invoke(DirectMethodHandleAccessor.java:103)
	at java.base/java.lang.reflect.Method.invoke(Method.java:580)
	at org.springframework.aop.support.AopUtils.invokeJoinpointUsingReflection(AopUtils.java:359)
	at org.springframework.aop.framework.CglibAopProxy$DynamicAdvisedInterceptor.intercept(CglibAopProxy.java:723)
	at com.catface_task.service.impl.TaskServiceImpl$$SpringCGLIB$$0.searchByKeywords(<generated>)
	at com.catface_task.controller.TaskController.getRecentTasks(TaskController.java:51)
	at java.base/jdk.internal.reflect.DirectMethodHandleAccessor.invoke(DirectMethodHandleAccessor.java:103)
	at java.base/java.lang.reflect.Method.invoke(Method.java:580)
	at org.springframework.web.method.support.InvocableHandlerMethod.doInvoke(InvocableHandlerMethod.java:255)
	at org.springframework.web.method.support.InvocableHandlerMethod.invokeForRequest(InvocableHandlerMethod.java:188)
	at org.springframework.web.servlet.mvc.method.annotation.ServletInvocableHandlerMethod.invokeAndHandle(ServletInvocableHandlerMethod.java:118)
	at org.springframework.web.servlet.mvc.method.annotation.RequestMappingHandlerAdapter.invokeHandlerMethod(RequestMappingHandlerAdapter.java:986)
	at org.springframework.web.servlet.mvc.method.annotation.RequestMappingHandlerAdapter.handleInternal(RequestMappingHandlerAdapter.java:891)
	at org.springframework.web.servlet.mvc.method.AbstractHandlerMethodAdapter.handle(AbstractHandlerMethodAdapter.java:87)
	at org.springframework.web.servlet.DispatcherServlet.doDispatch(DispatcherServlet.java:1088)
	at org.springframework.web.servlet.DispatcherServlet.doService(DispatcherServlet.java:978)
	at org.springframework.web.servlet.FrameworkServlet.processRequest(FrameworkServlet.java:1014)
	at org.springframework.web.servlet.FrameworkServlet.doGet(FrameworkServlet.java:903)
	at jakarta.servlet.http.HttpServlet.service(HttpServlet.java:564)
	at org.springframework.web.servlet.FrameworkServlet.service(FrameworkServlet.java:885)
	at jakarta.servlet.http.HttpServlet.service(HttpServlet.java:658)
	at org.apache.catalina.core.ApplicationFilterChain.internalDoFilter(ApplicationFilterChain.java:195)
	at org.apache.catalina.core.ApplicationFilterChain.doFilter(ApplicationFilterChain.java:140)
	at org.apache.tomcat.websocket.server.WsFilter.doFilter(WsFilter.java:51)
	at org.apache.catalina.core.ApplicationFilterChain.internalDoFilter(ApplicationFilterChain.java:164)
	at org.apache.catalina.core.ApplicationFilterChain.doFilter(ApplicationFilterChain.java:140)
	at org.springframework.web.filter.RequestContextFilter.doFilterInternal(RequestContextFilter.java:100)
	at org.springframework.web.filter.OncePerRequestFilter.doFilter(OncePerRequestFilter.java:116)
	at org.apache.catalina.core.ApplicationFilterChain.internalDoFilter(ApplicationFilterChain.java:164)
	at org.apache.catalina.core.ApplicationFilterChain.doFilter(ApplicationFilterChain.java:140)
	at org.springframework.web.filter.FormContentFilter.doFilterInternal(FormContentFilter.java:93)
	at org.springframework.web.filter.OncePerRequestFilter.doFilter(OncePerRequestFilter.java:116)
	at org.apache.catalina.core.ApplicationFilterChain.internalDoFilter(ApplicationFilterChain.java:164)
	at org.apache.catalina.core.ApplicationFilterChain.doFilter(ApplicationFilterChain.java:140)
	at org.springframework.web.filter.CharacterEncodingFilter.doFilterInternal(CharacterEncodingFilter.java:201)
	at org.springframework.web.filter.OncePerRequestFilter.doFilter(OncePerRequestFilter.java:116)
	at org.apache.catalina.core.ApplicationFilterChain.internalDoFilter(ApplicationFilterChain.java:164)
	at org.apache.catalina.core.ApplicationFilterChain.doFilter(ApplicationFilterChain.java:140)
	at org.apache.catalina.core.StandardWrapperValve.invoke(StandardWrapperValve.java:167)
	at org.apache.catalina.core.StandardContextValve.invoke(StandardContextValve.java:90)
	at org.apache.catalina.authenticator.AuthenticatorBase.invoke(AuthenticatorBase.java:483)
	at org.apache.catalina.core.StandardHostValve.invoke(StandardHostValve.java:115)
	at org.apache.catalina.valves.ErrorReportValve.invoke(ErrorReportValve.java:93)
	at org.apache.catalina.core.StandardEngineValve.invoke(StandardEngineValve.java:74)
	at org.apache.catalina.connector.CoyoteAdapter.service(CoyoteAdapter.java:344)
	at org.apache.coyote.http11.Http11Processor.service(Http11Processor.java:397)
	at org.apache.coyote.AbstractProcessorLight.process(AbstractProcessorLight.java:63)
	at org.apache.coyote.AbstractProtocol$ConnectionHandler.process(AbstractProtocol.java:905)
	at org.apache.tomcat.util.net.NioEndpoint$SocketProcessor.doRun(NioEndpoint.java:1741)
	at org.apache.tomcat.util.net.SocketProcessorBase.run(SocketProcessorBase.java:52)
	at org.apache.tomcat.util.threads.ThreadPoolExecutor.runWorker(ThreadPoolExecutor.java:1190)
	at org.apache.tomcat.util.threads.ThreadPoolExecutor$Worker.run(ThreadPoolExecutor.java:659)
	at org.apache.tomcat.util.threads.TaskThread$WrappingRunnable.run(TaskThread.java:63)
	at java.base/java.lang.Thread.run(Thread.java:1583)
Caused by: co.elastic.clients.elasticsearch._types.ElasticsearchException: [es/search] failed: [parsing_exception] [size] query malformed, no start_object after query name
	at co.elastic.clients.transport.ElasticsearchTransportBase.getApiResponse(ElasticsearchTransportBase.java:345)
	at co.elastic.clients.transport.ElasticsearchTransportBase.performRequest(ElasticsearchTransportBase.java:147)
	at co.elastic.clients.elasticsearch.ElasticsearchClient.search(ElasticsearchClient.java:1965)
	at org.springframework.data.elasticsearch.client.elc.ElasticsearchTemplate.lambda$doSearch$15(ElasticsearchTemplate.java:369)
	at org.springframework.data.elasticsearch.client.elc.ElasticsearchTemplate.execute(ElasticsearchTemplate.java:702)
	... 68 common frames omitted
2024-12-04 10:44:08.235|ERROR||||||[http-nio-8009-exec-2]|c.c.c.d.i.TaskES_DAOImpl - [searchTasksByKeywords,62] - Error while searching tasks by keywords: 
org.springframework.data.mapping.MappingException: No property task found on entity class com.catface_task.common.model_es.TaskES to bind constructor parameter to
	at org.springframework.data.mapping.model.PersistentEntityParameterValueProvider.getParameterValue(PersistentEntityParameterValueProvider.java:69)
	at org.springframework.data.mapping.model.ValueExpressionParameterValueProvider.getParameterValue(ValueExpressionParameterValueProvider.java:56)
	at org.springframework.data.mapping.model.ClassGeneratingEntityInstantiator.extractInvocationArguments(ClassGeneratingEntityInstantiator.java:301)
	at org.springframework.data.mapping.model.ClassGeneratingEntityInstantiator$EntityInstantiatorAdapter.createInstance(ClassGeneratingEntityInstantiator.java:273)
	at org.springframework.data.mapping.model.ClassGeneratingEntityInstantiator.createInstance(ClassGeneratingEntityInstantiator.java:98)
	at org.springframework.data.elasticsearch.core.convert.MappingElasticsearchConverter$Reader.readEntity(MappingElasticsearchConverter.java:349)
	at org.springframework.data.elasticsearch.core.convert.MappingElasticsearchConverter$Reader.read(MappingElasticsearchConverter.java:288)
	at org.springframework.data.elasticsearch.core.convert.MappingElasticsearchConverter$Reader.read(MappingElasticsearchConverter.java:247)
	at org.springframework.data.elasticsearch.core.convert.MappingElasticsearchConverter.read(MappingElasticsearchConverter.java:184)
	at org.springframework.data.elasticsearch.core.convert.MappingElasticsearchConverter.read(MappingElasticsearchConverter.java:90)
	at org.springframework.data.elasticsearch.core.AbstractElasticsearchTemplate$ReadDocumentCallback.doWith(AbstractElasticsearchTemplate.java:763)
	at java.base/java.util.stream.ReferencePipeline$3$1.accept(ReferencePipeline.java:197)
	at java.base/java.util.ArrayList$ArrayListSpliterator.forEachRemaining(ArrayList.java:1708)
	at java.base/java.util.stream.AbstractPipeline.copyInto(AbstractPipeline.java:509)
	at java.base/java.util.stream.AbstractPipeline.wrapAndCopyInto(AbstractPipeline.java:499)
	at java.base/java.util.stream.ReduceOps$ReduceOp.evaluateSequential(ReduceOps.java:921)
	at java.base/java.util.stream.AbstractPipeline.evaluate(AbstractPipeline.java:234)
	at java.base/java.util.stream.ReferencePipeline.collect(ReferencePipeline.java:682)
	at org.springframework.data.elasticsearch.core.AbstractElasticsearchTemplate$ReadSearchDocumentResponseCallback.doWith(AbstractElasticsearchTemplate.java:799)
	at org.springframework.data.elasticsearch.core.AbstractElasticsearchTemplate$ReadSearchDocumentResponseCallback.doWith(AbstractElasticsearchTemplate.java:785)
	at org.springframework.data.elasticsearch.client.elc.ElasticsearchTemplate.doSearch(ElasticsearchTemplate.java:376)
	at org.springframework.data.elasticsearch.client.elc.ElasticsearchTemplate.search(ElasticsearchTemplate.java:362)
	at org.springframework.data.elasticsearch.core.AbstractElasticsearchTemplate.search(AbstractElasticsearchTemplate.java:453)
	at com.catface_task.common.dao_es.impl.TaskES_DAOImpl.searchTasksByKeywords(TaskES_DAOImpl.java:59)
	at java.base/jdk.internal.reflect.DirectMethodHandleAccessor.invoke(DirectMethodHandleAccessor.java:103)
	at java.base/java.lang.reflect.Method.invoke(Method.java:580)
	at org.springframework.aop.support.AopUtils.invokeJoinpointUsingReflection(AopUtils.java:359)
	at org.springframework.aop.framework.ReflectiveMethodInvocation.invokeJoinpoint(ReflectiveMethodInvocation.java:196)
	at org.springframework.aop.framework.ReflectiveMethodInvocation.proceed(ReflectiveMethodInvocation.java:163)
	at org.springframework.dao.support.PersistenceExceptionTranslationInterceptor.invoke(PersistenceExceptionTranslationInterceptor.java:138)
	at org.springframework.aop.framework.ReflectiveMethodInvocation.proceed(ReflectiveMethodInvocation.java:184)
	at org.springframework.aop.framework.CglibAopProxy$DynamicAdvisedInterceptor.intercept(CglibAopProxy.java:727)
	at com.catface_task.common.dao_es.impl.TaskES_DAOImpl$$SpringCGLIB$$0.searchTasksByKeywords(<generated>)
	at com.catface_task.service.impl.TaskServiceImpl.searchByKeywords(TaskServiceImpl.java:84)
	at java.base/jdk.internal.reflect.DirectMethodHandleAccessor.invoke(DirectMethodHandleAccessor.java:103)
	at java.base/java.lang.reflect.Method.invoke(Method.java:580)
	at org.springframework.aop.support.AopUtils.invokeJoinpointUsingReflection(AopUtils.java:359)
	at org.springframework.aop.framework.CglibAopProxy$DynamicAdvisedInterceptor.intercept(CglibAopProxy.java:723)
	at com.catface_task.service.impl.TaskServiceImpl$$SpringCGLIB$$0.searchByKeywords(<generated>)
	at com.catface_task.controller.TaskController.getRecentTasks(TaskController.java:51)
	at java.base/jdk.internal.reflect.DirectMethodHandleAccessor.invoke(DirectMethodHandleAccessor.java:103)
	at java.base/java.lang.reflect.Method.invoke(Method.java:580)
	at org.springframework.web.method.support.InvocableHandlerMethod.doInvoke(InvocableHandlerMethod.java:255)
	at org.springframework.web.method.support.InvocableHandlerMethod.invokeForRequest(InvocableHandlerMethod.java:188)
	at org.springframework.web.servlet.mvc.method.annotation.ServletInvocableHandlerMethod.invokeAndHandle(ServletInvocableHandlerMethod.java:118)
	at org.springframework.web.servlet.mvc.method.annotation.RequestMappingHandlerAdapter.invokeHandlerMethod(RequestMappingHandlerAdapter.java:986)
	at org.springframework.web.servlet.mvc.method.annotation.RequestMappingHandlerAdapter.handleInternal(RequestMappingHandlerAdapter.java:891)
	at org.springframework.web.servlet.mvc.method.AbstractHandlerMethodAdapter.handle(AbstractHandlerMethodAdapter.java:87)
	at org.springframework.web.servlet.DispatcherServlet.doDispatch(DispatcherServlet.java:1088)
	at org.springframework.web.servlet.DispatcherServlet.doService(DispatcherServlet.java:978)
	at org.springframework.web.servlet.FrameworkServlet.processRequest(FrameworkServlet.java:1014)
	at org.springframework.web.servlet.FrameworkServlet.doGet(FrameworkServlet.java:903)
	at jakarta.servlet.http.HttpServlet.service(HttpServlet.java:564)
	at org.springframework.web.servlet.FrameworkServlet.service(FrameworkServlet.java:885)
	at jakarta.servlet.http.HttpServlet.service(HttpServlet.java:658)
	at org.apache.catalina.core.ApplicationFilterChain.internalDoFilter(ApplicationFilterChain.java:195)
	at org.apache.catalina.core.ApplicationFilterChain.doFilter(ApplicationFilterChain.java:140)
	at org.apache.tomcat.websocket.server.WsFilter.doFilter(WsFilter.java:51)
	at org.apache.catalina.core.ApplicationFilterChain.internalDoFilter(ApplicationFilterChain.java:164)
	at org.apache.catalina.core.ApplicationFilterChain.doFilter(ApplicationFilterChain.java:140)
	at org.springframework.web.filter.RequestContextFilter.doFilterInternal(RequestContextFilter.java:100)
	at org.springframework.web.filter.OncePerRequestFilter.doFilter(OncePerRequestFilter.java:116)
	at org.apache.catalina.core.ApplicationFilterChain.internalDoFilter(ApplicationFilterChain.java:164)
	at org.apache.catalina.core.ApplicationFilterChain.doFilter(ApplicationFilterChain.java:140)
	at org.springframework.web.filter.FormContentFilter.doFilterInternal(FormContentFilter.java:93)
	at org.springframework.web.filter.OncePerRequestFilter.doFilter(OncePerRequestFilter.java:116)
	at org.apache.catalina.core.ApplicationFilterChain.internalDoFilter(ApplicationFilterChain.java:164)
	at org.apache.catalina.core.ApplicationFilterChain.doFilter(ApplicationFilterChain.java:140)
	at org.springframework.web.filter.CharacterEncodingFilter.doFilterInternal(CharacterEncodingFilter.java:201)
	at org.springframework.web.filter.OncePerRequestFilter.doFilter(OncePerRequestFilter.java:116)
	at org.apache.catalina.core.ApplicationFilterChain.internalDoFilter(ApplicationFilterChain.java:164)
	at org.apache.catalina.core.ApplicationFilterChain.doFilter(ApplicationFilterChain.java:140)
	at org.apache.catalina.core.StandardWrapperValve.invoke(StandardWrapperValve.java:167)
	at org.apache.catalina.core.StandardContextValve.invoke(StandardContextValve.java:90)
	at org.apache.catalina.authenticator.AuthenticatorBase.invoke(AuthenticatorBase.java:483)
	at org.apache.catalina.core.StandardHostValve.invoke(StandardHostValve.java:115)
	at org.apache.catalina.valves.ErrorReportValve.invoke(ErrorReportValve.java:93)
	at org.apache.catalina.core.StandardEngineValve.invoke(StandardEngineValve.java:74)
	at org.apache.catalina.connector.CoyoteAdapter.service(CoyoteAdapter.java:344)
	at org.apache.coyote.http11.Http11Processor.service(Http11Processor.java:397)
	at org.apache.coyote.AbstractProcessorLight.process(AbstractProcessorLight.java:63)
	at org.apache.coyote.AbstractProtocol$ConnectionHandler.process(AbstractProtocol.java:905)
	at org.apache.tomcat.util.net.NioEndpoint$SocketProcessor.doRun(NioEndpoint.java:1741)
	at org.apache.tomcat.util.net.SocketProcessorBase.run(SocketProcessorBase.java:52)
	at org.apache.tomcat.util.threads.ThreadPoolExecutor.runWorker(ThreadPoolExecutor.java:1190)
	at org.apache.tomcat.util.threads.ThreadPoolExecutor$Worker.run(ThreadPoolExecutor.java:659)
	at org.apache.tomcat.util.threads.TaskThread$WrappingRunnable.run(TaskThread.java:63)
	at java.base/java.lang.Thread.run(Thread.java:1583)
2024-12-04 10:47:00.570|ERROR||||||[http-nio-8009-exec-5]|c.c.c.d.i.TaskES_DAOImpl - [searchTasksByKeywords,62] - Error while searching tasks by keywords: 
org.springframework.data.mapping.MappingException: No property task found on entity class com.catface_task.common.model_es.TaskES to bind constructor parameter to
	at org.springframework.data.mapping.model.PersistentEntityParameterValueProvider.getParameterValue(PersistentEntityParameterValueProvider.java:69)
	at org.springframework.data.mapping.model.ValueExpressionParameterValueProvider.getParameterValue(ValueExpressionParameterValueProvider.java:56)
	at org.springframework.data.mapping.model.ClassGeneratingEntityInstantiator.extractInvocationArguments(ClassGeneratingEntityInstantiator.java:301)
	at org.springframework.data.mapping.model.ClassGeneratingEntityInstantiator$EntityInstantiatorAdapter.createInstance(ClassGeneratingEntityInstantiator.java:273)
	at org.springframework.data.mapping.model.ClassGeneratingEntityInstantiator.createInstance(ClassGeneratingEntityInstantiator.java:98)
	at org.springframework.data.elasticsearch.core.convert.MappingElasticsearchConverter$Reader.readEntity(MappingElasticsearchConverter.java:349)
	at org.springframework.data.elasticsearch.core.convert.MappingElasticsearchConverter$Reader.read(MappingElasticsearchConverter.java:288)
	at org.springframework.data.elasticsearch.core.convert.MappingElasticsearchConverter$Reader.read(MappingElasticsearchConverter.java:247)
	at org.springframework.data.elasticsearch.core.convert.MappingElasticsearchConverter.read(MappingElasticsearchConverter.java:184)
	at org.springframework.data.elasticsearch.core.convert.MappingElasticsearchConverter.read(MappingElasticsearchConverter.java:90)
	at org.springframework.data.elasticsearch.core.AbstractElasticsearchTemplate$ReadDocumentCallback.doWith(AbstractElasticsearchTemplate.java:763)
	at java.base/java.util.stream.ReferencePipeline$3$1.accept(ReferencePipeline.java:197)
	at java.base/java.util.ArrayList$ArrayListSpliterator.forEachRemaining(ArrayList.java:1708)
	at java.base/java.util.stream.AbstractPipeline.copyInto(AbstractPipeline.java:509)
	at java.base/java.util.stream.AbstractPipeline.wrapAndCopyInto(AbstractPipeline.java:499)
	at java.base/java.util.stream.ReduceOps$ReduceOp.evaluateSequential(ReduceOps.java:921)
	at java.base/java.util.stream.AbstractPipeline.evaluate(AbstractPipeline.java:234)
	at java.base/java.util.stream.ReferencePipeline.collect(ReferencePipeline.java:682)
	at org.springframework.data.elasticsearch.core.AbstractElasticsearchTemplate$ReadSearchDocumentResponseCallback.doWith(AbstractElasticsearchTemplate.java:799)
	at org.springframework.data.elasticsearch.core.AbstractElasticsearchTemplate$ReadSearchDocumentResponseCallback.doWith(AbstractElasticsearchTemplate.java:785)
	at org.springframework.data.elasticsearch.client.elc.ElasticsearchTemplate.doSearch(ElasticsearchTemplate.java:376)
	at org.springframework.data.elasticsearch.client.elc.ElasticsearchTemplate.search(ElasticsearchTemplate.java:362)
	at org.springframework.data.elasticsearch.core.AbstractElasticsearchTemplate.search(AbstractElasticsearchTemplate.java:453)
	at com.catface_task.common.dao_es.impl.TaskES_DAOImpl.searchTasksByKeywords(TaskES_DAOImpl.java:59)
	at java.base/jdk.internal.reflect.DirectMethodHandleAccessor.invoke(DirectMethodHandleAccessor.java:103)
	at java.base/java.lang.reflect.Method.invoke(Method.java:580)
	at org.springframework.aop.support.AopUtils.invokeJoinpointUsingReflection(AopUtils.java:359)
	at org.springframework.aop.framework.ReflectiveMethodInvocation.invokeJoinpoint(ReflectiveMethodInvocation.java:196)
	at org.springframework.aop.framework.ReflectiveMethodInvocation.proceed(ReflectiveMethodInvocation.java:163)
	at org.springframework.dao.support.PersistenceExceptionTranslationInterceptor.invoke(PersistenceExceptionTranslationInterceptor.java:138)
	at org.springframework.aop.framework.ReflectiveMethodInvocation.proceed(ReflectiveMethodInvocation.java:184)
	at org.springframework.aop.framework.CglibAopProxy$DynamicAdvisedInterceptor.intercept(CglibAopProxy.java:727)
	at com.catface_task.common.dao_es.impl.TaskES_DAOImpl$$SpringCGLIB$$0.searchTasksByKeywords(<generated>)
	at com.catface_task.service.impl.TaskServiceImpl.searchByKeywords(TaskServiceImpl.java:84)
	at java.base/jdk.internal.reflect.DirectMethodHandleAccessor.invoke(DirectMethodHandleAccessor.java:103)
	at java.base/java.lang.reflect.Method.invoke(Method.java:580)
	at org.springframework.aop.support.AopUtils.invokeJoinpointUsingReflection(AopUtils.java:359)
	at org.springframework.aop.framework.CglibAopProxy$DynamicAdvisedInterceptor.intercept(CglibAopProxy.java:723)
	at com.catface_task.service.impl.TaskServiceImpl$$SpringCGLIB$$0.searchByKeywords(<generated>)
	at com.catface_task.controller.TaskController.getRecentTasks(TaskController.java:51)
	at java.base/jdk.internal.reflect.DirectMethodHandleAccessor.invoke(DirectMethodHandleAccessor.java:103)
	at java.base/java.lang.reflect.Method.invoke(Method.java:580)
	at org.springframework.web.method.support.InvocableHandlerMethod.doInvoke(InvocableHandlerMethod.java:255)
	at org.springframework.web.method.support.InvocableHandlerMethod.invokeForRequest(InvocableHandlerMethod.java:188)
	at org.springframework.web.servlet.mvc.method.annotation.ServletInvocableHandlerMethod.invokeAndHandle(ServletInvocableHandlerMethod.java:118)
	at org.springframework.web.servlet.mvc.method.annotation.RequestMappingHandlerAdapter.invokeHandlerMethod(RequestMappingHandlerAdapter.java:986)
	at org.springframework.web.servlet.mvc.method.annotation.RequestMappingHandlerAdapter.handleInternal(RequestMappingHandlerAdapter.java:891)
	at org.springframework.web.servlet.mvc.method.AbstractHandlerMethodAdapter.handle(AbstractHandlerMethodAdapter.java:87)
	at org.springframework.web.servlet.DispatcherServlet.doDispatch(DispatcherServlet.java:1088)
	at org.springframework.web.servlet.DispatcherServlet.doService(DispatcherServlet.java:978)
	at org.springframework.web.servlet.FrameworkServlet.processRequest(FrameworkServlet.java:1014)
	at org.springframework.web.servlet.FrameworkServlet.doGet(FrameworkServlet.java:903)
	at jakarta.servlet.http.HttpServlet.service(HttpServlet.java:564)
	at org.springframework.web.servlet.FrameworkServlet.service(FrameworkServlet.java:885)
	at jakarta.servlet.http.HttpServlet.service(HttpServlet.java:658)
	at org.apache.catalina.core.ApplicationFilterChain.internalDoFilter(ApplicationFilterChain.java:195)
	at org.apache.catalina.core.ApplicationFilterChain.doFilter(ApplicationFilterChain.java:140)
	at org.apache.tomcat.websocket.server.WsFilter.doFilter(WsFilter.java:51)
	at org.apache.catalina.core.ApplicationFilterChain.internalDoFilter(ApplicationFilterChain.java:164)
	at org.apache.catalina.core.ApplicationFilterChain.doFilter(ApplicationFilterChain.java:140)
	at org.springframework.web.filter.RequestContextFilter.doFilterInternal(RequestContextFilter.java:100)
	at org.springframework.web.filter.OncePerRequestFilter.doFilter(OncePerRequestFilter.java:116)
	at org.apache.catalina.core.ApplicationFilterChain.internalDoFilter(ApplicationFilterChain.java:164)
	at org.apache.catalina.core.ApplicationFilterChain.doFilter(ApplicationFilterChain.java:140)
	at org.springframework.web.filter.FormContentFilter.doFilterInternal(FormContentFilter.java:93)
	at org.springframework.web.filter.OncePerRequestFilter.doFilter(OncePerRequestFilter.java:116)
	at org.apache.catalina.core.ApplicationFilterChain.internalDoFilter(ApplicationFilterChain.java:164)
	at org.apache.catalina.core.ApplicationFilterChain.doFilter(ApplicationFilterChain.java:140)
	at org.springframework.web.filter.CharacterEncodingFilter.doFilterInternal(CharacterEncodingFilter.java:201)
	at org.springframework.web.filter.OncePerRequestFilter.doFilter(OncePerRequestFilter.java:116)
	at org.apache.catalina.core.ApplicationFilterChain.internalDoFilter(ApplicationFilterChain.java:164)
	at org.apache.catalina.core.ApplicationFilterChain.doFilter(ApplicationFilterChain.java:140)
	at org.apache.catalina.core.StandardWrapperValve.invoke(StandardWrapperValve.java:167)
	at org.apache.catalina.core.StandardContextValve.invoke(StandardContextValve.java:90)
	at org.apache.catalina.authenticator.AuthenticatorBase.invoke(AuthenticatorBase.java:483)
	at org.apache.catalina.core.StandardHostValve.invoke(StandardHostValve.java:115)
	at org.apache.catalina.valves.ErrorReportValve.invoke(ErrorReportValve.java:93)
	at org.apache.catalina.core.StandardEngineValve.invoke(StandardEngineValve.java:74)
	at org.apache.catalina.connector.CoyoteAdapter.service(CoyoteAdapter.java:344)
	at org.apache.coyote.http11.Http11Processor.service(Http11Processor.java:397)
	at org.apache.coyote.AbstractProcessorLight.process(AbstractProcessorLight.java:63)
	at org.apache.coyote.AbstractProtocol$ConnectionHandler.process(AbstractProtocol.java:905)
	at org.apache.tomcat.util.net.NioEndpoint$SocketProcessor.doRun(NioEndpoint.java:1741)
	at org.apache.tomcat.util.net.SocketProcessorBase.run(SocketProcessorBase.java:52)
	at org.apache.tomcat.util.threads.ThreadPoolExecutor.runWorker(ThreadPoolExecutor.java:1190)
	at org.apache.tomcat.util.threads.ThreadPoolExecutor$Worker.run(ThreadPoolExecutor.java:659)
	at org.apache.tomcat.util.threads.TaskThread$WrappingRunnable.run(TaskThread.java:63)
	at java.base/java.lang.Thread.run(Thread.java:1583)
2024-12-04 10:52:16.124|ERROR||||||[http-nio-8009-exec-1]|c.c.c.d.i.TaskES_DAOImpl - [searchTasksByKeywords,65] - Error while searching tasks by keywords: 
org.springframework.data.mapping.MappingException: Couldn't find PersistentEntity for type interface java.util.Map
	at org.springframework.data.mapping.context.MappingContext.getRequiredPersistentEntity(MappingContext.java:80)
	at org.springframework.data.elasticsearch.core.AbstractElasticsearchTemplate.getRequiredPersistentEntity(AbstractElasticsearchTemplate.java:505)
	at org.springframework.data.elasticsearch.core.AbstractElasticsearchTemplate.getIndexCoordinatesFor(AbstractElasticsearchTemplate.java:501)
	at org.springframework.data.elasticsearch.core.AbstractElasticsearchTemplate.search(AbstractElasticsearchTemplate.java:453)
	at com.catface_task.common.dao_es.impl.TaskES_DAOImpl.searchTasksByKeywords(TaskES_DAOImpl.java:58)
	at java.base/jdk.internal.reflect.DirectMethodHandleAccessor.invoke(DirectMethodHandleAccessor.java:103)
	at java.base/java.lang.reflect.Method.invoke(Method.java:580)
	at org.springframework.aop.support.AopUtils.invokeJoinpointUsingReflection(AopUtils.java:359)
	at org.springframework.aop.framework.ReflectiveMethodInvocation.invokeJoinpoint(ReflectiveMethodInvocation.java:196)
	at org.springframework.aop.framework.ReflectiveMethodInvocation.proceed(ReflectiveMethodInvocation.java:163)
	at org.springframework.dao.support.PersistenceExceptionTranslationInterceptor.invoke(PersistenceExceptionTranslationInterceptor.java:138)
	at org.springframework.aop.framework.ReflectiveMethodInvocation.proceed(ReflectiveMethodInvocation.java:184)
	at org.springframework.aop.framework.CglibAopProxy$DynamicAdvisedInterceptor.intercept(CglibAopProxy.java:727)
	at com.catface_task.common.dao_es.impl.TaskES_DAOImpl$$SpringCGLIB$$0.searchTasksByKeywords(<generated>)
	at com.catface_task.service.impl.TaskServiceImpl.searchByKeywords(TaskServiceImpl.java:85)
	at java.base/jdk.internal.reflect.DirectMethodHandleAccessor.invoke(DirectMethodHandleAccessor.java:103)
	at java.base/java.lang.reflect.Method.invoke(Method.java:580)
	at org.springframework.aop.support.AopUtils.invokeJoinpointUsingReflection(AopUtils.java:359)
	at org.springframework.aop.framework.CglibAopProxy$DynamicAdvisedInterceptor.intercept(CglibAopProxy.java:723)
	at com.catface_task.service.impl.TaskServiceImpl$$SpringCGLIB$$0.searchByKeywords(<generated>)
	at com.catface_task.controller.TaskController.getRecentTasks(TaskController.java:51)
	at java.base/jdk.internal.reflect.DirectMethodHandleAccessor.invoke(DirectMethodHandleAccessor.java:103)
	at java.base/java.lang.reflect.Method.invoke(Method.java:580)
	at org.springframework.web.method.support.InvocableHandlerMethod.doInvoke(InvocableHandlerMethod.java:255)
	at org.springframework.web.method.support.InvocableHandlerMethod.invokeForRequest(InvocableHandlerMethod.java:188)
	at org.springframework.web.servlet.mvc.method.annotation.ServletInvocableHandlerMethod.invokeAndHandle(ServletInvocableHandlerMethod.java:118)
	at org.springframework.web.servlet.mvc.method.annotation.RequestMappingHandlerAdapter.invokeHandlerMethod(RequestMappingHandlerAdapter.java:986)
	at org.springframework.web.servlet.mvc.method.annotation.RequestMappingHandlerAdapter.handleInternal(RequestMappingHandlerAdapter.java:891)
	at org.springframework.web.servlet.mvc.method.AbstractHandlerMethodAdapter.handle(AbstractHandlerMethodAdapter.java:87)
	at org.springframework.web.servlet.DispatcherServlet.doDispatch(DispatcherServlet.java:1088)
	at org.springframework.web.servlet.DispatcherServlet.doService(DispatcherServlet.java:978)
	at org.springframework.web.servlet.FrameworkServlet.processRequest(FrameworkServlet.java:1014)
	at org.springframework.web.servlet.FrameworkServlet.doGet(FrameworkServlet.java:903)
	at jakarta.servlet.http.HttpServlet.service(HttpServlet.java:564)
	at org.springframework.web.servlet.FrameworkServlet.service(FrameworkServlet.java:885)
	at jakarta.servlet.http.HttpServlet.service(HttpServlet.java:658)
	at org.apache.catalina.core.ApplicationFilterChain.internalDoFilter(ApplicationFilterChain.java:195)
	at org.apache.catalina.core.ApplicationFilterChain.doFilter(ApplicationFilterChain.java:140)
	at org.apache.tomcat.websocket.server.WsFilter.doFilter(WsFilter.java:51)
	at org.apache.catalina.core.ApplicationFilterChain.internalDoFilter(ApplicationFilterChain.java:164)
	at org.apache.catalina.core.ApplicationFilterChain.doFilter(ApplicationFilterChain.java:140)
	at org.springframework.web.filter.RequestContextFilter.doFilterInternal(RequestContextFilter.java:100)
	at org.springframework.web.filter.OncePerRequestFilter.doFilter(OncePerRequestFilter.java:116)
	at org.apache.catalina.core.ApplicationFilterChain.internalDoFilter(ApplicationFilterChain.java:164)
	at org.apache.catalina.core.ApplicationFilterChain.doFilter(ApplicationFilterChain.java:140)
	at org.springframework.web.filter.FormContentFilter.doFilterInternal(FormContentFilter.java:93)
	at org.springframework.web.filter.OncePerRequestFilter.doFilter(OncePerRequestFilter.java:116)
	at org.apache.catalina.core.ApplicationFilterChain.internalDoFilter(ApplicationFilterChain.java:164)
	at org.apache.catalina.core.ApplicationFilterChain.doFilter(ApplicationFilterChain.java:140)
	at org.springframework.web.filter.CharacterEncodingFilter.doFilterInternal(CharacterEncodingFilter.java:201)
	at org.springframework.web.filter.OncePerRequestFilter.doFilter(OncePerRequestFilter.java:116)
	at org.apache.catalina.core.ApplicationFilterChain.internalDoFilter(ApplicationFilterChain.java:164)
	at org.apache.catalina.core.ApplicationFilterChain.doFilter(ApplicationFilterChain.java:140)
	at org.apache.catalina.core.StandardWrapperValve.invoke(StandardWrapperValve.java:167)
	at org.apache.catalina.core.StandardContextValve.invoke(StandardContextValve.java:90)
	at org.apache.catalina.authenticator.AuthenticatorBase.invoke(AuthenticatorBase.java:483)
	at org.apache.catalina.core.StandardHostValve.invoke(StandardHostValve.java:115)
	at org.apache.catalina.valves.ErrorReportValve.invoke(ErrorReportValve.java:93)
	at org.apache.catalina.core.StandardEngineValve.invoke(StandardEngineValve.java:74)
	at org.apache.catalina.connector.CoyoteAdapter.service(CoyoteAdapter.java:344)
	at org.apache.coyote.http11.Http11Processor.service(Http11Processor.java:397)
	at org.apache.coyote.AbstractProcessorLight.process(AbstractProcessorLight.java:63)
	at org.apache.coyote.AbstractProtocol$ConnectionHandler.process(AbstractProtocol.java:905)
	at org.apache.tomcat.util.net.NioEndpoint$SocketProcessor.doRun(NioEndpoint.java:1741)
	at org.apache.tomcat.util.net.SocketProcessorBase.run(SocketProcessorBase.java:52)
	at org.apache.tomcat.util.threads.ThreadPoolExecutor.runWorker(ThreadPoolExecutor.java:1190)
	at org.apache.tomcat.util.threads.ThreadPoolExecutor$Worker.run(ThreadPoolExecutor.java:659)
	at org.apache.tomcat.util.threads.TaskThread$WrappingRunnable.run(TaskThread.java:63)
	at java.base/java.lang.Thread.run(Thread.java:1583)
2024-12-04 10:55:54.336|ERROR||||||[http-nio-8009-exec-3]|o.a.c.c.C.[.[.[.[dispatcherServlet] - [log,175] - Servlet.service() for servlet [dispatcherServlet] in context with path [] threw exception [Request processing failed: org.springframework.http.converter.HttpMessageConversionException: Type definition error: [simple type, class org.springframework.data.elasticsearch.client.elc.ElasticsearchAggregations]] with root cause
com.fasterxml.jackson.databind.exc.InvalidDefinitionException: No serializer found for class org.springframework.data.elasticsearch.client.elc.ElasticsearchAggregations and no properties discovered to create BeanSerializer (to avoid exception, disable SerializationFeature.FAIL_ON_EMPTY_BEANS) (through reference chain: com.catface_task.common.vo.response.ResponseBean["data"]->org.springframework.data.elasticsearch.core.SearchHitsImpl["aggregations"])
	at com.fasterxml.jackson.databind.exc.InvalidDefinitionException.from(InvalidDefinitionException.java:77)
	at com.fasterxml.jackson.databind.SerializerProvider.reportBadDefinition(SerializerProvider.java:1328)
	at com.fasterxml.jackson.databind.DatabindContext.reportBadDefinition(DatabindContext.java:414)
	at com.fasterxml.jackson.databind.ser.impl.UnknownSerializer.failForEmpty(UnknownSerializer.java:53)
	at com.fasterxml.jackson.databind.ser.impl.UnknownSerializer.serialize(UnknownSerializer.java:30)
	at com.fasterxml.jackson.databind.ser.BeanPropertyWriter.serializeAsField(BeanPropertyWriter.java:732)
	at com.fasterxml.jackson.databind.ser.std.BeanSerializerBase.serializeFields(BeanSerializerBase.java:770)
	at com.fasterxml.jackson.databind.ser.BeanSerializer.serialize(BeanSerializer.java:184)
	at com.fasterxml.jackson.databind.ser.BeanPropertyWriter.serializeAsField(BeanPropertyWriter.java:732)
	at com.fasterxml.jackson.databind.ser.std.BeanSerializerBase.serializeFields(BeanSerializerBase.java:770)
	at com.fasterxml.jackson.databind.ser.BeanSerializer.serialize(BeanSerializer.java:184)
	at com.fasterxml.jackson.databind.ser.DefaultSerializerProvider._serialize(DefaultSerializerProvider.java:502)
	at com.fasterxml.jackson.databind.ser.DefaultSerializerProvider.serializeValue(DefaultSerializerProvider.java:341)
	at com.fasterxml.jackson.databind.ObjectWriter$Prefetch.serialize(ObjectWriter.java:1583)
	at com.fasterxml.jackson.databind.ObjectWriter.writeValue(ObjectWriter.java:1061)
	at org.springframework.http.converter.json.AbstractJackson2HttpMessageConverter.writeInternal(AbstractJackson2HttpMessageConverter.java:486)
	at org.springframework.http.converter.AbstractGenericHttpMessageConverter.write(AbstractGenericHttpMessageConverter.java:126)
	at org.springframework.web.servlet.mvc.method.annotation.AbstractMessageConverterMethodProcessor.writeWithMessageConverters(AbstractMessageConverterMethodProcessor.java:345)
	at org.springframework.web.servlet.mvc.method.annotation.RequestResponseBodyMethodProcessor.handleReturnValue(RequestResponseBodyMethodProcessor.java:208)
	at org.springframework.web.method.support.HandlerMethodReturnValueHandlerComposite.handleReturnValue(HandlerMethodReturnValueHandlerComposite.java:78)
	at org.springframework.web.servlet.mvc.method.annotation.ServletInvocableHandlerMethod.invokeAndHandle(ServletInvocableHandlerMethod.java:136)
	at org.springframework.web.servlet.mvc.method.annotation.RequestMappingHandlerAdapter.invokeHandlerMethod(RequestMappingHandlerAdapter.java:986)
	at org.springframework.web.servlet.mvc.method.annotation.RequestMappingHandlerAdapter.handleInternal(RequestMappingHandlerAdapter.java:891)
	at org.springframework.web.servlet.mvc.method.AbstractHandlerMethodAdapter.handle(AbstractHandlerMethodAdapter.java:87)
	at org.springframework.web.servlet.DispatcherServlet.doDispatch(DispatcherServlet.java:1088)
	at org.springframework.web.servlet.DispatcherServlet.doService(DispatcherServlet.java:978)
	at org.springframework.web.servlet.FrameworkServlet.processRequest(FrameworkServlet.java:1014)
	at org.springframework.web.servlet.FrameworkServlet.doGet(FrameworkServlet.java:903)
	at jakarta.servlet.http.HttpServlet.service(HttpServlet.java:564)
	at org.springframework.web.servlet.FrameworkServlet.service(FrameworkServlet.java:885)
	at jakarta.servlet.http.HttpServlet.service(HttpServlet.java:658)
	at org.apache.catalina.core.ApplicationFilterChain.internalDoFilter(ApplicationFilterChain.java:195)
	at org.apache.catalina.core.ApplicationFilterChain.doFilter(ApplicationFilterChain.java:140)
	at org.apache.tomcat.websocket.server.WsFilter.doFilter(WsFilter.java:51)
	at org.apache.catalina.core.ApplicationFilterChain.internalDoFilter(ApplicationFilterChain.java:164)
	at org.apache.catalina.core.ApplicationFilterChain.doFilter(ApplicationFilterChain.java:140)
	at org.springframework.web.filter.RequestContextFilter.doFilterInternal(RequestContextFilter.java:100)
	at org.springframework.web.filter.OncePerRequestFilter.doFilter(OncePerRequestFilter.java:116)
	at org.apache.catalina.core.ApplicationFilterChain.internalDoFilter(ApplicationFilterChain.java:164)
	at org.apache.catalina.core.ApplicationFilterChain.doFilter(ApplicationFilterChain.java:140)
	at org.springframework.web.filter.FormContentFilter.doFilterInternal(FormContentFilter.java:93)
	at org.springframework.web.filter.OncePerRequestFilter.doFilter(OncePerRequestFilter.java:116)
	at org.apache.catalina.core.ApplicationFilterChain.internalDoFilter(ApplicationFilterChain.java:164)
	at org.apache.catalina.core.ApplicationFilterChain.doFilter(ApplicationFilterChain.java:140)
	at org.springframework.web.filter.CharacterEncodingFilter.doFilterInternal(CharacterEncodingFilter.java:201)
	at org.springframework.web.filter.OncePerRequestFilter.doFilter(OncePerRequestFilter.java:116)
	at org.apache.catalina.core.ApplicationFilterChain.internalDoFilter(ApplicationFilterChain.java:164)
	at org.apache.catalina.core.ApplicationFilterChain.doFilter(ApplicationFilterChain.java:140)
	at org.apache.catalina.core.StandardWrapperValve.invoke(StandardWrapperValve.java:167)
	at org.apache.catalina.core.StandardContextValve.invoke(StandardContextValve.java:90)
	at org.apache.catalina.authenticator.AuthenticatorBase.invoke(AuthenticatorBase.java:483)
	at org.apache.catalina.core.StandardHostValve.invoke(StandardHostValve.java:115)
	at org.apache.catalina.valves.ErrorReportValve.invoke(ErrorReportValve.java:93)
	at org.apache.catalina.core.StandardEngineValve.invoke(StandardEngineValve.java:74)
	at org.apache.catalina.connector.CoyoteAdapter.service(CoyoteAdapter.java:344)
	at org.apache.coyote.http11.Http11Processor.service(Http11Processor.java:397)
	at org.apache.coyote.AbstractProcessorLight.process(AbstractProcessorLight.java:63)
	at org.apache.coyote.AbstractProtocol$ConnectionHandler.process(AbstractProtocol.java:905)
	at org.apache.tomcat.util.net.NioEndpoint$SocketProcessor.doRun(NioEndpoint.java:1741)
	at org.apache.tomcat.util.net.SocketProcessorBase.run(SocketProcessorBase.java:52)
	at org.apache.tomcat.util.threads.ThreadPoolExecutor.runWorker(ThreadPoolExecutor.java:1190)
	at org.apache.tomcat.util.threads.ThreadPoolExecutor$Worker.run(ThreadPoolExecutor.java:659)
	at org.apache.tomcat.util.threads.TaskThread$WrappingRunnable.run(TaskThread.java:63)
	at java.base/java.lang.Thread.run(Thread.java:1583)
2024-12-04 12:37:13.313|ERROR||||||[main]|o.s.b.d.LoggingFailureAnalysisReporter - [report,40] - 

***************************
APPLICATION FAILED TO START
***************************

Description:

Web server failed to start. Port 8009 was already in use.

Action:

Identify and stop the process that's listening on port 8009 or configure this application to listen on another port.

2024-12-04 12:37:40.708|ERROR||||||[http-nio-8009-exec-1]|c.c.c.d.i.TaskES_DAOImpl - [searchTasksByKeywords,66] - Error while searching tasks by keywords: 
org.springframework.data.elasticsearch.UncategorizedElasticsearchException: [es/search] failed: [parsing_exception] [match] malformed query, expected [END_OBJECT] but found [FIELD_NAME]
	at org.springframework.data.elasticsearch.client.elc.ElasticsearchExceptionTranslator.translateExceptionIfPossible(ElasticsearchExceptionTranslator.java:106)
	at org.springframework.data.elasticsearch.client.elc.ElasticsearchExceptionTranslator.translateException(ElasticsearchExceptionTranslator.java:65)
	at org.springframework.data.elasticsearch.client.elc.ElasticsearchTemplate.execute(ElasticsearchTemplate.java:704)
	at org.springframework.data.elasticsearch.client.elc.ElasticsearchTemplate.doSearch(ElasticsearchTemplate.java:369)
	at org.springframework.data.elasticsearch.client.elc.ElasticsearchTemplate.search(ElasticsearchTemplate.java:362)
	at com.catface_task.common.dao_es.impl.TaskES_DAOImpl.searchTasksByKeywords(TaskES_DAOImpl.java:59)
	at java.base/jdk.internal.reflect.DirectMethodHandleAccessor.invoke(DirectMethodHandleAccessor.java:103)
	at java.base/java.lang.reflect.Method.invoke(Method.java:580)
	at org.springframework.aop.support.AopUtils.invokeJoinpointUsingReflection(AopUtils.java:359)
	at org.springframework.aop.framework.ReflectiveMethodInvocation.invokeJoinpoint(ReflectiveMethodInvocation.java:196)
	at org.springframework.aop.framework.ReflectiveMethodInvocation.proceed(ReflectiveMethodInvocation.java:163)
	at org.springframework.dao.support.PersistenceExceptionTranslationInterceptor.invoke(PersistenceExceptionTranslationInterceptor.java:138)
	at org.springframework.aop.framework.ReflectiveMethodInvocation.proceed(ReflectiveMethodInvocation.java:184)
	at org.springframework.aop.framework.CglibAopProxy$DynamicAdvisedInterceptor.intercept(CglibAopProxy.java:727)
	at com.catface_task.common.dao_es.impl.TaskES_DAOImpl$$SpringCGLIB$$0.searchTasksByKeywords(<generated>)
	at com.catface_task.service.impl.TaskServiceImpl.searchByKeywords(TaskServiceImpl.java:85)
	at java.base/jdk.internal.reflect.DirectMethodHandleAccessor.invoke(DirectMethodHandleAccessor.java:103)
	at java.base/java.lang.reflect.Method.invoke(Method.java:580)
	at org.springframework.aop.support.AopUtils.invokeJoinpointUsingReflection(AopUtils.java:359)
	at org.springframework.aop.framework.CglibAopProxy$DynamicAdvisedInterceptor.intercept(CglibAopProxy.java:723)
	at com.catface_task.service.impl.TaskServiceImpl$$SpringCGLIB$$0.searchByKeywords(<generated>)
	at com.catface_task.controller.TaskController.getRecentTasks(TaskController.java:51)
	at java.base/jdk.internal.reflect.DirectMethodHandleAccessor.invoke(DirectMethodHandleAccessor.java:103)
	at java.base/java.lang.reflect.Method.invoke(Method.java:580)
	at org.springframework.web.method.support.InvocableHandlerMethod.doInvoke(InvocableHandlerMethod.java:255)
	at org.springframework.web.method.support.InvocableHandlerMethod.invokeForRequest(InvocableHandlerMethod.java:188)
	at org.springframework.web.servlet.mvc.method.annotation.ServletInvocableHandlerMethod.invokeAndHandle(ServletInvocableHandlerMethod.java:118)
	at org.springframework.web.servlet.mvc.method.annotation.RequestMappingHandlerAdapter.invokeHandlerMethod(RequestMappingHandlerAdapter.java:986)
	at org.springframework.web.servlet.mvc.method.annotation.RequestMappingHandlerAdapter.handleInternal(RequestMappingHandlerAdapter.java:891)
	at org.springframework.web.servlet.mvc.method.AbstractHandlerMethodAdapter.handle(AbstractHandlerMethodAdapter.java:87)
	at org.springframework.web.servlet.DispatcherServlet.doDispatch(DispatcherServlet.java:1088)
	at org.springframework.web.servlet.DispatcherServlet.doService(DispatcherServlet.java:978)
	at org.springframework.web.servlet.FrameworkServlet.processRequest(FrameworkServlet.java:1014)
	at org.springframework.web.servlet.FrameworkServlet.doGet(FrameworkServlet.java:903)
	at jakarta.servlet.http.HttpServlet.service(HttpServlet.java:564)
	at org.springframework.web.servlet.FrameworkServlet.service(FrameworkServlet.java:885)
	at jakarta.servlet.http.HttpServlet.service(HttpServlet.java:658)
	at org.apache.catalina.core.ApplicationFilterChain.internalDoFilter(ApplicationFilterChain.java:195)
	at org.apache.catalina.core.ApplicationFilterChain.doFilter(ApplicationFilterChain.java:140)
	at org.apache.tomcat.websocket.server.WsFilter.doFilter(WsFilter.java:51)
	at org.apache.catalina.core.ApplicationFilterChain.internalDoFilter(ApplicationFilterChain.java:164)
	at org.apache.catalina.core.ApplicationFilterChain.doFilter(ApplicationFilterChain.java:140)
	at org.springframework.web.filter.RequestContextFilter.doFilterInternal(RequestContextFilter.java:100)
	at org.springframework.web.filter.OncePerRequestFilter.doFilter(OncePerRequestFilter.java:116)
	at org.apache.catalina.core.ApplicationFilterChain.internalDoFilter(ApplicationFilterChain.java:164)
	at org.apache.catalina.core.ApplicationFilterChain.doFilter(ApplicationFilterChain.java:140)
	at org.springframework.web.filter.FormContentFilter.doFilterInternal(FormContentFilter.java:93)
	at org.springframework.web.filter.OncePerRequestFilter.doFilter(OncePerRequestFilter.java:116)
	at org.apache.catalina.core.ApplicationFilterChain.internalDoFilter(ApplicationFilterChain.java:164)
	at org.apache.catalina.core.ApplicationFilterChain.doFilter(ApplicationFilterChain.java:140)
	at org.springframework.web.filter.CharacterEncodingFilter.doFilterInternal(CharacterEncodingFilter.java:201)
	at org.springframework.web.filter.OncePerRequestFilter.doFilter(OncePerRequestFilter.java:116)
	at org.apache.catalina.core.ApplicationFilterChain.internalDoFilter(ApplicationFilterChain.java:164)
	at org.apache.catalina.core.ApplicationFilterChain.doFilter(ApplicationFilterChain.java:140)
	at org.apache.catalina.core.StandardWrapperValve.invoke(StandardWrapperValve.java:167)
	at org.apache.catalina.core.StandardContextValve.invoke(StandardContextValve.java:90)
	at org.apache.catalina.authenticator.AuthenticatorBase.invoke(AuthenticatorBase.java:483)
	at org.apache.catalina.core.StandardHostValve.invoke(StandardHostValve.java:115)
	at org.apache.catalina.valves.ErrorReportValve.invoke(ErrorReportValve.java:93)
	at org.apache.catalina.core.StandardEngineValve.invoke(StandardEngineValve.java:74)
	at org.apache.catalina.connector.CoyoteAdapter.service(CoyoteAdapter.java:344)
	at org.apache.coyote.http11.Http11Processor.service(Http11Processor.java:397)
	at org.apache.coyote.AbstractProcessorLight.process(AbstractProcessorLight.java:63)
	at org.apache.coyote.AbstractProtocol$ConnectionHandler.process(AbstractProtocol.java:905)
	at org.apache.tomcat.util.net.NioEndpoint$SocketProcessor.doRun(NioEndpoint.java:1741)
	at org.apache.tomcat.util.net.SocketProcessorBase.run(SocketProcessorBase.java:52)
	at org.apache.tomcat.util.threads.ThreadPoolExecutor.runWorker(ThreadPoolExecutor.java:1190)
	at org.apache.tomcat.util.threads.ThreadPoolExecutor$Worker.run(ThreadPoolExecutor.java:659)
	at org.apache.tomcat.util.threads.TaskThread$WrappingRunnable.run(TaskThread.java:63)
	at java.base/java.lang.Thread.run(Thread.java:1583)
Caused by: co.elastic.clients.elasticsearch._types.ElasticsearchException: [es/search] failed: [parsing_exception] [match] malformed query, expected [END_OBJECT] but found [FIELD_NAME]
	at co.elastic.clients.transport.ElasticsearchTransportBase.getApiResponse(ElasticsearchTransportBase.java:345)
	at co.elastic.clients.transport.ElasticsearchTransportBase.performRequest(ElasticsearchTransportBase.java:147)
	at co.elastic.clients.elasticsearch.ElasticsearchClient.search(ElasticsearchClient.java:1965)
	at org.springframework.data.elasticsearch.client.elc.ElasticsearchTemplate.lambda$doSearch$15(ElasticsearchTemplate.java:369)
	at org.springframework.data.elasticsearch.client.elc.ElasticsearchTemplate.execute(ElasticsearchTemplate.java:702)
	... 67 common frames omitted
2024-12-04 15:38:24.433|ERROR||||||[http-nio-8009-exec-3]|o.a.c.c.C.[.[.[.[dispatcherServlet] - [log,175] - Servlet.service() for servlet [dispatcherServlet] in context with path [] threw exception [Request processing failed: org.springframework.data.mapping.MappingException: No property task found on entity class com.catface_task.common.model_es.TaskES to bind constructor parameter to] with root cause
org.springframework.data.mapping.MappingException: No property task found on entity class com.catface_task.common.model_es.TaskES to bind constructor parameter to
	at org.springframework.data.mapping.model.PersistentEntityParameterValueProvider.getParameterValue(PersistentEntityParameterValueProvider.java:69)
	at org.springframework.data.mapping.model.ValueExpressionParameterValueProvider.getParameterValue(ValueExpressionParameterValueProvider.java:56)
	at org.springframework.data.mapping.model.ClassGeneratingEntityInstantiator.extractInvocationArguments(ClassGeneratingEntityInstantiator.java:301)
	at org.springframework.data.mapping.model.ClassGeneratingEntityInstantiator$EntityInstantiatorAdapter.createInstance(ClassGeneratingEntityInstantiator.java:273)
	at org.springframework.data.mapping.model.ClassGeneratingEntityInstantiator.createInstance(ClassGeneratingEntityInstantiator.java:98)
	at org.springframework.data.elasticsearch.core.convert.MappingElasticsearchConverter$Reader.readEntity(MappingElasticsearchConverter.java:349)
	at org.springframework.data.elasticsearch.core.convert.MappingElasticsearchConverter$Reader.read(MappingElasticsearchConverter.java:288)
	at org.springframework.data.elasticsearch.core.convert.MappingElasticsearchConverter$Reader.read(MappingElasticsearchConverter.java:247)
	at org.springframework.data.elasticsearch.core.convert.MappingElasticsearchConverter.read(MappingElasticsearchConverter.java:184)
	at org.springframework.data.elasticsearch.core.convert.MappingElasticsearchConverter.read(MappingElasticsearchConverter.java:90)
	at org.springframework.data.elasticsearch.core.AbstractElasticsearchTemplate$ReadDocumentCallback.doWith(AbstractElasticsearchTemplate.java:763)
	at java.base/java.util.stream.ReferencePipeline$3$1.accept(ReferencePipeline.java:197)
	at java.base/java.util.ArrayList$ArrayListSpliterator.forEachRemaining(ArrayList.java:1708)
	at java.base/java.util.stream.AbstractPipeline.copyInto(AbstractPipeline.java:509)
	at java.base/java.util.stream.AbstractPipeline.wrapAndCopyInto(AbstractPipeline.java:499)
	at java.base/java.util.stream.ReduceOps$ReduceOp.evaluateSequential(ReduceOps.java:921)
	at java.base/java.util.stream.AbstractPipeline.evaluate(AbstractPipeline.java:234)
	at java.base/java.util.stream.ReferencePipeline.collect(ReferencePipeline.java:682)
	at org.springframework.data.elasticsearch.core.AbstractElasticsearchTemplate$ReadSearchDocumentResponseCallback.doWith(AbstractElasticsearchTemplate.java:799)
	at org.springframework.data.elasticsearch.core.AbstractElasticsearchTemplate$ReadSearchDocumentResponseCallback.doWith(AbstractElasticsearchTemplate.java:785)
	at org.springframework.data.elasticsearch.client.elc.ElasticsearchTemplate.doSearch(ElasticsearchTemplate.java:376)
	at org.springframework.data.elasticsearch.client.elc.ElasticsearchTemplate.search(ElasticsearchTemplate.java:362)
	at org.springframework.data.elasticsearch.repository.query.AbstractElasticsearchRepositoryQuery.execute(AbstractElasticsearchRepositoryQuery.java:123)
	at org.springframework.data.repository.core.support.RepositoryMethodInvoker.doInvoke(RepositoryMethodInvoker.java:170)
	at org.springframework.data.repository.core.support.RepositoryMethodInvoker.invoke(RepositoryMethodInvoker.java:158)
	at org.springframework.data.repository.core.support.QueryExecutorMethodInterceptor.doInvoke(QueryExecutorMethodInterceptor.java:170)
	at org.springframework.data.repository.core.support.QueryExecutorMethodInterceptor.invoke(QueryExecutorMethodInterceptor.java:149)
	at org.springframework.aop.framework.ReflectiveMethodInvocation.proceed(ReflectiveMethodInvocation.java:184)
	at org.springframework.aop.framework.JdkDynamicAopProxy.invoke(JdkDynamicAopProxy.java:223)
	at jdk.proxy2/jdk.proxy2.$Proxy86.findByTitleOrDescriptionOrPosition(Unknown Source)
	at java.base/jdk.internal.reflect.DirectMethodHandleAccessor.invoke(DirectMethodHandleAccessor.java:103)
	at java.base/java.lang.reflect.Method.invoke(Method.java:580)
	at org.springframework.aop.support.AopUtils.invokeJoinpointUsingReflection(AopUtils.java:359)
	at org.springframework.aop.framework.ReflectiveMethodInvocation.invokeJoinpoint(ReflectiveMethodInvocation.java:196)
	at org.springframework.aop.framework.ReflectiveMethodInvocation.proceed(ReflectiveMethodInvocation.java:163)
	at org.springframework.dao.support.PersistenceExceptionTranslationInterceptor.invoke(PersistenceExceptionTranslationInterceptor.java:138)
	at org.springframework.aop.framework.ReflectiveMethodInvocation.proceed(ReflectiveMethodInvocation.java:184)
	at org.springframework.aop.framework.JdkDynamicAopProxy.invoke(JdkDynamicAopProxy.java:223)
	at jdk.proxy2/jdk.proxy2.$Proxy86.findByTitleOrDescriptionOrPosition(Unknown Source)
	at com.catface_task.service.impl.TaskServiceImpl.test(TaskServiceImpl.java:94)
	at java.base/jdk.internal.reflect.DirectMethodHandleAccessor.invoke(DirectMethodHandleAccessor.java:103)
	at java.base/java.lang.reflect.Method.invoke(Method.java:580)
	at org.springframework.aop.support.AopUtils.invokeJoinpointUsingReflection(AopUtils.java:359)
	at org.springframework.aop.framework.CglibAopProxy$DynamicAdvisedInterceptor.intercept(CglibAopProxy.java:723)
	at com.catface_task.service.impl.TaskServiceImpl$$SpringCGLIB$$0.test(<generated>)
	at com.catface_task.controller.TaskController.getRecentTasks(TaskController.java:52)
	at java.base/jdk.internal.reflect.DirectMethodHandleAccessor.invoke(DirectMethodHandleAccessor.java:103)
	at java.base/java.lang.reflect.Method.invoke(Method.java:580)
	at org.springframework.web.method.support.InvocableHandlerMethod.doInvoke(InvocableHandlerMethod.java:255)
	at org.springframework.web.method.support.InvocableHandlerMethod.invokeForRequest(InvocableHandlerMethod.java:188)
	at org.springframework.web.servlet.mvc.method.annotation.ServletInvocableHandlerMethod.invokeAndHandle(ServletInvocableHandlerMethod.java:118)
	at org.springframework.web.servlet.mvc.method.annotation.RequestMappingHandlerAdapter.invokeHandlerMethod(RequestMappingHandlerAdapter.java:986)
	at org.springframework.web.servlet.mvc.method.annotation.RequestMappingHandlerAdapter.handleInternal(RequestMappingHandlerAdapter.java:891)
	at org.springframework.web.servlet.mvc.method.AbstractHandlerMethodAdapter.handle(AbstractHandlerMethodAdapter.java:87)
	at org.springframework.web.servlet.DispatcherServlet.doDispatch(DispatcherServlet.java:1088)
	at org.springframework.web.servlet.DispatcherServlet.doService(DispatcherServlet.java:978)
	at org.springframework.web.servlet.FrameworkServlet.processRequest(FrameworkServlet.java:1014)
	at org.springframework.web.servlet.FrameworkServlet.doGet(FrameworkServlet.java:903)
	at jakarta.servlet.http.HttpServlet.service(HttpServlet.java:564)
	at org.springframework.web.servlet.FrameworkServlet.service(FrameworkServlet.java:885)
	at jakarta.servlet.http.HttpServlet.service(HttpServlet.java:658)
	at org.apache.catalina.core.ApplicationFilterChain.internalDoFilter(ApplicationFilterChain.java:195)
	at org.apache.catalina.core.ApplicationFilterChain.doFilter(ApplicationFilterChain.java:140)
	at org.apache.tomcat.websocket.server.WsFilter.doFilter(WsFilter.java:51)
	at org.apache.catalina.core.ApplicationFilterChain.internalDoFilter(ApplicationFilterChain.java:164)
	at org.apache.catalina.core.ApplicationFilterChain.doFilter(ApplicationFilterChain.java:140)
	at org.springframework.web.filter.RequestContextFilter.doFilterInternal(RequestContextFilter.java:100)
	at org.springframework.web.filter.OncePerRequestFilter.doFilter(OncePerRequestFilter.java:116)
	at org.apache.catalina.core.ApplicationFilterChain.internalDoFilter(ApplicationFilterChain.java:164)
	at org.apache.catalina.core.ApplicationFilterChain.doFilter(ApplicationFilterChain.java:140)
	at org.springframework.web.filter.FormContentFilter.doFilterInternal(FormContentFilter.java:93)
	at org.springframework.web.filter.OncePerRequestFilter.doFilter(OncePerRequestFilter.java:116)
	at org.apache.catalina.core.ApplicationFilterChain.internalDoFilter(ApplicationFilterChain.java:164)
	at org.apache.catalina.core.ApplicationFilterChain.doFilter(ApplicationFilterChain.java:140)
	at org.springframework.web.filter.CharacterEncodingFilter.doFilterInternal(CharacterEncodingFilter.java:201)
	at org.springframework.web.filter.OncePerRequestFilter.doFilter(OncePerRequestFilter.java:116)
	at org.apache.catalina.core.ApplicationFilterChain.internalDoFilter(ApplicationFilterChain.java:164)
	at org.apache.catalina.core.ApplicationFilterChain.doFilter(ApplicationFilterChain.java:140)
	at org.apache.catalina.core.StandardWrapperValve.invoke(StandardWrapperValve.java:167)
	at org.apache.catalina.core.StandardContextValve.invoke(StandardContextValve.java:90)
	at org.apache.catalina.authenticator.AuthenticatorBase.invoke(AuthenticatorBase.java:483)
	at org.apache.catalina.core.StandardHostValve.invoke(StandardHostValve.java:115)
	at org.apache.catalina.valves.ErrorReportValve.invoke(ErrorReportValve.java:93)
	at org.apache.catalina.core.StandardEngineValve.invoke(StandardEngineValve.java:74)
	at org.apache.catalina.connector.CoyoteAdapter.service(CoyoteAdapter.java:344)
	at org.apache.coyote.http11.Http11Processor.service(Http11Processor.java:397)
	at org.apache.coyote.AbstractProcessorLight.process(AbstractProcessorLight.java:63)
	at org.apache.coyote.AbstractProtocol$ConnectionHandler.process(AbstractProtocol.java:905)
	at org.apache.tomcat.util.net.NioEndpoint$SocketProcessor.doRun(NioEndpoint.java:1741)
	at org.apache.tomcat.util.net.SocketProcessorBase.run(SocketProcessorBase.java:52)
	at org.apache.tomcat.util.threads.ThreadPoolExecutor.runWorker(ThreadPoolExecutor.java:1190)
	at org.apache.tomcat.util.threads.ThreadPoolExecutor$Worker.run(ThreadPoolExecutor.java:659)
	at org.apache.tomcat.util.threads.TaskThread$WrappingRunnable.run(TaskThread.java:63)
	at java.base/java.lang.Thread.run(Thread.java:1583)
2024-12-04 15:56:25.574|ERROR||||||[http-nio-8009-exec-3]|c.c.c.d.i.TaskES_DAOImpl - [searchTasksByKeywords,70] - Error while searching tasks by keywords: 
java.lang.NullPointerException: Cannot invoke "com.catface_task.common.model.Task.getTaskId()" because "task" is null
	at com.catface_task.common.model_es.TaskES.<init>(TaskES.java:57)
	at com.alibaba.fastjson2.reader.ConstructorFunction.apply(ConstructorFunction.java:148)
	at com.alibaba.fastjson2.reader.ConstructorFunction.apply(ConstructorFunction.java:15)
	at com.alibaba.fastjson2.reader.ObjectReaderNoneDefaultConstructor.readObject(ObjectReaderNoneDefaultConstructor.java:351)
	at com.alibaba.fastjson.JSON.parseObject(JSON.java:542)
	at com.catface_task.common.dao_es.impl.TaskES_DAOImpl.searchTasksByKeywords(TaskES_DAOImpl.java:62)
	at java.base/jdk.internal.reflect.DirectMethodHandleAccessor.invoke(DirectMethodHandleAccessor.java:103)
	at java.base/java.lang.reflect.Method.invoke(Method.java:580)
	at org.springframework.aop.support.AopUtils.invokeJoinpointUsingReflection(AopUtils.java:359)
	at org.springframework.aop.framework.ReflectiveMethodInvocation.invokeJoinpoint(ReflectiveMethodInvocation.java:196)
	at org.springframework.aop.framework.ReflectiveMethodInvocation.proceed(ReflectiveMethodInvocation.java:163)
	at org.springframework.dao.support.PersistenceExceptionTranslationInterceptor.invoke(PersistenceExceptionTranslationInterceptor.java:138)
	at org.springframework.aop.framework.ReflectiveMethodInvocation.proceed(ReflectiveMethodInvocation.java:184)
	at org.springframework.aop.framework.CglibAopProxy$DynamicAdvisedInterceptor.intercept(CglibAopProxy.java:727)
	at com.catface_task.common.dao_es.impl.TaskES_DAOImpl$$SpringCGLIB$$0.searchTasksByKeywords(<generated>)
	at com.catface_task.service.impl.TaskServiceImpl.searchByKeywords(TaskServiceImpl.java:84)
	at java.base/jdk.internal.reflect.DirectMethodHandleAccessor.invoke(DirectMethodHandleAccessor.java:103)
	at java.base/java.lang.reflect.Method.invoke(Method.java:580)
	at org.springframework.aop.support.AopUtils.invokeJoinpointUsingReflection(AopUtils.java:359)
	at org.springframework.aop.framework.CglibAopProxy$DynamicAdvisedInterceptor.intercept(CglibAopProxy.java:723)
	at com.catface_task.service.impl.TaskServiceImpl$$SpringCGLIB$$0.searchByKeywords(<generated>)
	at com.catface_task.controller.TaskController.getRecentTasks(TaskController.java:51)
	at java.base/jdk.internal.reflect.DirectMethodHandleAccessor.invoke(DirectMethodHandleAccessor.java:103)
	at java.base/java.lang.reflect.Method.invoke(Method.java:580)
	at org.springframework.web.method.support.InvocableHandlerMethod.doInvoke(InvocableHandlerMethod.java:255)
	at org.springframework.web.method.support.InvocableHandlerMethod.invokeForRequest(InvocableHandlerMethod.java:188)
	at org.springframework.web.servlet.mvc.method.annotation.ServletInvocableHandlerMethod.invokeAndHandle(ServletInvocableHandlerMethod.java:118)
	at org.springframework.web.servlet.mvc.method.annotation.RequestMappingHandlerAdapter.invokeHandlerMethod(RequestMappingHandlerAdapter.java:986)
	at org.springframework.web.servlet.mvc.method.annotation.RequestMappingHandlerAdapter.handleInternal(RequestMappingHandlerAdapter.java:891)
	at org.springframework.web.servlet.mvc.method.AbstractHandlerMethodAdapter.handle(AbstractHandlerMethodAdapter.java:87)
	at org.springframework.web.servlet.DispatcherServlet.doDispatch(DispatcherServlet.java:1088)
	at org.springframework.web.servlet.DispatcherServlet.doService(DispatcherServlet.java:978)
	at org.springframework.web.servlet.FrameworkServlet.processRequest(FrameworkServlet.java:1014)
	at org.springframework.web.servlet.FrameworkServlet.doGet(FrameworkServlet.java:903)
	at jakarta.servlet.http.HttpServlet.service(HttpServlet.java:564)
	at org.springframework.web.servlet.FrameworkServlet.service(FrameworkServlet.java:885)
	at jakarta.servlet.http.HttpServlet.service(HttpServlet.java:658)
	at org.apache.catalina.core.ApplicationFilterChain.internalDoFilter(ApplicationFilterChain.java:195)
	at org.apache.catalina.core.ApplicationFilterChain.doFilter(ApplicationFilterChain.java:140)
	at org.apache.tomcat.websocket.server.WsFilter.doFilter(WsFilter.java:51)
	at org.apache.catalina.core.ApplicationFilterChain.internalDoFilter(ApplicationFilterChain.java:164)
	at org.apache.catalina.core.ApplicationFilterChain.doFilter(ApplicationFilterChain.java:140)
	at org.springframework.web.filter.RequestContextFilter.doFilterInternal(RequestContextFilter.java:100)
	at org.springframework.web.filter.OncePerRequestFilter.doFilter(OncePerRequestFilter.java:116)
	at org.apache.catalina.core.ApplicationFilterChain.internalDoFilter(ApplicationFilterChain.java:164)
	at org.apache.catalina.core.ApplicationFilterChain.doFilter(ApplicationFilterChain.java:140)
	at org.springframework.web.filter.FormContentFilter.doFilterInternal(FormContentFilter.java:93)
	at org.springframework.web.filter.OncePerRequestFilter.doFilter(OncePerRequestFilter.java:116)
	at org.apache.catalina.core.ApplicationFilterChain.internalDoFilter(ApplicationFilterChain.java:164)
	at org.apache.catalina.core.ApplicationFilterChain.doFilter(ApplicationFilterChain.java:140)
	at org.springframework.web.filter.CharacterEncodingFilter.doFilterInternal(CharacterEncodingFilter.java:201)
	at org.springframework.web.filter.OncePerRequestFilter.doFilter(OncePerRequestFilter.java:116)
	at org.apache.catalina.core.ApplicationFilterChain.internalDoFilter(ApplicationFilterChain.java:164)
	at org.apache.catalina.core.ApplicationFilterChain.doFilter(ApplicationFilterChain.java:140)
	at org.apache.catalina.core.StandardWrapperValve.invoke(StandardWrapperValve.java:167)
	at org.apache.catalina.core.StandardContextValve.invoke(StandardContextValve.java:90)
	at org.apache.catalina.authenticator.AuthenticatorBase.invoke(AuthenticatorBase.java:483)
	at org.apache.catalina.core.StandardHostValve.invoke(StandardHostValve.java:115)
	at org.apache.catalina.valves.ErrorReportValve.invoke(ErrorReportValve.java:93)
	at org.apache.catalina.core.StandardEngineValve.invoke(StandardEngineValve.java:74)
	at org.apache.catalina.connector.CoyoteAdapter.service(CoyoteAdapter.java:344)
	at org.apache.coyote.http11.Http11Processor.service(Http11Processor.java:397)
	at org.apache.coyote.AbstractProcessorLight.process(AbstractProcessorLight.java:63)
	at org.apache.coyote.AbstractProtocol$ConnectionHandler.process(AbstractProtocol.java:905)
	at org.apache.tomcat.util.net.NioEndpoint$SocketProcessor.doRun(NioEndpoint.java:1741)
	at org.apache.tomcat.util.net.SocketProcessorBase.run(SocketProcessorBase.java:52)
	at org.apache.tomcat.util.threads.ThreadPoolExecutor.runWorker(ThreadPoolExecutor.java:1190)
	at org.apache.tomcat.util.threads.ThreadPoolExecutor$Worker.run(ThreadPoolExecutor.java:659)
	at org.apache.tomcat.util.threads.TaskThread$WrappingRunnable.run(TaskThread.java:63)
	at java.base/java.lang.Thread.run(Thread.java:1583)
2024-12-04 16:03:24.632|ERROR||||||[http-nio-8009-exec-1]|o.a.c.c.C.[.[.[.[dispatcherServlet] - [log,175] - Servlet.service() for servlet [dispatcherServlet] in context with path [] threw exception [Request processing failed: org.mybatis.spring.MyBatisSystemException: 
### Error querying database.  Cause: org.apache.ibatis.binding.BindingException: Parameter 'taskId' not found. Available parameters are [list, param1]
### Cause: org.apache.ibatis.binding.BindingException: Parameter 'taskId' not found. Available parameters are [list, param1]] with root cause
org.apache.ibatis.binding.BindingException: Parameter 'taskId' not found. Available parameters are [list, param1]
	at org.apache.ibatis.binding.MapperMethod$ParamMap.get(MapperMethod.java:210)
	at org.apache.ibatis.reflection.wrapper.MapWrapper.get(MapWrapper.java:46)
	at org.apache.ibatis.reflection.MetaObject.getValue(MetaObject.java:115)
	at org.apache.ibatis.executor.BaseExecutor.createCacheKey(BaseExecutor.java:225)
	at org.apache.ibatis.executor.CachingExecutor.createCacheKey(CachingExecutor.java:149)
	at org.apache.ibatis.executor.CachingExecutor.query(CachingExecutor.java:89)
	at org.apache.ibatis.session.defaults.DefaultSqlSession.selectList(DefaultSqlSession.java:154)
	at org.apache.ibatis.session.defaults.DefaultSqlSession.selectList(DefaultSqlSession.java:147)
	at org.apache.ibatis.session.defaults.DefaultSqlSession.selectList(DefaultSqlSession.java:142)
	at java.base/jdk.internal.reflect.DirectMethodHandleAccessor.invoke(DirectMethodHandleAccessor.java:103)
	at java.base/java.lang.reflect.Method.invoke(Method.java:580)
	at org.mybatis.spring.SqlSessionTemplate$SqlSessionInterceptor.invoke(SqlSessionTemplate.java:333)
	at jdk.proxy2/jdk.proxy2.$Proxy80.selectList(Unknown Source)
	at org.mybatis.spring.SqlSessionTemplate.selectList(SqlSessionTemplate.java:194)
	at com.baomidou.mybatisplus.core.override.MybatisMapperMethod.executeForMany(MybatisMapperMethod.java:164)
	at com.baomidou.mybatisplus.core.override.MybatisMapperMethod.execute(MybatisMapperMethod.java:77)
	at com.baomidou.mybatisplus.core.override.MybatisMapperProxy$PlainMethodInvoker.invoke(MybatisMapperProxy.java:152)
	at com.baomidou.mybatisplus.core.override.MybatisMapperProxy.invoke(MybatisMapperProxy.java:89)
	at jdk.proxy2/jdk.proxy2.$Proxy81.selectByIds(Unknown Source)
	at com.catface_task.service.impl.TaskServiceImpl.searchByKeywords(TaskServiceImpl.java:89)
	at java.base/jdk.internal.reflect.DirectMethodHandleAccessor.invoke(DirectMethodHandleAccessor.java:103)
	at java.base/java.lang.reflect.Method.invoke(Method.java:580)
	at org.springframework.aop.support.AopUtils.invokeJoinpointUsingReflection(AopUtils.java:359)
	at org.springframework.aop.framework.CglibAopProxy$DynamicAdvisedInterceptor.intercept(CglibAopProxy.java:723)
	at com.catface_task.service.impl.TaskServiceImpl$$SpringCGLIB$$0.searchByKeywords(<generated>)
	at com.catface_task.controller.TaskController.getRecentTasks(TaskController.java:51)
	at java.base/jdk.internal.reflect.DirectMethodHandleAccessor.invoke(DirectMethodHandleAccessor.java:103)
	at java.base/java.lang.reflect.Method.invoke(Method.java:580)
	at org.springframework.web.method.support.InvocableHandlerMethod.doInvoke(InvocableHandlerMethod.java:255)
	at org.springframework.web.method.support.InvocableHandlerMethod.invokeForRequest(InvocableHandlerMethod.java:188)
	at org.springframework.web.servlet.mvc.method.annotation.ServletInvocableHandlerMethod.invokeAndHandle(ServletInvocableHandlerMethod.java:118)
	at org.springframework.web.servlet.mvc.method.annotation.RequestMappingHandlerAdapter.invokeHandlerMethod(RequestMappingHandlerAdapter.java:986)
	at org.springframework.web.servlet.mvc.method.annotation.RequestMappingHandlerAdapter.handleInternal(RequestMappingHandlerAdapter.java:891)
	at org.springframework.web.servlet.mvc.method.AbstractHandlerMethodAdapter.handle(AbstractHandlerMethodAdapter.java:87)
	at org.springframework.web.servlet.DispatcherServlet.doDispatch(DispatcherServlet.java:1088)
	at org.springframework.web.servlet.DispatcherServlet.doService(DispatcherServlet.java:978)
	at org.springframework.web.servlet.FrameworkServlet.processRequest(FrameworkServlet.java:1014)
	at org.springframework.web.servlet.FrameworkServlet.doGet(FrameworkServlet.java:903)
	at jakarta.servlet.http.HttpServlet.service(HttpServlet.java:564)
	at org.springframework.web.servlet.FrameworkServlet.service(FrameworkServlet.java:885)
	at jakarta.servlet.http.HttpServlet.service(HttpServlet.java:658)
	at org.apache.catalina.core.ApplicationFilterChain.internalDoFilter(ApplicationFilterChain.java:195)
	at org.apache.catalina.core.ApplicationFilterChain.doFilter(ApplicationFilterChain.java:140)
	at org.apache.tomcat.websocket.server.WsFilter.doFilter(WsFilter.java:51)
	at org.apache.catalina.core.ApplicationFilterChain.internalDoFilter(ApplicationFilterChain.java:164)
	at org.apache.catalina.core.ApplicationFilterChain.doFilter(ApplicationFilterChain.java:140)
	at org.springframework.web.filter.RequestContextFilter.doFilterInternal(RequestContextFilter.java:100)
	at org.springframework.web.filter.OncePerRequestFilter.doFilter(OncePerRequestFilter.java:116)
	at org.apache.catalina.core.ApplicationFilterChain.internalDoFilter(ApplicationFilterChain.java:164)
	at org.apache.catalina.core.ApplicationFilterChain.doFilter(ApplicationFilterChain.java:140)
	at org.springframework.web.filter.FormContentFilter.doFilterInternal(FormContentFilter.java:93)
	at org.springframework.web.filter.OncePerRequestFilter.doFilter(OncePerRequestFilter.java:116)
	at org.apache.catalina.core.ApplicationFilterChain.internalDoFilter(ApplicationFilterChain.java:164)
	at org.apache.catalina.core.ApplicationFilterChain.doFilter(ApplicationFilterChain.java:140)
	at org.springframework.web.filter.CharacterEncodingFilter.doFilterInternal(CharacterEncodingFilter.java:201)
	at org.springframework.web.filter.OncePerRequestFilter.doFilter(OncePerRequestFilter.java:116)
	at org.apache.catalina.core.ApplicationFilterChain.internalDoFilter(ApplicationFilterChain.java:164)
	at org.apache.catalina.core.ApplicationFilterChain.doFilter(ApplicationFilterChain.java:140)
	at org.apache.catalina.core.StandardWrapperValve.invoke(StandardWrapperValve.java:167)
	at org.apache.catalina.core.StandardContextValve.invoke(StandardContextValve.java:90)
	at org.apache.catalina.authenticator.AuthenticatorBase.invoke(AuthenticatorBase.java:483)
	at org.apache.catalina.core.StandardHostValve.invoke(StandardHostValve.java:115)
	at org.apache.catalina.valves.ErrorReportValve.invoke(ErrorReportValve.java:93)
	at org.apache.catalina.core.StandardEngineValve.invoke(StandardEngineValve.java:74)
	at org.apache.catalina.connector.CoyoteAdapter.service(CoyoteAdapter.java:344)
	at org.apache.coyote.http11.Http11Processor.service(Http11Processor.java:397)
	at org.apache.coyote.AbstractProcessorLight.process(AbstractProcessorLight.java:63)
	at org.apache.coyote.AbstractProtocol$ConnectionHandler.process(AbstractProtocol.java:905)
	at org.apache.tomcat.util.net.NioEndpoint$SocketProcessor.doRun(NioEndpoint.java:1741)
	at org.apache.tomcat.util.net.SocketProcessorBase.run(SocketProcessorBase.java:52)
	at org.apache.tomcat.util.threads.ThreadPoolExecutor.runWorker(ThreadPoolExecutor.java:1190)
	at org.apache.tomcat.util.threads.ThreadPoolExecutor$Worker.run(ThreadPoolExecutor.java:659)
	at org.apache.tomcat.util.threads.TaskThread$WrappingRunnable.run(TaskThread.java:63)
	at java.base/java.lang.Thread.run(Thread.java:1583)
2024-12-04 16:05:44.015|ERROR||||||[http-nio-8009-exec-1]|o.a.c.c.C.[.[.[.[dispatcherServlet] - [log,175] - Servlet.service() for servlet [dispatcherServlet] in context with path [] threw exception [Request processing failed: org.mybatis.spring.MyBatisSystemException: 
### Error querying database.  Cause: org.apache.ibatis.binding.BindingException: Parameter 'taskId' not found. Available parameters are [list, param1]
### Cause: org.apache.ibatis.binding.BindingException: Parameter 'taskId' not found. Available parameters are [list, param1]] with root cause
org.apache.ibatis.binding.BindingException: Parameter 'taskId' not found. Available parameters are [list, param1]
	at org.apache.ibatis.binding.MapperMethod$ParamMap.get(MapperMethod.java:210)
	at org.apache.ibatis.reflection.wrapper.MapWrapper.get(MapWrapper.java:46)
	at org.apache.ibatis.reflection.MetaObject.getValue(MetaObject.java:115)
	at org.apache.ibatis.executor.BaseExecutor.createCacheKey(BaseExecutor.java:225)
	at org.apache.ibatis.executor.CachingExecutor.createCacheKey(CachingExecutor.java:149)
	at org.apache.ibatis.executor.CachingExecutor.query(CachingExecutor.java:89)
	at org.apache.ibatis.session.defaults.DefaultSqlSession.selectList(DefaultSqlSession.java:154)
	at org.apache.ibatis.session.defaults.DefaultSqlSession.selectList(DefaultSqlSession.java:147)
	at org.apache.ibatis.session.defaults.DefaultSqlSession.selectList(DefaultSqlSession.java:142)
	at java.base/jdk.internal.reflect.DirectMethodHandleAccessor.invoke(DirectMethodHandleAccessor.java:103)
	at java.base/java.lang.reflect.Method.invoke(Method.java:580)
	at org.mybatis.spring.SqlSessionTemplate$SqlSessionInterceptor.invoke(SqlSessionTemplate.java:333)
	at jdk.proxy2/jdk.proxy2.$Proxy80.selectList(Unknown Source)
	at org.mybatis.spring.SqlSessionTemplate.selectList(SqlSessionTemplate.java:194)
	at com.baomidou.mybatisplus.core.override.MybatisMapperMethod.executeForMany(MybatisMapperMethod.java:164)
	at com.baomidou.mybatisplus.core.override.MybatisMapperMethod.execute(MybatisMapperMethod.java:77)
	at com.baomidou.mybatisplus.core.override.MybatisMapperProxy$PlainMethodInvoker.invoke(MybatisMapperProxy.java:152)
	at com.baomidou.mybatisplus.core.override.MybatisMapperProxy.invoke(MybatisMapperProxy.java:89)
	at jdk.proxy2/jdk.proxy2.$Proxy81.selectByIds(Unknown Source)
	at com.catface_task.service.impl.TaskServiceImpl.searchByKeywords(TaskServiceImpl.java:89)
	at java.base/jdk.internal.reflect.DirectMethodHandleAccessor.invoke(DirectMethodHandleAccessor.java:103)
	at java.base/java.lang.reflect.Method.invoke(Method.java:580)
	at org.springframework.aop.support.AopUtils.invokeJoinpointUsingReflection(AopUtils.java:359)
	at org.springframework.aop.framework.CglibAopProxy$DynamicAdvisedInterceptor.intercept(CglibAopProxy.java:723)
	at com.catface_task.service.impl.TaskServiceImpl$$SpringCGLIB$$0.searchByKeywords(<generated>)
	at com.catface_task.controller.TaskController.getRecentTasks(TaskController.java:51)
	at java.base/jdk.internal.reflect.DirectMethodHandleAccessor.invoke(DirectMethodHandleAccessor.java:103)
	at java.base/java.lang.reflect.Method.invoke(Method.java:580)
	at org.springframework.web.method.support.InvocableHandlerMethod.doInvoke(InvocableHandlerMethod.java:255)
	at org.springframework.web.method.support.InvocableHandlerMethod.invokeForRequest(InvocableHandlerMethod.java:188)
	at org.springframework.web.servlet.mvc.method.annotation.ServletInvocableHandlerMethod.invokeAndHandle(ServletInvocableHandlerMethod.java:118)
	at org.springframework.web.servlet.mvc.method.annotation.RequestMappingHandlerAdapter.invokeHandlerMethod(RequestMappingHandlerAdapter.java:986)
	at org.springframework.web.servlet.mvc.method.annotation.RequestMappingHandlerAdapter.handleInternal(RequestMappingHandlerAdapter.java:891)
	at org.springframework.web.servlet.mvc.method.AbstractHandlerMethodAdapter.handle(AbstractHandlerMethodAdapter.java:87)
	at org.springframework.web.servlet.DispatcherServlet.doDispatch(DispatcherServlet.java:1088)
	at org.springframework.web.servlet.DispatcherServlet.doService(DispatcherServlet.java:978)
	at org.springframework.web.servlet.FrameworkServlet.processRequest(FrameworkServlet.java:1014)
	at org.springframework.web.servlet.FrameworkServlet.doGet(FrameworkServlet.java:903)
	at jakarta.servlet.http.HttpServlet.service(HttpServlet.java:564)
	at org.springframework.web.servlet.FrameworkServlet.service(FrameworkServlet.java:885)
	at jakarta.servlet.http.HttpServlet.service(HttpServlet.java:658)
	at org.apache.catalina.core.ApplicationFilterChain.internalDoFilter(ApplicationFilterChain.java:195)
	at org.apache.catalina.core.ApplicationFilterChain.doFilter(ApplicationFilterChain.java:140)
	at org.apache.tomcat.websocket.server.WsFilter.doFilter(WsFilter.java:51)
	at org.apache.catalina.core.ApplicationFilterChain.internalDoFilter(ApplicationFilterChain.java:164)
	at org.apache.catalina.core.ApplicationFilterChain.doFilter(ApplicationFilterChain.java:140)
	at org.springframework.web.filter.RequestContextFilter.doFilterInternal(RequestContextFilter.java:100)
	at org.springframework.web.filter.OncePerRequestFilter.doFilter(OncePerRequestFilter.java:116)
	at org.apache.catalina.core.ApplicationFilterChain.internalDoFilter(ApplicationFilterChain.java:164)
	at org.apache.catalina.core.ApplicationFilterChain.doFilter(ApplicationFilterChain.java:140)
	at org.springframework.web.filter.FormContentFilter.doFilterInternal(FormContentFilter.java:93)
	at org.springframework.web.filter.OncePerRequestFilter.doFilter(OncePerRequestFilter.java:116)
	at org.apache.catalina.core.ApplicationFilterChain.internalDoFilter(ApplicationFilterChain.java:164)
	at org.apache.catalina.core.ApplicationFilterChain.doFilter(ApplicationFilterChain.java:140)
	at org.springframework.web.filter.CharacterEncodingFilter.doFilterInternal(CharacterEncodingFilter.java:201)
	at org.springframework.web.filter.OncePerRequestFilter.doFilter(OncePerRequestFilter.java:116)
	at org.apache.catalina.core.ApplicationFilterChain.internalDoFilter(ApplicationFilterChain.java:164)
	at org.apache.catalina.core.ApplicationFilterChain.doFilter(ApplicationFilterChain.java:140)
	at org.apache.catalina.core.StandardWrapperValve.invoke(StandardWrapperValve.java:167)
	at org.apache.catalina.core.StandardContextValve.invoke(StandardContextValve.java:90)
	at org.apache.catalina.authenticator.AuthenticatorBase.invoke(AuthenticatorBase.java:483)
	at org.apache.catalina.core.StandardHostValve.invoke(StandardHostValve.java:115)
	at org.apache.catalina.valves.ErrorReportValve.invoke(ErrorReportValve.java:93)
	at org.apache.catalina.core.StandardEngineValve.invoke(StandardEngineValve.java:74)
	at org.apache.catalina.connector.CoyoteAdapter.service(CoyoteAdapter.java:344)
	at org.apache.coyote.http11.Http11Processor.service(Http11Processor.java:397)
	at org.apache.coyote.AbstractProcessorLight.process(AbstractProcessorLight.java:63)
	at org.apache.coyote.AbstractProtocol$ConnectionHandler.process(AbstractProtocol.java:905)
	at org.apache.tomcat.util.net.NioEndpoint$SocketProcessor.doRun(NioEndpoint.java:1741)
	at org.apache.tomcat.util.net.SocketProcessorBase.run(SocketProcessorBase.java:52)
	at org.apache.tomcat.util.threads.ThreadPoolExecutor.runWorker(ThreadPoolExecutor.java:1190)
	at org.apache.tomcat.util.threads.ThreadPoolExecutor$Worker.run(ThreadPoolExecutor.java:659)
	at org.apache.tomcat.util.threads.TaskThread$WrappingRunnable.run(TaskThread.java:63)
	at java.base/java.lang.Thread.run(Thread.java:1583)
2024-12-04 16:09:06.721|ERROR||||||[http-nio-8009-exec-1]|o.a.c.c.C.[.[.[.[dispatcherServlet] - [log,175] - Servlet.service() for servlet [dispatcherServlet] in context with path [] threw exception [Request processing failed: org.mybatis.spring.MyBatisSystemException: 
### Error querying database.  Cause: org.apache.ibatis.binding.BindingException: Parameter 'taskId' not found. Available parameters are [list, param1]
### Cause: org.apache.ibatis.binding.BindingException: Parameter 'taskId' not found. Available parameters are [list, param1]] with root cause
org.apache.ibatis.binding.BindingException: Parameter 'taskId' not found. Available parameters are [list, param1]
	at org.apache.ibatis.binding.MapperMethod$ParamMap.get(MapperMethod.java:210)
	at org.apache.ibatis.reflection.wrapper.MapWrapper.get(MapWrapper.java:46)
	at org.apache.ibatis.reflection.MetaObject.getValue(MetaObject.java:115)
	at org.apache.ibatis.executor.BaseExecutor.createCacheKey(BaseExecutor.java:225)
	at org.apache.ibatis.executor.CachingExecutor.createCacheKey(CachingExecutor.java:149)
	at org.apache.ibatis.executor.CachingExecutor.query(CachingExecutor.java:89)
	at org.apache.ibatis.session.defaults.DefaultSqlSession.selectList(DefaultSqlSession.java:154)
	at org.apache.ibatis.session.defaults.DefaultSqlSession.selectList(DefaultSqlSession.java:147)
	at org.apache.ibatis.session.defaults.DefaultSqlSession.selectList(DefaultSqlSession.java:142)
	at java.base/jdk.internal.reflect.DirectMethodHandleAccessor.invoke(DirectMethodHandleAccessor.java:103)
	at java.base/java.lang.reflect.Method.invoke(Method.java:580)
	at org.mybatis.spring.SqlSessionTemplate$SqlSessionInterceptor.invoke(SqlSessionTemplate.java:333)
	at jdk.proxy2/jdk.proxy2.$Proxy80.selectList(Unknown Source)
	at org.mybatis.spring.SqlSessionTemplate.selectList(SqlSessionTemplate.java:194)
	at com.baomidou.mybatisplus.core.override.MybatisMapperMethod.executeForMany(MybatisMapperMethod.java:164)
	at com.baomidou.mybatisplus.core.override.MybatisMapperMethod.execute(MybatisMapperMethod.java:77)
	at com.baomidou.mybatisplus.core.override.MybatisMapperProxy$PlainMethodInvoker.invoke(MybatisMapperProxy.java:152)
	at com.baomidou.mybatisplus.core.override.MybatisMapperProxy.invoke(MybatisMapperProxy.java:89)
	at jdk.proxy2/jdk.proxy2.$Proxy81.selectByIds(Unknown Source)
	at com.catface_task.service.impl.TaskServiceImpl.searchByKeywords(TaskServiceImpl.java:95)
	at java.base/jdk.internal.reflect.DirectMethodHandleAccessor.invoke(DirectMethodHandleAccessor.java:103)
	at java.base/java.lang.reflect.Method.invoke(Method.java:580)
	at org.springframework.aop.support.AopUtils.invokeJoinpointUsingReflection(AopUtils.java:359)
	at org.springframework.aop.framework.CglibAopProxy$DynamicAdvisedInterceptor.intercept(CglibAopProxy.java:723)
	at com.catface_task.service.impl.TaskServiceImpl$$SpringCGLIB$$0.searchByKeywords(<generated>)
	at com.catface_task.controller.TaskController.getRecentTasks(TaskController.java:51)
	at java.base/jdk.internal.reflect.DirectMethodHandleAccessor.invoke(DirectMethodHandleAccessor.java:103)
	at java.base/java.lang.reflect.Method.invoke(Method.java:580)
	at org.springframework.web.method.support.InvocableHandlerMethod.doInvoke(InvocableHandlerMethod.java:255)
	at org.springframework.web.method.support.InvocableHandlerMethod.invokeForRequest(InvocableHandlerMethod.java:188)
	at org.springframework.web.servlet.mvc.method.annotation.ServletInvocableHandlerMethod.invokeAndHandle(ServletInvocableHandlerMethod.java:118)
	at org.springframework.web.servlet.mvc.method.annotation.RequestMappingHandlerAdapter.invokeHandlerMethod(RequestMappingHandlerAdapter.java:986)
	at org.springframework.web.servlet.mvc.method.annotation.RequestMappingHandlerAdapter.handleInternal(RequestMappingHandlerAdapter.java:891)
	at org.springframework.web.servlet.mvc.method.AbstractHandlerMethodAdapter.handle(AbstractHandlerMethodAdapter.java:87)
	at org.springframework.web.servlet.DispatcherServlet.doDispatch(DispatcherServlet.java:1088)
	at org.springframework.web.servlet.DispatcherServlet.doService(DispatcherServlet.java:978)
	at org.springframework.web.servlet.FrameworkServlet.processRequest(FrameworkServlet.java:1014)
	at org.springframework.web.servlet.FrameworkServlet.doGet(FrameworkServlet.java:903)
	at jakarta.servlet.http.HttpServlet.service(HttpServlet.java:564)
	at org.springframework.web.servlet.FrameworkServlet.service(FrameworkServlet.java:885)
	at jakarta.servlet.http.HttpServlet.service(HttpServlet.java:658)
	at org.apache.catalina.core.ApplicationFilterChain.internalDoFilter(ApplicationFilterChain.java:195)
	at org.apache.catalina.core.ApplicationFilterChain.doFilter(ApplicationFilterChain.java:140)
	at org.apache.tomcat.websocket.server.WsFilter.doFilter(WsFilter.java:51)
	at org.apache.catalina.core.ApplicationFilterChain.internalDoFilter(ApplicationFilterChain.java:164)
	at org.apache.catalina.core.ApplicationFilterChain.doFilter(ApplicationFilterChain.java:140)
	at org.springframework.web.filter.RequestContextFilter.doFilterInternal(RequestContextFilter.java:100)
	at org.springframework.web.filter.OncePerRequestFilter.doFilter(OncePerRequestFilter.java:116)
	at org.apache.catalina.core.ApplicationFilterChain.internalDoFilter(ApplicationFilterChain.java:164)
	at org.apache.catalina.core.ApplicationFilterChain.doFilter(ApplicationFilterChain.java:140)
	at org.springframework.web.filter.FormContentFilter.doFilterInternal(FormContentFilter.java:93)
	at org.springframework.web.filter.OncePerRequestFilter.doFilter(OncePerRequestFilter.java:116)
	at org.apache.catalina.core.ApplicationFilterChain.internalDoFilter(ApplicationFilterChain.java:164)
	at org.apache.catalina.core.ApplicationFilterChain.doFilter(ApplicationFilterChain.java:140)
	at org.springframework.web.filter.CharacterEncodingFilter.doFilterInternal(CharacterEncodingFilter.java:201)
	at org.springframework.web.filter.OncePerRequestFilter.doFilter(OncePerRequestFilter.java:116)
	at org.apache.catalina.core.ApplicationFilterChain.internalDoFilter(ApplicationFilterChain.java:164)
	at org.apache.catalina.core.ApplicationFilterChain.doFilter(ApplicationFilterChain.java:140)
	at org.apache.catalina.core.StandardWrapperValve.invoke(StandardWrapperValve.java:167)
	at org.apache.catalina.core.StandardContextValve.invoke(StandardContextValve.java:90)
	at org.apache.catalina.authenticator.AuthenticatorBase.invoke(AuthenticatorBase.java:483)
	at org.apache.catalina.core.StandardHostValve.invoke(StandardHostValve.java:115)
	at org.apache.catalina.valves.ErrorReportValve.invoke(ErrorReportValve.java:93)
	at org.apache.catalina.core.StandardEngineValve.invoke(StandardEngineValve.java:74)
	at org.apache.catalina.connector.CoyoteAdapter.service(CoyoteAdapter.java:344)
	at org.apache.coyote.http11.Http11Processor.service(Http11Processor.java:397)
	at org.apache.coyote.AbstractProcessorLight.process(AbstractProcessorLight.java:63)
	at org.apache.coyote.AbstractProtocol$ConnectionHandler.process(AbstractProtocol.java:905)
	at org.apache.tomcat.util.net.NioEndpoint$SocketProcessor.doRun(NioEndpoint.java:1741)
	at org.apache.tomcat.util.net.SocketProcessorBase.run(SocketProcessorBase.java:52)
	at org.apache.tomcat.util.threads.ThreadPoolExecutor.runWorker(ThreadPoolExecutor.java:1190)
	at org.apache.tomcat.util.threads.ThreadPoolExecutor$Worker.run(ThreadPoolExecutor.java:659)
	at org.apache.tomcat.util.threads.TaskThread$WrappingRunnable.run(TaskThread.java:63)
	at java.base/java.lang.Thread.run(Thread.java:1583)
2024-12-04 16:09:55.867|ERROR||||||[http-nio-8009-exec-5]|o.a.c.c.C.[.[.[.[dispatcherServlet] - [log,175] - Servlet.service() for servlet [dispatcherServlet] in context with path [] threw exception [Request processing failed: org.mybatis.spring.MyBatisSystemException: 
### Error querying database.  Cause: org.apache.ibatis.binding.BindingException: Parameter 'taskId' not found. Available parameters are [list, param1]
### Cause: org.apache.ibatis.binding.BindingException: Parameter 'taskId' not found. Available parameters are [list, param1]] with root cause
org.apache.ibatis.binding.BindingException: Parameter 'taskId' not found. Available parameters are [list, param1]
	at org.apache.ibatis.binding.MapperMethod$ParamMap.get(MapperMethod.java:210)
	at org.apache.ibatis.reflection.wrapper.MapWrapper.get(MapWrapper.java:46)
	at org.apache.ibatis.reflection.MetaObject.getValue(MetaObject.java:115)
	at org.apache.ibatis.executor.BaseExecutor.createCacheKey(BaseExecutor.java:225)
	at org.apache.ibatis.executor.CachingExecutor.createCacheKey(CachingExecutor.java:149)
	at org.apache.ibatis.executor.CachingExecutor.query(CachingExecutor.java:89)
	at org.apache.ibatis.session.defaults.DefaultSqlSession.selectList(DefaultSqlSession.java:154)
	at org.apache.ibatis.session.defaults.DefaultSqlSession.selectList(DefaultSqlSession.java:147)
	at org.apache.ibatis.session.defaults.DefaultSqlSession.selectList(DefaultSqlSession.java:142)
	at java.base/jdk.internal.reflect.DirectMethodHandleAccessor.invoke(DirectMethodHandleAccessor.java:103)
	at java.base/java.lang.reflect.Method.invoke(Method.java:580)
	at org.mybatis.spring.SqlSessionTemplate$SqlSessionInterceptor.invoke(SqlSessionTemplate.java:333)
	at jdk.proxy2/jdk.proxy2.$Proxy80.selectList(Unknown Source)
	at org.mybatis.spring.SqlSessionTemplate.selectList(SqlSessionTemplate.java:194)
	at com.baomidou.mybatisplus.core.override.MybatisMapperMethod.executeForMany(MybatisMapperMethod.java:164)
	at com.baomidou.mybatisplus.core.override.MybatisMapperMethod.execute(MybatisMapperMethod.java:77)
	at com.baomidou.mybatisplus.core.override.MybatisMapperProxy$PlainMethodInvoker.invoke(MybatisMapperProxy.java:152)
	at com.baomidou.mybatisplus.core.override.MybatisMapperProxy.invoke(MybatisMapperProxy.java:89)
	at jdk.proxy2/jdk.proxy2.$Proxy81.selectByIds(Unknown Source)
	at com.catface_task.service.impl.TaskServiceImpl.searchByKeywords(TaskServiceImpl.java:95)
	at java.base/jdk.internal.reflect.DirectMethodHandleAccessor.invoke(DirectMethodHandleAccessor.java:103)
	at java.base/java.lang.reflect.Method.invoke(Method.java:580)
	at org.springframework.aop.support.AopUtils.invokeJoinpointUsingReflection(AopUtils.java:359)
	at org.springframework.aop.framework.CglibAopProxy$DynamicAdvisedInterceptor.intercept(CglibAopProxy.java:723)
	at com.catface_task.service.impl.TaskServiceImpl$$SpringCGLIB$$0.searchByKeywords(<generated>)
	at com.catface_task.controller.TaskController.getRecentTasks(TaskController.java:51)
	at java.base/jdk.internal.reflect.DirectMethodHandleAccessor.invoke(DirectMethodHandleAccessor.java:103)
	at java.base/java.lang.reflect.Method.invoke(Method.java:580)
	at org.springframework.web.method.support.InvocableHandlerMethod.doInvoke(InvocableHandlerMethod.java:255)
	at org.springframework.web.method.support.InvocableHandlerMethod.invokeForRequest(InvocableHandlerMethod.java:188)
	at org.springframework.web.servlet.mvc.method.annotation.ServletInvocableHandlerMethod.invokeAndHandle(ServletInvocableHandlerMethod.java:118)
	at org.springframework.web.servlet.mvc.method.annotation.RequestMappingHandlerAdapter.invokeHandlerMethod(RequestMappingHandlerAdapter.java:986)
	at org.springframework.web.servlet.mvc.method.annotation.RequestMappingHandlerAdapter.handleInternal(RequestMappingHandlerAdapter.java:891)
	at org.springframework.web.servlet.mvc.method.AbstractHandlerMethodAdapter.handle(AbstractHandlerMethodAdapter.java:87)
	at org.springframework.web.servlet.DispatcherServlet.doDispatch(DispatcherServlet.java:1088)
	at org.springframework.web.servlet.DispatcherServlet.doService(DispatcherServlet.java:978)
	at org.springframework.web.servlet.FrameworkServlet.processRequest(FrameworkServlet.java:1014)
	at org.springframework.web.servlet.FrameworkServlet.doGet(FrameworkServlet.java:903)
	at jakarta.servlet.http.HttpServlet.service(HttpServlet.java:564)
	at org.springframework.web.servlet.FrameworkServlet.service(FrameworkServlet.java:885)
	at jakarta.servlet.http.HttpServlet.service(HttpServlet.java:658)
	at org.apache.catalina.core.ApplicationFilterChain.internalDoFilter(ApplicationFilterChain.java:195)
	at org.apache.catalina.core.ApplicationFilterChain.doFilter(ApplicationFilterChain.java:140)
	at org.apache.tomcat.websocket.server.WsFilter.doFilter(WsFilter.java:51)
	at org.apache.catalina.core.ApplicationFilterChain.internalDoFilter(ApplicationFilterChain.java:164)
	at org.apache.catalina.core.ApplicationFilterChain.doFilter(ApplicationFilterChain.java:140)
	at org.springframework.web.filter.RequestContextFilter.doFilterInternal(RequestContextFilter.java:100)
	at org.springframework.web.filter.OncePerRequestFilter.doFilter(OncePerRequestFilter.java:116)
	at org.apache.catalina.core.ApplicationFilterChain.internalDoFilter(ApplicationFilterChain.java:164)
	at org.apache.catalina.core.ApplicationFilterChain.doFilter(ApplicationFilterChain.java:140)
	at org.springframework.web.filter.FormContentFilter.doFilterInternal(FormContentFilter.java:93)
	at org.springframework.web.filter.OncePerRequestFilter.doFilter(OncePerRequestFilter.java:116)
	at org.apache.catalina.core.ApplicationFilterChain.internalDoFilter(ApplicationFilterChain.java:164)
	at org.apache.catalina.core.ApplicationFilterChain.doFilter(ApplicationFilterChain.java:140)
	at org.springframework.web.filter.CharacterEncodingFilter.doFilterInternal(CharacterEncodingFilter.java:201)
	at org.springframework.web.filter.OncePerRequestFilter.doFilter(OncePerRequestFilter.java:116)
	at org.apache.catalina.core.ApplicationFilterChain.internalDoFilter(ApplicationFilterChain.java:164)
	at org.apache.catalina.core.ApplicationFilterChain.doFilter(ApplicationFilterChain.java:140)
	at org.apache.catalina.core.StandardWrapperValve.invoke(StandardWrapperValve.java:167)
	at org.apache.catalina.core.StandardContextValve.invoke(StandardContextValve.java:90)
	at org.apache.catalina.authenticator.AuthenticatorBase.invoke(AuthenticatorBase.java:483)
	at org.apache.catalina.core.StandardHostValve.invoke(StandardHostValve.java:115)
	at org.apache.catalina.valves.ErrorReportValve.invoke(ErrorReportValve.java:93)
	at org.apache.catalina.core.StandardEngineValve.invoke(StandardEngineValve.java:74)
	at org.apache.catalina.connector.CoyoteAdapter.service(CoyoteAdapter.java:344)
	at org.apache.coyote.http11.Http11Processor.service(Http11Processor.java:397)
	at org.apache.coyote.AbstractProcessorLight.process(AbstractProcessorLight.java:63)
	at org.apache.coyote.AbstractProtocol$ConnectionHandler.process(AbstractProtocol.java:905)
	at org.apache.tomcat.util.net.NioEndpoint$SocketProcessor.doRun(NioEndpoint.java:1741)
	at org.apache.tomcat.util.net.SocketProcessorBase.run(SocketProcessorBase.java:52)
	at org.apache.tomcat.util.threads.ThreadPoolExecutor.runWorker(ThreadPoolExecutor.java:1190)
	at org.apache.tomcat.util.threads.ThreadPoolExecutor$Worker.run(ThreadPoolExecutor.java:659)
	at org.apache.tomcat.util.threads.TaskThread$WrappingRunnable.run(TaskThread.java:63)
	at java.base/java.lang.Thread.run(Thread.java:1583)
2024-12-04 17:02:26.250|ERROR||||||[http-nio-8009-exec-5]|o.a.c.c.C.[.[.[.[dispatcherServlet] - [log,175] - Servlet.service() for servlet [dispatcherServlet] in context with path [] threw exception [Request processing failed: org.springframework.jdbc.BadSqlGrammarException: 
### Error querying database.  Cause: java.sql.SQLException: Operand should contain 1 column(s)
### The error may exist in file [D:\.File Data\IdeaProjects\catface_task\target\classes\mapper\TaskMapper.xml]
### The error may involve com.catface_task.common.mapper.TaskMapper.selectByIds-Inline
### The error occurred while setting parameters
### SQL: SELECT *         FROM tasks         WHERE task_id IN          (               ?          ,              ?          )          ORDER BY FIELD(task_id,          (               ?          ,              ?          ) );
### Cause: java.sql.SQLException: Operand should contain 1 column(s)
; bad SQL grammar []] with root cause
java.sql.SQLException: Operand should contain 1 column(s)
	at com.mysql.cj.jdbc.exceptions.SQLError.createSQLException(SQLError.java:130)
	at com.mysql.cj.jdbc.exceptions.SQLExceptionsMapping.translateException(SQLExceptionsMapping.java:122)
	at com.mysql.cj.jdbc.ClientPreparedStatement.executeInternal(ClientPreparedStatement.java:916)
	at com.mysql.cj.jdbc.ClientPreparedStatement.execute(ClientPreparedStatement.java:354)
	at com.zaxxer.hikari.pool.ProxyPreparedStatement.execute(ProxyPreparedStatement.java:44)
	at com.zaxxer.hikari.pool.HikariProxyPreparedStatement.execute(HikariProxyPreparedStatement.java)
	at java.base/jdk.internal.reflect.DirectMethodHandleAccessor.invoke(DirectMethodHandleAccessor.java:103)
	at java.base/java.lang.reflect.Method.invoke(Method.java:580)
	at org.apache.ibatis.logging.jdbc.PreparedStatementLogger.invoke(PreparedStatementLogger.java:58)
	at jdk.proxy3/jdk.proxy3.$Proxy96.execute(Unknown Source)
	at org.apache.ibatis.executor.statement.PreparedStatementHandler.query(PreparedStatementHandler.java:65)
	at org.apache.ibatis.executor.statement.RoutingStatementHandler.query(RoutingStatementHandler.java:80)
	at org.apache.ibatis.executor.SimpleExecutor.doQuery(SimpleExecutor.java:65)
	at org.apache.ibatis.executor.BaseExecutor.queryFromDatabase(BaseExecutor.java:336)
	at org.apache.ibatis.executor.BaseExecutor.query(BaseExecutor.java:158)
	at org.apache.ibatis.executor.CachingExecutor.query(CachingExecutor.java:110)
	at org.apache.ibatis.executor.CachingExecutor.query(CachingExecutor.java:90)
	at org.apache.ibatis.session.defaults.DefaultSqlSession.selectList(DefaultSqlSession.java:154)
	at org.apache.ibatis.session.defaults.DefaultSqlSession.selectList(DefaultSqlSession.java:147)
	at org.apache.ibatis.session.defaults.DefaultSqlSession.selectList(DefaultSqlSession.java:142)
	at java.base/jdk.internal.reflect.DirectMethodHandleAccessor.invoke(DirectMethodHandleAccessor.java:103)
	at java.base/java.lang.reflect.Method.invoke(Method.java:580)
	at org.mybatis.spring.SqlSessionTemplate$SqlSessionInterceptor.invoke(SqlSessionTemplate.java:333)
	at jdk.proxy2/jdk.proxy2.$Proxy80.selectList(Unknown Source)
	at org.mybatis.spring.SqlSessionTemplate.selectList(SqlSessionTemplate.java:194)
	at com.baomidou.mybatisplus.core.override.MybatisMapperMethod.executeForMany(MybatisMapperMethod.java:164)
	at com.baomidou.mybatisplus.core.override.MybatisMapperMethod.execute(MybatisMapperMethod.java:77)
	at com.baomidou.mybatisplus.core.override.MybatisMapperProxy$PlainMethodInvoker.invoke(MybatisMapperProxy.java:152)
	at com.baomidou.mybatisplus.core.override.MybatisMapperProxy.invoke(MybatisMapperProxy.java:89)
	at jdk.proxy2/jdk.proxy2.$Proxy81.selectByIds(Unknown Source)
	at com.catface_task.service.impl.TaskServiceImpl.TopK(TaskServiceImpl.java:108)
	at java.base/jdk.internal.reflect.DirectMethodHandleAccessor.invoke(DirectMethodHandleAccessor.java:103)
	at java.base/java.lang.reflect.Method.invoke(Method.java:580)
	at org.springframework.aop.support.AopUtils.invokeJoinpointUsingReflection(AopUtils.java:359)
	at org.springframework.aop.framework.CglibAopProxy$DynamicAdvisedInterceptor.intercept(CglibAopProxy.java:723)
	at com.catface_task.service.impl.TaskServiceImpl$$SpringCGLIB$$0.TopK(<generated>)
	at com.catface_task.controller.TaskController.getRecentTasks(TaskController.java:54)
	at java.base/jdk.internal.reflect.DirectMethodHandleAccessor.invoke(DirectMethodHandleAccessor.java:103)
	at java.base/java.lang.reflect.Method.invoke(Method.java:580)
	at org.springframework.web.method.support.InvocableHandlerMethod.doInvoke(InvocableHandlerMethod.java:255)
	at org.springframework.web.method.support.InvocableHandlerMethod.invokeForRequest(InvocableHandlerMethod.java:188)
	at org.springframework.web.servlet.mvc.method.annotation.ServletInvocableHandlerMethod.invokeAndHandle(ServletInvocableHandlerMethod.java:118)
	at org.springframework.web.servlet.mvc.method.annotation.RequestMappingHandlerAdapter.invokeHandlerMethod(RequestMappingHandlerAdapter.java:986)
	at org.springframework.web.servlet.mvc.method.annotation.RequestMappingHandlerAdapter.handleInternal(RequestMappingHandlerAdapter.java:891)
	at org.springframework.web.servlet.mvc.method.AbstractHandlerMethodAdapter.handle(AbstractHandlerMethodAdapter.java:87)
	at org.springframework.web.servlet.DispatcherServlet.doDispatch(DispatcherServlet.java:1088)
	at org.springframework.web.servlet.DispatcherServlet.doService(DispatcherServlet.java:978)
	at org.springframework.web.servlet.FrameworkServlet.processRequest(FrameworkServlet.java:1014)
	at org.springframework.web.servlet.FrameworkServlet.doGet(FrameworkServlet.java:903)
	at jakarta.servlet.http.HttpServlet.service(HttpServlet.java:564)
	at org.springframework.web.servlet.FrameworkServlet.service(FrameworkServlet.java:885)
	at jakarta.servlet.http.HttpServlet.service(HttpServlet.java:658)
	at org.apache.catalina.core.ApplicationFilterChain.internalDoFilter(ApplicationFilterChain.java:195)
	at org.apache.catalina.core.ApplicationFilterChain.doFilter(ApplicationFilterChain.java:140)
	at org.apache.tomcat.websocket.server.WsFilter.doFilter(WsFilter.java:51)
	at org.apache.catalina.core.ApplicationFilterChain.internalDoFilter(ApplicationFilterChain.java:164)
	at org.apache.catalina.core.ApplicationFilterChain.doFilter(ApplicationFilterChain.java:140)
	at org.springframework.web.filter.RequestContextFilter.doFilterInternal(RequestContextFilter.java:100)
	at org.springframework.web.filter.OncePerRequestFilter.doFilter(OncePerRequestFilter.java:116)
	at org.apache.catalina.core.ApplicationFilterChain.internalDoFilter(ApplicationFilterChain.java:164)
	at org.apache.catalina.core.ApplicationFilterChain.doFilter(ApplicationFilterChain.java:140)
	at org.springframework.web.filter.FormContentFilter.doFilterInternal(FormContentFilter.java:93)
	at org.springframework.web.filter.OncePerRequestFilter.doFilter(OncePerRequestFilter.java:116)
	at org.apache.catalina.core.ApplicationFilterChain.internalDoFilter(ApplicationFilterChain.java:164)
	at org.apache.catalina.core.ApplicationFilterChain.doFilter(ApplicationFilterChain.java:140)
	at org.springframework.web.filter.CharacterEncodingFilter.doFilterInternal(CharacterEncodingFilter.java:201)
	at org.springframework.web.filter.OncePerRequestFilter.doFilter(OncePerRequestFilter.java:116)
	at org.apache.catalina.core.ApplicationFilterChain.internalDoFilter(ApplicationFilterChain.java:164)
	at org.apache.catalina.core.ApplicationFilterChain.doFilter(ApplicationFilterChain.java:140)
	at org.apache.catalina.core.StandardWrapperValve.invoke(StandardWrapperValve.java:167)
	at org.apache.catalina.core.StandardContextValve.invoke(StandardContextValve.java:90)
	at org.apache.catalina.authenticator.AuthenticatorBase.invoke(AuthenticatorBase.java:483)
	at org.apache.catalina.core.StandardHostValve.invoke(StandardHostValve.java:115)
	at org.apache.catalina.valves.ErrorReportValve.invoke(ErrorReportValve.java:93)
	at org.apache.catalina.core.StandardEngineValve.invoke(StandardEngineValve.java:74)
	at org.apache.catalina.connector.CoyoteAdapter.service(CoyoteAdapter.java:344)
	at org.apache.coyote.http11.Http11Processor.service(Http11Processor.java:397)
	at org.apache.coyote.AbstractProcessorLight.process(AbstractProcessorLight.java:63)
	at org.apache.coyote.AbstractProtocol$ConnectionHandler.process(AbstractProtocol.java:905)
	at org.apache.tomcat.util.net.NioEndpoint$SocketProcessor.doRun(NioEndpoint.java:1741)
	at org.apache.tomcat.util.net.SocketProcessorBase.run(SocketProcessorBase.java:52)
	at org.apache.tomcat.util.threads.ThreadPoolExecutor.runWorker(ThreadPoolExecutor.java:1190)
	at org.apache.tomcat.util.threads.ThreadPoolExecutor$Worker.run(ThreadPoolExecutor.java:659)
	at org.apache.tomcat.util.threads.TaskThread$WrappingRunnable.run(TaskThread.java:63)
	at java.base/java.lang.Thread.run(Thread.java:1583)
2024-12-04 19:55:13.884|ERROR||||||[http-nio-8009-exec-7]|o.a.c.c.C.[.[.[.[dispatcherServlet] - [log,175] - Servlet.service() for servlet [dispatcherServlet] in context with path [] threw exception [Request processing failed: org.springframework.dao.DataIntegrityViolationException: 
### Error updating database.  Cause: java.sql.SQLIntegrityConstraintViolationException: Column 'user_id' cannot be null
### The error may exist in file [D:\.File Data\IdeaProjects\catface_task\target\classes\mapper\TaskMapper.xml]
### The error may involve com.catface_task.common.mapper.TaskMapper.insertTask-Inline
### The error occurred while setting parameters
### SQL: INSERT INTO tasks (                      user_id,         title,         description,         position,         status,         level,         tags,         latitude,         longitude,         department,         start_time,         deadline,         estimated_min_duration,         estimated_max_duration              ) VALUES (             ?,             ?,             ?,             ?,             ?,             ?,             ?,             ?,             ?,             ?,              ?,             ?,             ?,             ?        )
### Cause: java.sql.SQLIntegrityConstraintViolationException: Column 'user_id' cannot be null
; Column 'user_id' cannot be null] with root cause
java.sql.SQLIntegrityConstraintViolationException: Column 'user_id' cannot be null
	at com.mysql.cj.jdbc.exceptions.SQLError.createSQLException(SQLError.java:118)
	at com.mysql.cj.jdbc.exceptions.SQLExceptionsMapping.translateException(SQLExceptionsMapping.java:122)
	at com.mysql.cj.jdbc.ClientPreparedStatement.executeInternal(ClientPreparedStatement.java:916)
	at com.mysql.cj.jdbc.ClientPreparedStatement.execute(ClientPreparedStatement.java:354)
	at com.zaxxer.hikari.pool.ProxyPreparedStatement.execute(ProxyPreparedStatement.java:44)
	at com.zaxxer.hikari.pool.HikariProxyPreparedStatement.execute(HikariProxyPreparedStatement.java)
	at java.base/jdk.internal.reflect.DirectMethodHandleAccessor.invoke(DirectMethodHandleAccessor.java:103)
	at java.base/java.lang.reflect.Method.invoke(Method.java:580)
	at org.apache.ibatis.logging.jdbc.PreparedStatementLogger.invoke(PreparedStatementLogger.java:58)
	at jdk.proxy3/jdk.proxy3.$Proxy96.execute(Unknown Source)
	at org.apache.ibatis.executor.statement.PreparedStatementHandler.update(PreparedStatementHandler.java:48)
	at org.apache.ibatis.executor.statement.RoutingStatementHandler.update(RoutingStatementHandler.java:75)
	at org.apache.ibatis.executor.SimpleExecutor.doUpdate(SimpleExecutor.java:50)
	at org.apache.ibatis.executor.BaseExecutor.update(BaseExecutor.java:117)
	at org.apache.ibatis.executor.CachingExecutor.update(CachingExecutor.java:76)
	at org.apache.ibatis.session.defaults.DefaultSqlSession.update(DefaultSqlSession.java:197)
	at org.apache.ibatis.session.defaults.DefaultSqlSession.insert(DefaultSqlSession.java:184)
	at java.base/jdk.internal.reflect.DirectMethodHandleAccessor.invoke(DirectMethodHandleAccessor.java:103)
	at java.base/java.lang.reflect.Method.invoke(Method.java:580)
	at org.mybatis.spring.SqlSessionTemplate$SqlSessionInterceptor.invoke(SqlSessionTemplate.java:333)
	at jdk.proxy2/jdk.proxy2.$Proxy81.insert(Unknown Source)
	at org.mybatis.spring.SqlSessionTemplate.insert(SqlSessionTemplate.java:224)
	at com.baomidou.mybatisplus.core.override.MybatisMapperMethod.execute(MybatisMapperMethod.java:59)
	at com.baomidou.mybatisplus.core.override.MybatisMapperProxy$PlainMethodInvoker.invoke(MybatisMapperProxy.java:152)
	at com.baomidou.mybatisplus.core.override.MybatisMapperProxy.invoke(MybatisMapperProxy.java:89)
	at jdk.proxy2/jdk.proxy2.$Proxy82.insertTask(Unknown Source)
	at com.catface_task.service.impl.TaskServiceImpl.addTask(TaskServiceImpl.java:53)
	at java.base/jdk.internal.reflect.DirectMethodHandleAccessor.invoke(DirectMethodHandleAccessor.java:103)
	at java.base/java.lang.reflect.Method.invoke(Method.java:580)
	at org.springframework.aop.support.AopUtils.invokeJoinpointUsingReflection(AopUtils.java:359)
	at org.springframework.aop.framework.ReflectiveMethodInvocation.invokeJoinpoint(ReflectiveMethodInvocation.java:196)
	at org.springframework.aop.framework.ReflectiveMethodInvocation.proceed(ReflectiveMethodInvocation.java:163)
	at org.springframework.transaction.interceptor.TransactionAspectSupport.invokeWithinTransaction(TransactionAspectSupport.java:380)
	at org.springframework.transaction.interceptor.TransactionInterceptor.invoke(TransactionInterceptor.java:119)
	at org.springframework.aop.framework.ReflectiveMethodInvocation.proceed(ReflectiveMethodInvocation.java:184)
	at org.springframework.aop.framework.CglibAopProxy$DynamicAdvisedInterceptor.intercept(CglibAopProxy.java:727)
	at com.catface_task.service.impl.TaskServiceImpl$$SpringCGLIB$$0.addTask(<generated>)
	at com.catface_task.controller.TaskController.addTask(TaskController.java:40)
	at java.base/jdk.internal.reflect.DirectMethodHandleAccessor.invoke(DirectMethodHandleAccessor.java:103)
	at java.base/java.lang.reflect.Method.invoke(Method.java:580)
	at org.springframework.web.method.support.InvocableHandlerMethod.doInvoke(InvocableHandlerMethod.java:255)
	at org.springframework.web.method.support.InvocableHandlerMethod.invokeForRequest(InvocableHandlerMethod.java:188)
	at org.springframework.web.servlet.mvc.method.annotation.ServletInvocableHandlerMethod.invokeAndHandle(ServletInvocableHandlerMethod.java:118)
	at org.springframework.web.servlet.mvc.method.annotation.RequestMappingHandlerAdapter.invokeHandlerMethod(RequestMappingHandlerAdapter.java:986)
	at org.springframework.web.servlet.mvc.method.annotation.RequestMappingHandlerAdapter.handleInternal(RequestMappingHandlerAdapter.java:891)
	at org.springframework.web.servlet.mvc.method.AbstractHandlerMethodAdapter.handle(AbstractHandlerMethodAdapter.java:87)
	at org.springframework.web.servlet.DispatcherServlet.doDispatch(DispatcherServlet.java:1088)
	at org.springframework.web.servlet.DispatcherServlet.doService(DispatcherServlet.java:978)
	at org.springframework.web.servlet.FrameworkServlet.processRequest(FrameworkServlet.java:1014)
	at org.springframework.web.servlet.FrameworkServlet.doPost(FrameworkServlet.java:914)
	at jakarta.servlet.http.HttpServlet.service(HttpServlet.java:590)
	at org.springframework.web.servlet.FrameworkServlet.service(FrameworkServlet.java:885)
	at jakarta.servlet.http.HttpServlet.service(HttpServlet.java:658)
	at org.apache.catalina.core.ApplicationFilterChain.internalDoFilter(ApplicationFilterChain.java:195)
	at org.apache.catalina.core.ApplicationFilterChain.doFilter(ApplicationFilterChain.java:140)
	at org.apache.tomcat.websocket.server.WsFilter.doFilter(WsFilter.java:51)
	at org.apache.catalina.core.ApplicationFilterChain.internalDoFilter(ApplicationFilterChain.java:164)
	at org.apache.catalina.core.ApplicationFilterChain.doFilter(ApplicationFilterChain.java:140)
	at org.springframework.web.filter.RequestContextFilter.doFilterInternal(RequestContextFilter.java:100)
	at org.springframework.web.filter.OncePerRequestFilter.doFilter(OncePerRequestFilter.java:116)
	at org.apache.catalina.core.ApplicationFilterChain.internalDoFilter(ApplicationFilterChain.java:164)
	at org.apache.catalina.core.ApplicationFilterChain.doFilter(ApplicationFilterChain.java:140)
	at org.springframework.web.filter.FormContentFilter.doFilterInternal(FormContentFilter.java:93)
	at org.springframework.web.filter.OncePerRequestFilter.doFilter(OncePerRequestFilter.java:116)
	at org.apache.catalina.core.ApplicationFilterChain.internalDoFilter(ApplicationFilterChain.java:164)
	at org.apache.catalina.core.ApplicationFilterChain.doFilter(ApplicationFilterChain.java:140)
	at org.springframework.web.filter.CharacterEncodingFilter.doFilterInternal(CharacterEncodingFilter.java:201)
	at org.springframework.web.filter.OncePerRequestFilter.doFilter(OncePerRequestFilter.java:116)
	at org.apache.catalina.core.ApplicationFilterChain.internalDoFilter(ApplicationFilterChain.java:164)
	at org.apache.catalina.core.ApplicationFilterChain.doFilter(ApplicationFilterChain.java:140)
	at org.apache.catalina.core.StandardWrapperValve.invoke(StandardWrapperValve.java:167)
	at org.apache.catalina.core.StandardContextValve.invoke(StandardContextValve.java:90)
	at org.apache.catalina.authenticator.AuthenticatorBase.invoke(AuthenticatorBase.java:483)
	at org.apache.catalina.core.StandardHostValve.invoke(StandardHostValve.java:115)
	at org.apache.catalina.valves.ErrorReportValve.invoke(ErrorReportValve.java:93)
	at org.apache.catalina.core.StandardEngineValve.invoke(StandardEngineValve.java:74)
	at org.apache.catalina.connector.CoyoteAdapter.service(CoyoteAdapter.java:344)
	at org.apache.coyote.http11.Http11Processor.service(Http11Processor.java:397)
	at org.apache.coyote.AbstractProcessorLight.process(AbstractProcessorLight.java:63)
	at org.apache.coyote.AbstractProtocol$ConnectionHandler.process(AbstractProtocol.java:905)
	at org.apache.tomcat.util.net.NioEndpoint$SocketProcessor.doRun(NioEndpoint.java:1741)
	at org.apache.tomcat.util.net.SocketProcessorBase.run(SocketProcessorBase.java:52)
	at org.apache.tomcat.util.threads.ThreadPoolExecutor.runWorker(ThreadPoolExecutor.java:1190)
	at org.apache.tomcat.util.threads.ThreadPoolExecutor$Worker.run(ThreadPoolExecutor.java:659)
	at org.apache.tomcat.util.threads.TaskThread$WrappingRunnable.run(TaskThread.java:63)
	at java.base/java.lang.Thread.run(Thread.java:1583)
2024-12-04 19:58:52.916|ERROR||||||[http-nio-8009-exec-9]|o.a.c.c.C.[.[.[.[dispatcherServlet] - [log,175] - Servlet.service() for servlet [dispatcherServlet] in context with path [] threw exception [Request processing failed: org.springframework.web.client.HttpServerErrorException$InternalServerError: 500 Internal Server Error on POST request for "http://localhost:8000/api/rag/bge_embedding": "<!DOCTYPE html><EOL><html lang="en"><EOL><head><EOL>  <meta http-equiv="content-type" content="text/html; charset=utf-8"><EOL>  <meta name="robots" content="NONE,NOARCHIVE"><EOL>  <title>TypeError<EOL>          at /api/rag/bge_embedding</title><EOL>  <style type="text/css"><EOL>    html * { padding:0; margin:0; }<EOL>    body * { padding:10px 20px; }<EOL>    body * * { padding:0; }<EOL>    body { font:small sans-serif; background-color:#fff; color:#000; }<EOL>    body>div { border-bottom:1px solid #ddd; }<EOL>    h1 { font-weight:normal; }<EOL>    h2 { margin-bottom:.8em; }<EOL>    h3 { margin:1em 0 .5em 0; }<EOL>    h4 { margin:0 0 .5em 0; font-weight: normal; }<EOL>    code, pre { font-size: 100%; white-space: pre-wrap; word-break: break-word; }<EOL>    summary { cursor: pointer; }<EOL>    table { border:1px solid #ccc; border-collapse: collapse; width:100%; background:white; }<EOL>    tbody td, tbody th { vertical-align:top; padding:2px 3px; }<EOL>    thead th {<EOL>      padding:1px 6px 1px 3px; background:#fefefe; text-align:left;<EOL>      font-weight:normal; font-size:11px; border:1px solid #ddd;<EOL>    }<EOL>    tbody th { width:12em; text-align:right; color:#666; padding-right:.5em; }<EOL>    table.vars { margin:5px 10px 2px 40px; width: auto; }<EOL>    table.vars td, table.req td { font-family:monospace; }<EOL>    table td.code { width:100%; }<EOL>    table td.code pre { overflow:hidden; }<EOL>    table.source th { color:#666; }<EOL>    table.source td { font-family:monospace; white-space:pre; border-bottom:1px solid #eee; }<EOL>    ul.traceback { list-style-type:none; color: #222; }<EOL>    ul.traceback li.cause { word-break: break-word; }<EOL>    ul.traceback li.frame { padding-bottom:1em; color:#4f4f4f; }<EOL>    ul.traceback li.user { background-color:#e0e0e0; color:#000 }<EOL>    div.context { padding:10px 0; overflow:hidden; }<EOL>    div.context ol { padding-left:30px; margin:0 10px; list-style-position: inside; }<EOL>    div.context ol li { font-family:monospace; white-space:pre; color:#777; cursor:pointer; padding-left: 2px; }<EOL>    div.context ol li pre { display:inline; }<EOL>    div.context ol.context-line li { color:#464646; background-color:#dfdfdf; padding: 3px 2px; }<EOL>    div.context ol.context-line li span { position:absolute; right:32px; }<EOL>    .user div.context ol.context-line li { background-color:#bbb; color:#000; }<EOL>    .user div.context ol li { color:#666; }<EOL>    div.commands, summary.commands { margin-left: 40px; }<EOL>    div.commands a, summary.commands { color:#555; text-decoration:none; }<EOL>    .user div.commands a { color: black; }<EOL>    #summary { background: #ffc; }<EOL>    #summary h2 { font-weight: normal; color: #666; }<EOL>    #explanation { background:#eee; }<EOL>    #template, #template-not-exist { background:#f6f6f6; }<EOL>    #template-not-exist ul { margin: 0 0 10px 20px; }<EOL>    #template-not-exist .postmortem-section { margin-bottom: 3px; }<EOL>    #unicode-hint { background:#eee; }<EOL>    #traceback { background:#eee; }<EOL>    #requestinfo { background:#f6f6f6; padding-left:120px; }<EOL>    #summary table { border:none; background:transparent; }<EOL>    #requestinfo h2, #requestinfo h3 { position:relative; margin-left:-100px; }<EOL>    #requestinfo h3 { margin-bottom:-1em; }<EOL>    .error { background: #ffc; }<EOL>    .specific { color:#cc3300; font-weight:bold; }<EOL>    h2 span.commands { font-size:.7em; font-weight:normal; }<EOL>    span.commands a:link {color:#5E5694;}<EOL>    pre.exception_value { font-family: sans-serif; color: #575757; font-size: 1.5em; margin: 10px 0 10px 0; }<EOL>    .append-bottom { margin-bottom: 10px; }<EOL>    .fname { user-select: all; }<EOL>  </style><EOL>  <EOL>  <script><EOL>    function hideAll(elems) {<EOL>      for (var e = 0; e < elems.length; e++) {<EOL>        elems[e].style.display = 'none';<EOL>      }<EOL>    }<EOL>    window.onload = function() {<EOL>      hideAll(document.querySelectorAll('ol.pre-context'));<EOL>      hideAll(document.querySelectorAll('ol.post-context'));<EOL>      hideAll(document.querySelectorAll('div.pastebin'));<EOL>    }<EOL>    function toggle() {<EOL>      for (var i = 0; i < arguments.length; i++) {<EOL>        var e = document.getElementById(arguments[i]);<EOL>        if (e) {<EOL>          e.style.display = e.style.display == 'none' ? 'block': 'none';<EOL>        }<EOL>      }<EOL>      return false;<EOL>    }<EOL>    function switchPastebinFriendly(link) {<EOL>      s1 = "Switch to copy-and-paste view";<EOL>      s2 = "Switch back to interactive view";<EOL>      link.textContent = link.textContent.trim() == s1 ? s2: s1;<EOL>      toggle('browserTraceback', 'pastebinTraceback');<EOL>      return false;<EOL>    }<EOL>  </script><EOL>  <EOL></head><EOL><body><EOL><div id="summary"><EOL>  <h1>TypeError<EOL>       at /api/rag/bge_embedding</h1><EOL>  <pre class="exception_value">can only join an iterable</pre><EOL>  <table class="meta"><EOL><EOL>    <tr><EOL>      <th>Request Method:</th><EOL>      <td>POST</td><EOL>    </tr><EOL>    <tr><EOL>      <th>Request URL:</th><EOL>      <td>http://localhost:8000/api/rag/bge_embedding</td><EOL>    </tr><EOL><EOL>    <tr><EOL>      <th>Django Version:</th><EOL>      <td>4.2.15</td><EOL>    </tr><EOL><EOL>    <tr><EOL>      <th>Exception Type:</th><EOL>      <td>TypeError</td><EOL>    </tr><EOL><EOL><EOL>    <tr><EOL>      <th>Exception Value:</th><EOL>      <td><pre>can only join an iterable</pre></td><EOL>    </tr><EOL><EOL><EOL>    <tr><EOL>      <th>Exception Location:</th><EOL>      <td><span class="fname">D:\.File Data\PyCharmProject\CatfaceBack\Api\Rag\views\bge.py</span>, line 21, in bge_embedding</td><EOL>    </tr><EOL><EOL><EOL>    <tr><EOL>      <th>Raised during:</th><EOL>      <td>Api.Rag.views.bge.bge_embedding</td><EOL>    </tr><EOL><EOL>    <tr><EOL>      <th>Python Executable:</th><EOL>      <td>D:\.File Data\PyCharmProject\CatfaceBack\Scripts\python.exe</td><EOL>    </tr><EOL>    <tr><EOL>      <th>Python Version:</th><EOL>      <td>3.8.10</td><EOL>    </tr><EOL>    <tr><EOL>      <th>Python Path:</th><EOL>      <td><pre>[&#x27;D:\\.File Data\\PyCharmProject\\CatfaceBack&#x27;,<EOL> &#x27;D:\\.File Data\\PyCharmProject\\CatfaceBack&#x27;,<EOL> &#x27;C:\\Users\\Havoc\\AppData\\Local\\Programs\\Python\\Python38\\python38.zip&#x27;,<EOL> &#x27;C:\\Users\\Havoc\\AppData\\Local\\Programs\\Python\\Python38\\DLLs&#x27;,<EOL> &#x27;C:\\Users\\Havoc\\AppData\\Local\\Programs\\Python\\Python38\\lib&#x27;,<EOL> &#x27;C:\\Users\\Havoc\\AppData\\Local\\Programs\\Python\\Python38&#x27;,<EOL> &#x27;D:\\.File Data\\PyCharmProject\\CatfaceBack\\lib\\site-packages&#x27;,<EOL> &#x27;D:\\.File &#x27;<EOL> &#x27;Data\\PyCharmProject\\CatfaceBack\\lib\\site-packages\\setuptools\\_vendor&#x27;]</pre></td><EOL>    </tr><EOL>    <tr><EOL>      <th>Server time:</th><EOL>      <td>Wed, 04 Dec 2024 11:58:52 +0000</td><EOL>    </tr><EOL>  </table><EOL></div><EOL><EOL><EOL><EOL><EOL><div id="traceback"><EOL>  <h2>Traceback <span class="commands"><a href="#" onclick="return switchPastebinFriendly(this);"><EOL>    Switch to copy-and-paste view</a></span><EOL>  </h2><EOL>  <div id="browserTraceback"><EOL>    <ul class="traceback"><EOL>      <EOL>        <EOL>        <li class="frame django"><EOL>          <EOL>            <code class="fname">D:\.File Data\PyCharmProject\CatfaceBack\lib\site-packages\django\core\handlers\exception.py</code>, line 55, in inner<EOL>          <EOL><EOL>          <EOL>            <div class="context" id="c1991095169856"><EOL>              <EOL>                <ol start="48" class="pre-context" id="pre1991095169856"><EOL>                <EOL>                  <li onclick="toggle('pre1991095169856', 'post1991095169856')"><pre></pre></li><EOL>                <EOL>                  <li onclick="toggle('pre1991095169856', 'post1991095169856')"><pre>        return inner</pre></li><EOL>                <EOL>                  <li onclick="toggle('pre1991095169856', 'post1991095169856')"><pre>    else:</pre></li><EOL>                <EOL>                  <li onclick="toggle('pre1991095169856', 'post1991095169856')"><pre></pre></li><EOL>                <EOL>                  <li onclick="toggle('pre1991095169856', 'post1991095169856')"><pre>        @wraps(get_response)</pre></li><EOL>                <EOL>                  <li onclick="toggle('pre1991095169856', 'post1991095169856')"><pre>        def inner(request):</pre></li><EOL>                <EOL>                  <li onclick="toggle('pre1991095169856', 'post1991095169856')"><pre>            try:</pre></li><EOL>                <EOL>                </ol><EOL>              <EOL>              <ol start="55" class="context-line"><EOL>                <li onclick="toggle('pre1991095169856', 'post1991095169856')"><pre>                response = get_response(request)</pre> <span>…</span></li><EOL>              </ol><EOL>              <EOL>                <ol start='56' class="post-context" id="post1991095169856"><EOL>                  <EOL>                  <li onclick="toggle('pre1991095169856', 'post1991095169856')"><pre>            except Exception as exc:</pre></li><EOL>                  <EOL>                  <li onclick="toggle('pre1991095169856', 'post1991095169856')"><pre>                response = response_for_exception(request, exc)</pre></li><EOL>                  <EOL>                  <li onclick="toggle('pre1991095169856', 'post1991095169856')"><pre>            return response</pre></li><EOL>                  <EOL>                  <li onclick="toggle('pre1991095169856', 'post1991095169856')"><pre></pre></li><EOL>                  <EOL>                  <li onclick="toggle('pre1991095169856', 'post1991095169856')"><pre>        return inner</pre></li><EOL>                  <EOL>                  <li onclick="toggle('pre1991095169856', 'post1991095169856')"><pre></pre></li><EOL>                  <EOL>              </ol><EOL>              <EOL>            </div><EOL>          <EOL><EOL>          <EOL>            <EOL>              <details><EOL>                <summary class="commands">Local vars</summary><EOL>            <EOL>            <table class="vars" id="v1991095169856"><EOL>              <thead><EOL>                <tr><EOL>                  <th>Variable</th><EOL>                  <th>Value</th><EOL>                </tr><EOL>              </thead><EOL>              <tbody><EOL>                <EOL>                  <tr><EOL>                    <td>exc</td><EOL>                    <td class="code"><pre>TypeError(&#x27;can only join an iterable&#x27;)</pre></td><EOL>                  </tr><EOL>                <EOL>                  <tr><EOL>                    <td>get_response</td><EOL>                    <td class="code"><pre>&lt;bound method BaseHandler._get_response of &lt;django.core.handlers.wsgi.WSGIHandler object at 0x000001CFA0060850&gt;&gt;</pre></td><EOL>                  </tr><EOL>                <EOL>                  <tr><EOL>                    <td>request</td><EOL>                    <td class="code"><pre>&lt;WSGIRequest: POST &#x27;/api/rag/bge_embedding&#x27;&gt;</pre></td><EOL>                  </tr><EOL>                <EOL>              </tbody><EOL>            </table><EOL>            </details><EOL>          <EOL>        </li><EOL>      <EOL>        <EOL>        <li class="frame django"><EOL>          <EOL>            <code class="fname">D:\.File Data\PyCharmProject\CatfaceBack\lib\site-packages\django\core\handlers\base.py</code>, line 197, in _get_response<EOL>          <EOL><EOL>          <EOL>            <div class="context" id="c1991122012160"><EOL>              <EOL>                <ol start="190" class="pre-context" id="pre1991122012160"><EOL>                <EOL>                  <li onclick="toggle('pre1991122012160', 'post1991122012160')"><pre></pre></li><EOL>                <EOL>                  <li onclick="toggle('pre1991122012160', 'post1991122012160')"><pre>        if response is None:</pre></li><EOL>                <EOL>                  <li onclick="toggle('pre1991122012160', 'post1991122012160')"><pre>            wrapped_callback = self.make_view_atomic(callback)</pre></li><EOL>                <EOL>                  <li onclick="toggle('pre1991122012160', 'post1991122012160')"><pre>            # If it is an asynchronous view, run it in a subthread.</pre></li><EOL>                <EOL>                  <li onclick="toggle('pre1991122012160', 'post1991122012160')"><pre>            if iscoroutinefunction(wrapped_callback):</pre></li><EOL>                <EOL>                  <li onclick="toggle('pre1991122012160', 'post1991122012160')"><pre>                wrapped_callback = async_to_sync(wrapped_callback)</pre></li><EOL>                <EOL>                  <li onclick="toggle('pre1991122012160', 'post1991122012160')"><pre>            try:</pre></li><EOL>                <EOL>                </ol><EOL>              <EOL>              <ol start="197" class="context-line"><EOL>                <li onclick="toggle('pre1991122012160', 'post1991122012160')"><pre>                response = wrapped_callback(request, *callback_args, **callback_kwargs)</pre> <span>…</span></li><EOL>              </ol><EOL>              <EOL>                <ol start='198' class="post-context" id="post1991122012160"><EOL>                  <EOL>                  <li onclick="toggle('pre1991122012160', 'post1991122012160')"><pre>            except Exception as e:</pre></li><EOL>                  <EOL>                  <li onclick="toggle('pre1991122012160', 'post1991122012160')"><pre>                response = self.process_exception_by_middleware(e, request)</pre></li><EOL>                  <EOL>                  <li onclick="toggle('pre1991122012160', 'post1991122012160')"><pre>                if response is None:</pre></li><EOL>                  <EOL>                  <li onclick="toggle('pre1991122012160', 'post1991122012160')"><pre>                    raise</pre></li><EOL>                  <EOL>                  <li onclick="toggle('pre1991122012160', 'post1991122012160')"><pre></pre></li><EOL>                  <EOL>                  <li onclick="toggle('pre1991122012160', 'post1991122012160')"><pre>        # Complain if the view returned None (a common error).</pre></li><EOL>                  <EOL>              </ol><EOL>              <EOL>            </div><EOL>          <EOL><EOL>          <EOL>            <EOL>              <details><EOL>                <summary class="commands">Local vars</summary><EOL>            <EOL>            <table class="vars" id="v1991122012160"><EOL>              <thead><EOL>                <tr><EOL>                  <th>Variable</th><EOL>                  <th>Value</th><EOL>                </tr><EOL>              </thead><EOL>              <tbody><EOL>                <EOL>                  <tr><EOL>                    <td>callback</td><EOL>                    <td class="code"><pre>&lt;function bge_embedding at 0x000001CFDE0D0E50&gt;</pre></td><EOL>                  </tr><EOL>                <EOL>                  <tr><EOL>                    <td>callback_args</td><EOL>                    <td class="code"><pre>()</pre></td><EOL>                  </tr><EOL>                <EOL>                  <tr><EOL>                    <td>callback_kwargs</td><EOL>                    <td class="code"><pre>{}</pre></td><EOL>                  </tr><EOL>                <EOL>                  <tr><EOL>                    <td>request</td><EOL>                    <td class="code"><pre>&lt;WSGIRequest: POST &#x27;/api/rag/bge_embedding&#x27;&gt;</pre></td><EOL>                  </tr><EOL>                <EOL>                  <tr><EOL>                    <td>response</td><EOL>                    <td class="code"><pre>None</pre></td><EOL>                  </tr><EOL>                <EOL>                  <tr><EOL>                    <td>self</td><EOL>                    <td class="code"><pre>&lt;django.core.handlers.wsgi.WSGIHandler object at 0x000001CFA0060850&gt;</pre></td><EOL>                  </tr><EOL>                <EOL>                  <tr><EOL>                    <td>wrapped_callback</td><EOL>                    <td class="code"><pre>&lt;function bge_embedding at 0x000001CFDE0D0E50&gt;</pre></td><EOL>                  </tr><EOL>                <EOL>              </tbody><EOL>            </table><EOL>            </details><EOL>          <EOL>        </li><EOL>      <EOL>        <EOL>        <li class="frame django"><EOL>          <EOL>            <code class="fname">D:\.File Data\PyCharmProject\CatfaceBack\lib\site-packages\django\views\decorators\http.py</code>, line 43, in inner<EOL>          <EOL><EOL>          <EOL>            <div class="context" id="c1992326186176"><EOL>              <EOL>                <ol start="36" class="pre-context" id="pre1992326186176"><EOL>                <EOL>                  <li onclick="toggle('pre1992326186176', 'post1992326186176')"><pre>                    &quot;Method Not Allowed (%s): %s&quot;,</pre></li><EOL>                <EOL>                  <li onclick="toggle('pre1992326186176', 'post1992326186176')"><pre>                    request.method,</pre></li><EOL>                <EOL>                  <li onclick="toggle('pre1992326186176', 'post1992326186176')"><pre>                    request.path,</pre></li><EOL>                <EOL>                  <li onclick="toggle('pre1992326186176', 'post1992326186176')"><pre>                    response=response,</pre></li><EOL>                <EOL>                  <li onclick="toggle('pre1992326186176', 'post1992326186176')"><pre>                    request=request,</pre></li><EOL>                <EOL>                  <li onclick="toggle('pre1992326186176', 'post1992326186176')"><pre>                )</pre></li><EOL>                <EOL>                  <li onclick="toggle('pre1992326186176', 'post1992326186176')"><pre>                return response</pre></li><EOL>                <EOL>                </ol><EOL>              <EOL>              <ol start="43" class="context-line"><EOL>                <li onclick="toggle('pre1992326186176', 'post1992326186176')"><pre>            return func(request, *args, **kwargs)</pre> <span>…</span></li><EOL>              </ol><EOL>              <EOL>                <ol start='44' class="post-context" id="post1992326186176"><EOL>                  <EOL>                  <li onclick="toggle('pre1992326186176', 'post1992326186176')"><pre></pre></li><EOL>                  <EOL>                  <li onclick="toggle('pre1992326186176', 'post1992326186176')"><pre>        return inner</pre></li><EOL>                  <EOL>                  <li onclick="toggle('pre1992326186176', 'post1992326186176')"><pre></pre></li><EOL>                  <EOL>                  <li onclick="toggle('pre1992326186176', 'post1992326186176')"><pre>    return decorator</pre></li><EOL>                  <EOL>                  <li onclick="toggle('pre1992326186176', 'post1992326186176')"><pre></pre></li><EOL>                  <EOL>                  <li onclick="toggle('pre1992326186176', 'post1992326186176')"><pre></pre></li><EOL>                  <EOL>              </ol><EOL>              <EOL>            </div><EOL>          <EOL><EOL>          <EOL>            <EOL>              <details><EOL>                <summary class="commands">Local vars</summary><EOL>            <EOL>            <table class="vars" id="v1992326186176"><EOL>              <thead><EOL>                <tr><EOL>                  <th>Variable</th><EOL>                  <th>Value</th><EOL>                </tr><EOL>              </thead><EOL>              <tbody><EOL>                <EOL>                  <tr><EOL>                    <td>args</td><EOL>                    <td class="code"><pre>()</pre></td><EOL>                  </tr><EOL>                <EOL>                  <tr><EOL>                    <td>func</td><EOL>                    <td class="code"><pre>&lt;function bge_embedding at 0x000001CFDE0D0EE0&gt;</pre></td><EOL>                  </tr><EOL>                <EOL>                  <tr><EOL>                    <td>kwargs</td><EOL>                    <td class="code"><pre>{}</pre></td><EOL>                  </tr><EOL>                <EOL>                  <tr><EOL>                    <td>request</td><EOL>                    <td class="code"><pre>&lt;WSGIRequest: POST &#x27;/api/rag/bge_embedding&#x27;&gt;</pre></td><EOL>                  </tr><EOL>                <EOL>                  <tr><EOL>                    <td>request_method_list</td><EOL>                    <td class="code"><pre>[&#x27;POST&#x27;]</pre></td><EOL>                  </tr><EOL>                <EOL>              </tbody><EOL>            </table><EOL>            </details><EOL>          <EOL>        </li><EOL>      <EOL>        <EOL>        <li class="frame user"><EOL>          <EOL>            <code class="fname">D:\.File Data\PyCharmProject\CatfaceBack\Api\Rag\views\bge.py</code>, line 21, in bge_embedding<EOL>          <EOL><EOL>          <EOL>            <div class="context" id="c1992326881792"><EOL>              <EOL>                <ol start="14" class="pre-context" id="pre1992326881792"><EOL>                <EOL>                  <li onclick="toggle('pre1992326881792', 'post1992326881792')"><pre>    &quot;&quot;&quot;</pre></li><EOL>                <EOL>                  <li onclick="toggle('pre1992326881792', 'post1992326881792')"><pre>    # STAGE 1.</pre></li><EOL>                <EOL>                  <li onclick="toggle('pre1992326881792', 'post1992326881792')"><pre>    data = json.loads(request.body)</pre></li><EOL>                <EOL>                  <li onclick="toggle('pre1992326881792', 'post1992326881792')"><pre>    text = data.get(&#x27;text&#x27;)</pre></li><EOL>                <EOL>                  <li onclick="toggle('pre1992326881792', 'post1992326881792')"><pre></pre></li><EOL>                <EOL>                  <li onclick="toggle('pre1992326881792', 'post1992326881792')"><pre>    # STAGE 2.</pre></li><EOL>                <EOL>                  <li onclick="toggle('pre1992326881792', 'post1992326881792')"><pre>    bge_model = BGE()</pre></li><EOL>                <EOL>                </ol><EOL>              <EOL>              <ol start="21" class="context-line"><EOL>                <li onclick="toggle('pre1992326881792', 'post1992326881792')"><pre>    embedding = bge_model.get_embedding(&#x27;&#x27;.join(text))</pre> <span>…</span></li><EOL>              </ol><EOL>              <EOL>                <ol start='22' class="post-context" id="post1992326881792"><EOL>                  <EOL>                  <li onclick="toggle('pre1992326881792', 'post1992326881792')"><pre></pre></li><EOL>                  <EOL>                  <li onclick="toggle('pre1992326881792', 'post1992326881792')"><pre>    # ret</pre></li><EOL>                  <EOL>                  <li onclick="toggle('pre1992326881792', 'post1992326881792')"><pre>    return JsonResponse({&#x27;status&#x27;: 200, &#x27;message&#x27;: &#x27;Success&#x27;, &#x27;embedding&#x27;: embedding.tolist()})</pre></li><EOL>                  <EOL>              </ol><EOL>              <EOL>            </div><EOL>          <EOL><EOL>          <EOL>            <EOL>              <details><EOL>                <summary class="commands">Local vars</summary><EOL>            <EOL>            <table class="vars" id="v1992326881792"><EOL>              <thead><EOL>                <tr><EOL>                  <th>Variable</th><EOL>                  <th>Value</th><EOL>                </tr><EOL>              </thead><EOL>              <tbody><EOL>                <EOL>                  <tr><EOL>                    <td>bge_model</td><EOL>                    <td class="code"><pre>&lt;rag.embedding.bge.BGE object at 0x000001CF981EB0A0&gt;</pre></td><EOL>                  </tr><EOL>                <EOL>                  <tr><EOL>                    <td>data</td><EOL>                    <td class="code"><pre>{&#x27;text&#x27;: None}</pre></td><EOL>                  </tr><EOL>                <EOL>                  <tr><EOL>                    <td>request</td><EOL>                    <td class="code"><pre>&lt;WSGIRequest: POST &#x27;/api/rag/bge_embedding&#x27;&gt;</pre></td><EOL>                  </tr><EOL>                <EOL>                  <tr><EOL>                    <td>text</td><EOL>                    <td class="code"><pre>None</pre></td><EOL>                  </tr><EOL>                <EOL>              </tbody><EOL>            </table><EOL>            </details><EOL>          <EOL>        </li><EOL>      <EOL>    </ul><EOL>  </div><EOL><EOL>  <form action="https://dpaste.com/" name="pasteform" id="pasteform" method="post"><EOL>  <div id="pastebinTraceback" class="pastebin"><EOL>    <input type="hidden" name="language" value="PythonConsole"><EOL>    <input type="hidden" name="title"<EOL>      value="TypeError at /api/rag/bge_embedding"><EOL>    <input type="hidden" name="source" value="Django Dpaste Agent"><EOL>    <input type="hidden" name="poster" value="Django"><EOL>    <textarea name="content" id="traceback_area" cols="140" rows="25"><EOL>Environment:<EOL><EOL><EOL>Request Method: POST<EOL>Request URL: http://localhost:8000/api/rag/bge_embedding<EOL><EOL>Django Version: 4.2.15<EOL>Python Version: 3.8.10<EOL>Installed Applications:<EOL>[&#x27;django.contrib.admin&#x27;,<EOL> &#x27;django.contrib.auth&#x27;,<EOL> &#x27;django.contrib.contenttypes&#x27;,<EOL> &#x27;django.contrib.sessions&#x27;,<EOL> &#x27;django.contrib.messages&#x27;,<EOL> &#x27;django.contrib.staticfiles&#x27;,<EOL> &#x27;corsheaders&#x27;,<EOL> &#x27;Api&#x27;]<EOL>Installed Middleware:<EOL>[&#x27;django.middleware.security.SecurityMiddleware&#x27;,<EOL> &#x27;django.contrib.sessions.middleware.SessionMiddleware&#x27;,<EOL> &#x27;corsheaders.middleware.CorsMiddleware&#x27;,<EOL> &#x27;django.middleware.common.CommonMiddleware&#x27;,<EOL> &#x27;django.contrib.auth.middleware.AuthenticationMiddleware&#x27;,<EOL> &#x27;django.contrib.messages.middleware.MessageMiddleware&#x27;,<EOL> &#x27;django.middleware.clickjacking.XFrameOptionsMiddleware&#x27;]<EOL><EOL><EOL><EOL>Traceback (most recent call last):<EOL>  File "D:\.File Data\PyCharmProject\CatfaceBack\lib\site-packages\django\core\handlers\exception.py", line 55, in inner<EOL>    response = get_response(request)<EOL>  File "D:\.File Data\PyCharmProject\CatfaceBack\lib\site-packages\django\core\handlers\base.py", line 197, in _get_response<EOL>    response = wrapped_callback(request, *callback_args, **callback_kwargs)<EOL>  File "D:\.File Data\PyCharmProject\CatfaceBack\lib\site-packages\django\views\decorators\http.py", line 43, in inner<EOL>    return func(request, *args, **kwargs)<EOL>  File "D:\.File Data\PyCharmProject\CatfaceBack\Api\Rag\views\bge.py", line 21, in bge_embedding<EOL>    embedding = bge_model.get_embedding(&#x27;&#x27;.join(text))<EOL><EOL>Exception Type: TypeError at /api/rag/bge_embedding<EOL>Exception Value: can only join an iterable<EOL></textarea><EOL>  <br><br><EOL>  <input type="submit" value="Share this traceback on a public website"><EOL>  </div><EOL></form><EOL><EOL></div><EOL><EOL><EOL><div id="requestinfo"><EOL>  <h2>Request information</h2><EOL><EOL><EOL>  <EOL>    <h3 id="user-info">USER</h3><EOL>    <p>AnonymousUser</p><EOL>  <EOL><EOL>  <h3 id="get-info">GET</h3><EOL>  <EOL>    <p>No GET data</p><EOL>  <EOL><EOL>  <h3 id="post-info">POST</h3><EOL>  <EOL>    <p>No POST data</p><EOL>  <EOL><EOL>  <h3 id="files-info">FILES</h3><EOL>  <EOL>    <p>No FILES data</p><EOL>  <EOL><EOL>  <h3 id="cookie-info">COOKIES</h3><EOL>  <EOL>    <p>No cookie data</p><EOL>  <EOL><EOL>  <h3 id="meta-info">META</h3><EOL>  <table class="req"><EOL>    <thead><EOL>      <tr><EOL>        <th>Variable</th><EOL>        <th>Value</th><EOL>      </tr><EOL>    </thead><EOL>    <tbody><EOL>      <EOL>        <tr><EOL>          <td>ACSVCPORT</td><EOL>          <td class="code"><pre>&#x27;17532&#x27;</pre></td><EOL>        </tr><EOL>      <EOL>        <tr><EOL>          <td>ALLUSERSPROFILE</td><EOL>          <td class="code"><pre>&#x27;C:\\ProgramData&#x27;</pre></td><EOL>        </tr><EOL>      <EOL>        <tr><EOL>          <td>APPDATA</td><EOL>          <td class="code"><pre>&#x27;C:\\Users\\Havoc\\AppData\\Roaming&#x27;</pre></td><EOL>        </tr><EOL>      <EOL>        <tr><EOL>          <td>BGE_MODEL</td><EOL>          <td class="code"><pre>&#x27;C:\\\\Users\\\\Havoc\\\\.cache\\\\huggingface\\\\hub\\\\models--BAAI--bge-base-zh-v1.5\\\\snapshots\\\\f03589ceff5aac7111bd60cfc7d497ca17ecac65&#x27;</pre></td><EOL>        </tr><EOL>      <EOL>        <tr><EOL>          <td>CLASSPATH</td><EOL>          <td class="code"><pre>(&#x27;C:\\Program Files\\Java\\jdk-17\\lib\\dt.jar;C:\\Program &#x27;<EOL> &#x27;Files\\Java\\jdk-17\\lib\\tools.jar;&#x27;)</pre></td><EOL>        </tr><EOL>      <EOL>        <tr><EOL>          <td>CNN_DB_NAME</td><EOL>          <td class="code"><pre>&#x27;Catface&#x27;</pre></td><EOL>        </tr><EOL>      <EOL>        <tr><EOL>          <td>COMMONPROGRAMFILES</td><EOL>          <td class="code"><pre>&#x27;C:\\Program Files\\Common Files&#x27;</pre></td><EOL>        </tr><EOL>      <EOL>        <tr><EOL>          <td>COMMONPROGRAMFILES(X86)</td><EOL>          <td class="code"><pre>&#x27;C:\\Program Files (x86)\\Common Files&#x27;</pre></td><EOL>        </tr><EOL>      <EOL>        <tr><EOL>          <td>COMMONPROGRAMW6432</td><EOL>          <td class="code"><pre>&#x27;C:\\Program Files\\Common Files&#x27;</pre></td><EOL>        </tr><EOL>      <EOL>        <tr><EOL>          <td>COMPUTERNAME</td><EOL>          <td class="code"><pre>&#x27;HAVOC&#x27;</pre></td><EOL>        </tr><EOL>      <EOL>        <tr><EOL>          <td>COMSPEC</td><EOL>          <td class="code"><pre>&#x27;C:\\WINDOWS\\system32\\cmd.exe&#x27;</pre></td><EOL>        </tr><EOL>      <EOL>        <tr><EOL>          <td>CONTENT_LENGTH</td><EOL>          <td class="code"><pre>&#x27;13&#x27;</pre></td><EOL>        </tr><EOL>      <EOL>        <tr><EOL>          <td>CONTENT_TYPE</td><EOL>          <td class="code"><pre>&#x27;application/json&#x27;</pre></td><EOL>        </tr><EOL>      <EOL>        <tr><EOL>          <td>CUDA_PATH</td><EOL>          <td class="code"><pre>&#x27;C:\\Program Files\\NVIDIA GPU Computing Toolkit\\CUDA\\v12.1&#x27;</pre></td><EOL>        </tr><EOL>      <EOL>        <tr><EOL>          <td>CUDA_PATH_V11_8</td><EOL>          <td class="code"><pre>&#x27;C:\\Program Files\\NVIDIA GPU Computing Toolkit\\CUDA\\v11.8&#x27;</pre></td><EOL>        </tr><EOL>      <EOL>        <tr><EOL>          <td>CUDA_PATH_V12_1</td><EOL>          <td class="code"><pre>&#x27;C:\\Program Files\\NVIDIA GPU Computing Toolkit\\CUDA\\v12.1&#x27;</pre></td><EOL>        </tr><EOL>      <EOL>        <tr><EOL>          <td>DJANGO_SETTINGS_MODULE</td><EOL>          <td class="code"><pre>&#x27;catface.settings&#x27;</pre></td><EOL>        </tr><EOL>      <EOL>        <tr><EOL>          <td>DRIVERDATA</td><EOL>          <td class="code"><pre>&#x27;C:\\Windows\\System32\\Drivers\\DriverData&#x27;</pre></td><EOL>        </tr><EOL>      <EOL>        <tr><EOL>          <td>EFC_31864</td><EOL>          <td class="code"><pre>&#x27;1&#x27;</pre></td><EOL>        </tr><EOL>      <EOL>        <tr><EOL>          <td>ES_HOST</td><EOL>          <td class="code"><pre>&#x27;localhost&#x27;</pre></td><EOL>        </tr><EOL>      <EOL>        <tr><EOL>          <td>ES_PORT</td><EOL>          <td class="code"><pre>&#x27;9200&#x27;</pre></td><EOL>        </tr><EOL>      <EOL>        <tr><EOL>          <td>GATEWAY_INTERFACE</td><EOL>          <td class="code"><pre>&#x27;CGI/1.1&#x27;</pre></td><EOL>        </tr><EOL>      <EOL>        <tr><EOL>          <td>HOMEDRIVE</td><EOL>          <td class="code"><pre>&#x27;C:&#x27;</pre></td><EOL>        </tr><EOL>      <EOL>        <tr><EOL>          <td>HOMEPATH</td><EOL>          <td class="code"><pre>&#x27;\\Users\\Havoc&#x27;</pre></td><EOL>        </tr><EOL>      <EOL>        <tr><EOL>          <td>HTTP_ACCEPT</td><EOL>          <td class="code"><pre>&#x27;text/plain, application/json, application/*+json, */*&#x27;</pre></td><EOL>        </tr><EOL>      <EOL>        <tr><EOL>          <td>HTTP_CONNECTION</td><EOL>          <td class="code"><pre>&#x27;keep-alive&#x27;</pre></td><EOL>        </tr><EOL>      <EOL>        <tr><EOL>          <td>HTTP_HOST</td><EOL>          <td class="code"><pre>&#x27;localhost:8000&#x27;</pre></td><EOL>        </tr><EOL>      <EOL>        <tr><EOL>          <td>HTTP_USER_AGENT</td><EOL>          <td class="code"><pre>&#x27;Java/21.0.5&#x27;</pre></td><EOL>        </tr><EOL>      <EOL>        <tr><EOL>          <td>IGCCSVC_DB</td><EOL>          <td class="code"><pre>&#x27;AQAAANCMnd8BFdERjHoAwE/Cl+sBAAAAePUJEDG350q8D4sKMVDOGwQAAAACAAAAAAAQZgAAAAEAACAAAACUahlN92wHtv5J7Xcmdv+QFOhqa+LCoJ6wUb/DxUFfoQAAAAAOgAAAAAIAACAAAADJqNdHCgGJ3b8NSRDS7eoF2SVx70DPsmU5rkX9vqSEiWAAAADX+M8qBviUej0ZjGC6erhCBW9yw5XdybrXwzOUjZV2n+2DxxO8FMwVd/iEQLSyCWf5Spc+Ag0HsL1yAKMc+f+owdqyTSIybbDAhbyp3xqWgzsACaxtbKfU8x1FJ3MJdLlAAAAAGoWdO8nzYEWLsxNa23BBl9ZDn0I5Qb74M0M/O8gY88LBVQT1OcAHIJQ+damSH+Xm2Rgh7RbK4NYNQSoLH9bKyw==&#x27;</pre></td><EOL>        </tr><EOL>      <EOL>        <tr><EOL>          <td>INTELLIJ IDEA COMMUNITY EDITION</td><EOL>          <td class="code"><pre>&#x27;C:\\Program Files\\JetBrains\\IntelliJ IDEA Community Edition 2024.2.1\\bin;&#x27;</pre></td><EOL>        </tr><EOL>      <EOL>        <tr><EOL>          <td>INTEL_DEV_REDIST</td><EOL>          <td class="code"><pre>&#x27;C:\\Program Files (x86)\\Common Files\\Intel\\Shared Libraries\\&#x27;</pre></td><EOL>        </tr><EOL>      <EOL>        <tr><EOL>          <td>JAVA_HOME</td><EOL>          <td class="code"><pre>&#x27;C:\\Program Files\\Java\\jdk-17&#x27;</pre></td><EOL>        </tr><EOL>      <EOL>        <tr><EOL>          <td>LLM_DB_NAME</td><EOL>          <td class="code"><pre>&#x27;LLM_example&#x27;</pre></td><EOL>        </tr><EOL>      <EOL>        <tr><EOL>          <td>LOCALAPPDATA</td><EOL>          <td class="code"><pre>&#x27;C:\\Users\\Havoc\\AppData\\Local&#x27;</pre></td><EOL>        </tr><EOL>      <EOL>        <tr><EOL>          <td>LOGONSERVER</td><EOL>          <td class="code"><pre>&#x27;\\\\HAVOC&#x27;</pre></td><EOL>        </tr><EOL>      <EOL>        <tr><EOL>          <td>MGLS_LICENSE_FILE</td><EOL>          <td class="code"><pre>&#x27;&quot;C:\\modeltech64_10.1c\\win64\\LICENSE.TXT&quot;&#x27;</pre></td><EOL>        </tr><EOL>      <EOL>        <tr><EOL>          <td>MIC_LD_LIBRARY_PATH</td><EOL>          <td class="code"><pre>(&#x27;C:\\Program Files (x86)\\Common Files\\Intel\\Shared &#x27;<EOL> &#x27;Libraries\\compiler\\lib\\mic&#x27;)</pre></td><EOL>        </tr><EOL>      <EOL>        <tr><EOL>          <td>MILVUS_HOST</td><EOL>          <td class="code"><pre>&#x27;127.0.0.1&#x27;</pre></td><EOL>        </tr><EOL>      <EOL>        <tr><EOL>          <td>MILVUS_PORT</td><EOL>          <td class="code"><pre>&#x27;19530&#x27;</pre></td><EOL>        </tr><EOL>      <EOL>        <tr><EOL>          <td>MYSQL_CHARSET</td><EOL>          <td class="code"><pre>&#x27;utf8&#x27;</pre></td><EOL>        </tr><EOL>      <EOL>        <tr><EOL>          <td>MYSQL_DATABASE</td><EOL>          <td class="code"><pre>&#x27;hav_cats&#x27;</pre></td><EOL>        </tr><EOL>      <EOL>        <tr><EOL>          <td>MYSQL_HOST</td><EOL>          <td class="code"><pre>&#x27;127.0.0.1&#x27;</pre></td><EOL>        </tr><EOL>      <EOL>        <tr><EOL>          <td>MYSQL_PASSWORD</td><EOL>          <td class="code"><pre>&#x27;********************&#x27;</pre></td><EOL>        </tr><EOL>      <EOL>        <tr><EOL>          <td>MYSQL_PORT</td><EOL>          <td class="code"><pre>&#x27;3306&#x27;</pre></td><EOL>        </tr><EOL>      <EOL>        <tr><EOL>          <td>MYSQL_USER</td><EOL>          <td class="code"><pre>&#x27;root&#x27;</pre></td><EOL>        </tr><EOL>      <EOL>        <tr><EOL>          <td>NEO4J_HOME</td><EOL>          <td class="code"><pre>&#x27;D:\\Tools\\neo4j-community-5.23.0&#x27;</pre></td><EOL>        </tr><EOL>      <EOL>        <tr><EOL>          <td>NUMBER_OF_PROCESSORS</td><EOL>          <td class="code"><pre>&#x27;20&#x27;</pre></td><EOL>        </tr><EOL>      <EOL>        <tr><EOL>          <td>NVM_HOME</td><EOL>          <td class="code"><pre>&#x27;D:\\nvm&#x27;</pre></td><EOL>        </tr><EOL>      <EOL>        <tr><EOL>          <td>NVM_SYMLINK</td><EOL>          <td class="code"><pre>&#x27;D:\\nodejs&#x27;</pre></td><EOL>        </tr><EOL>      <EOL>        <tr><EOL>          <td>NVTOOLSEXT_PATH</td><EOL>          <td class="code"><pre>&#x27;C:\\Program Files\\NVIDIA Corporation\\NvToolsExt\\&#x27;</pre></td><EOL>        </tr><EOL>      <EOL>        <tr><EOL>          <td>OLLAMA_HOST</td><EOL>          <td class="code"><pre>&#x27;127.0.0.1&#x27;</pre></td><EOL>        </tr><EOL>      <EOL>        <tr><EOL>          <td>OLLAMA_ORIGINS</td><EOL>          <td class="code"><pre>&#x27;*&#x27;</pre></td><EOL>        </tr><EOL>      <EOL>        <tr><EOL>          <td>ONEDRIVE</td><EOL>          <td class="code"><pre>&#x27;C:\\Users\\Havoc\\OneDrive&#x27;</pre></td><EOL>        </tr><EOL>      <EOL>        <tr><EOL>          <td>OS</td><EOL>          <td class="code"><pre>&#x27;Windows_NT&#x27;</pre></td><EOL>        </tr><EOL>      <EOL>        <tr><EOL>          <td>PATH</td><EOL>          <td class="code"><pre>(&#x27;D:\\.File Data\\PyCharmProject\\CatfaceBack\\Scripts;C:\\Program &#x27;<EOL> &#x27;Files\\Common Files\\Oracle\\Java\\javapath;C:\\Program Files\\NVIDIA GPU &#x27;<EOL> &#x27;Computing Toolkit\\CUDA\\v12.1\\bin;C:\\Program Files\\NVIDIA GPU Computing &#x27;<EOL> &#x27;Toolkit\\CUDA\\v12.1\\libnvvp;C:\\Program Files\\NVIDIA GPU Computing &#x27;<EOL> &#x27;Toolkit\\CUDA\\v12.1\\include;C:\\Program Files\\NVIDIA GPU Computing &#x27;<EOL> &#x27;Toolkit\\CUDA\\v12.1\\lib;C:\\Program Files\\NVIDIA GPU Computing &#x27;<EOL> &#x27;Toolkit\\CUDA\\v11.8\\bin;C:\\Program Files\\NVIDIA GPU Computing &#x27;<EOL> &#x27;Toolkit\\CUDA\\v11.8\\libnvvp;C:\\Program Files (x86)\\VMware\\VMware &#x27;<EOL> &#x27;Workstation\\bin\\;C:\\Program Files (x86)\\Common &#x27;<EOL> &#x27;Files\\Oracle\\Java\\javapath;C:\\Program Files (x86)\\Common &#x27;<EOL> &#x27;Files\\Intel\\Shared &#x27;<EOL> &#x27;Libraries\\redist\\intel64\\compiler;C:\\ProgramData\\Oracle\\Java\\javapath;C:\\Program &#x27;<EOL> &#x27;Files\\Java\\jdk1.8.0_152\\bin;C:\\Windows;C:\\Windows\\system32;C:\\Windows\\System32\\Wbem;C:\\Windows\\System32\\WindowsPowerShell\\v1.0\\;C:\\Windows\\System32\\OpenSSH\\;C:\\WINDOWS\\system32;C:\\WINDOWS;C:\\WINDOWS\\System32\\Wbem;C:\\WINDOWS\\System32\\WindowsPowerShell\\v1.0\\;C:\\WINDOWS\\System32\\OpenSSH\\;C:\\Program &#x27;<EOL> &#x27;Files\\Java\\jdk-17\\bin;C:\\Program &#x27;<EOL> &#x27;Files\\Java\\jdk-17\\jre\\bin;%CATALINA_HOME%\\bin;C:\\Program &#x27;<EOL> &#x27;Files\\swigwin-4.1.1;C:\\Program Files\\Microsoft SQL &#x27;<EOL> &#x27;Server\\150\\Tools\\Binn\\;C:\\Program Files\\Microsoft SQL &#x27;<EOL> &#x27;Server\\130\\Tools\\Binn\\;C:\\TDM-GCC-64\\bin;C:\\Program &#x27;<EOL> &#x27;Files\\dotnet\\;C:\\Program Files\\Go\\bin;C:\\Program &#x27;<EOL> &#x27;Files\\Docker\\Docker\\resources\\bin;C:\\Users\\Havoc\\go\\pkg\\mod\\github.com\\air-verse\\air@v1.52.3;C:\\Users\\Havoc\\Documents\\C++\\.mingw64\\bin;C:\\Program &#x27;<EOL> &#x27;Files\\NVIDIA Corporation\\Nsight Compute &#x27;<EOL> &#x27;2022.3.0\\;D:\\nvm;D:\\nodejs;C:\\Program Files (x86)\\Windows &#x27;<EOL> &#x27;Kits\\10\\Windows Performance Toolkit\\;D:\\soft wares\\Bandizip\\;D:\\soft &#x27;<EOL> &#x27;wares\\.Tools\\SQLite;D:\\Tools\\GnuWin32\\bin;D:\\Tools\\MinGW\\bin;D:\\Tools\\neo4j-community-5.23.0\\bin;C:\\Users\\Havoc\\Documents\\C++\\.mingw64\\bin;C:\\Program &#x27;<EOL> &#x27;Files\\Git\\cmd;D:\\Tools\\PuTTY\\;D:\\soft wares\\.IDE\\CodeArts &#x27;<EOL> &#x27;IDE\\bin;D:\\Tools\\cmake\\bin;D:\\Tools\\Redis\\;C:\\Program Files\\NVIDIA &#x27;<EOL> &#x27;Corporation\\NVIDIA &#x27;<EOL> &#x27;app\\NvDLISR;C:\\Users\\Havoc\\AppData\\Local\\Microsoft\\WindowsApps;C:\\Users\\Havoc\\Microsoft &#x27;<EOL> &#x27;VS Code\\bin;C:\\Program Files\\mysql-8.0.23-winx64\\bin;C:\\Program &#x27;<EOL> &#x27;Files\\MySQL\\MySQL Shell &#x27;<EOL> &#x27;8.0\\bin\\;C:\\iverilog\\bin;C:\\iverilog\\gtkwave\\bin;C:\\Users\\Havoc\\Desktop\\Little-tools\\WHU-homework\\ancestorWorship\\ctags;C:\\Program &#x27;<EOL> &#x27;Files\\opencv\\build\\x64\\vc16\\bin;C:\\Program Files\\JetBrains\\IntelliJ &#x27;<EOL> &#x27;IDEA 2023.3.2\\bin;C:\\Program Files\\JetBrains\\IntelliJ IDEA Community &#x27;<EOL> &#x27;Edition &#x27;<EOL> &#x27;2023.2.5\\bin;C:\\Users\\Havoc\\AppData\\Local\\Programs\\Python\\Python38\\;C:\\Users\\Havoc\\AppData\\Local\\Programs\\Python\\Python38\\Scripts\\;C:\\Users\\Havoc\\AppData\\Local\\Programs\\Python\\Python311\\;C:\\Users\\Havoc\\AppData\\Local\\Programs\\Python\\Python311\\Scripts\\;C:\\modeltech64_10.1c\\win64;D:\\soft &#x27;<EOL> &#x27;wares\\微信web开发者工具\\dll;C:\\Users\\Havoc\\go\\bin;C:\\Users\\Havoc\\AppData\\Local\\Programs\\Ollama;D:\\nvm;D:\\nodejs;D:\\soft &#x27;<EOL> &#x27;wares\\.IDE\\PyCharm &#x27;<EOL> &#x27;2024.2.0.1\\bin;;C:\\Users\\Havoc\\.dotnet\\tools;C:\\Program &#x27;<EOL> &#x27;Files\\JetBrains\\IntelliJ IDEA Community Edition 2024.2.1\\bin;;C:\\Program &#x27;<EOL> &#x27;Files\\JetBrains\\PyCharm Community Edition 2024.2.2\\bin;;&#x27;)</pre></td><EOL>        </tr><EOL>      <EOL>        <tr><EOL>          <td>PATHEXT</td><EOL>          <td class="code"><pre>&#x27;.COM;.EXE;.BAT;.CMD;.VBS;.VBE;.JS;.JSE;.WSF;.WSH;.MSC&#x27;</pre></td><EOL>        </tr><EOL>      <EOL>        <tr><EOL>          <td>PATH_INFO</td><EOL>          <td class="code"><pre>&#x27;/api/rag/bge_embedding&#x27;</pre></td><EOL>        </tr><EOL>      <EOL>        <tr><EOL>          <td>PAWWANDER_CONFIG</td><EOL>          <td class="code"><pre>&#x27;./config.json&#x27;</pre></td><EOL>        </tr><EOL>      <EOL>        <tr><EOL>          <td>PROCESSOR_ARCHITECTURE</td><EOL>          <td class="code"><pre>&#x27;AMD64&#x27;</pre></td><EOL>        </tr><EOL>      <EOL>        <tr><EOL>          <td>PROCESSOR_IDENTIFIER</td><EOL>          <td class="code"><pre>&#x27;Intel64 Family 6 Model 154 Stepping 3, GenuineIntel&#x27;</pre></td><EOL>        </tr><EOL>      <EOL>        <tr><EOL>          <td>PROCESSOR_LEVEL</td><EOL>          <td class="code"><pre>&#x27;6&#x27;</pre></td><EOL>        </tr><EOL>      <EOL>        <tr><EOL>          <td>PROCESSOR_REVISION</td><EOL>          <td class="code"><pre>&#x27;9a03&#x27;</pre></td><EOL>        </tr><EOL>      <EOL>        <tr><EOL>          <td>PROGRAMDATA</td><EOL>          <td class="code"><pre>&#x27;C:\\ProgramData&#x27;</pre></td><EOL>        </tr><EOL>      <EOL>        <tr><EOL>          <td>PROGRAMFILES</td><EOL>          <td class="code"><pre>&#x27;C:\\Program Files&#x27;</pre></td><EOL>        </tr><EOL>      <EOL>        <tr><EOL>          <td>PROGRAMFILES(X86)</td><EOL>          <td class="code"><pre>&#x27;C:\\Program Files (x86)&#x27;</pre></td><EOL>        </tr><EOL>      <EOL>        <tr><EOL>          <td>PROGRAMW6432</td><EOL>          <td class="code"><pre>&#x27;C:\\Program Files&#x27;</pre></td><EOL>        </tr><EOL>      <EOL>        <tr><EOL>          <td>PROMPT</td><EOL>          <td class="code"><pre>&#x27;(CatfaceBack) $P$G&#x27;</pre></td><EOL>        </tr><EOL>      <EOL>        <tr><EOL>          <td>PSMODULEPATH</td><EOL>          <td class="code"><pre>(&#x27;C:\\Program &#x27;<EOL> &#x27;Files\\WindowsPowerShell\\Modules;C:\\WINDOWS\\system32\\WindowsPowerShell\\v1.0\\Modules;&#x27;)</pre></td><EOL>        </tr><EOL>      <EOL>        <tr><EOL>          <td>PUBLIC</td><EOL>          <td class="code"><pre>&#x27;C:\\Users\\Public&#x27;</pre></td><EOL>        </tr><EOL>      <EOL>        <tr><EOL>          <td>PYCHARM</td><EOL>          <td class="code"><pre>&#x27;D:\\soft wares\\.IDE\\PyCharm 2024.2.0.1\\bin;&#x27;</pre></td><EOL>        </tr><EOL>      <EOL>        <tr><EOL>          <td>PYCHARM COMMUNITY EDITION</td><EOL>          <td class="code"><pre>&#x27;C:\\Program Files\\JetBrains\\PyCharm Community Edition 2024.2.2\\bin;&#x27;</pre></td><EOL>        </tr><EOL>      <EOL>        <tr><EOL>          <td>PYCHARM_HOSTED</td><EOL>          <td class="code"><pre>&#x27;1&#x27;</pre></td><EOL>        </tr><EOL>      <EOL>        <tr><EOL>          <td>PYTHONIOENCODING</td><EOL>          <td class="code"><pre>&#x27;UTF-8&#x27;</pre></td><EOL>        </tr><EOL>      <EOL>        <tr><EOL>          <td>PYTHONPATH</td><EOL>          <td class="code"><pre>&#x27;D:\\.File Data\\PyCharmProject\\CatfaceBack&#x27;</pre></td><EOL>        </tr><EOL>      <EOL>        <tr><EOL>          <td>PYTHONUNBUFFERED</td><EOL>          <td class="code"><pre>&#x27;1&#x27;</pre></td><EOL>        </tr><EOL>      <EOL>        <tr><EOL>          <td>QUERY_STRING</td><EOL>          <td class="code"><pre>&#x27;&#x27;</pre></td><EOL>        </tr><EOL>      <EOL>        <tr><EOL>          <td>REMOTE_ADDR</td><EOL>          <td class="code"><pre>&#x27;127.0.0.1&#x27;</pre></td><EOL>        </tr><EOL>      <EOL>        <tr><EOL>          <td>REMOTE_HOST</td><EOL>          <td class="code"><pre>&#x27;&#x27;</pre></td><EOL>        </tr><EOL>      <EOL>        <tr><EOL>          <td>REQUEST_METHOD</td><EOL>          <td class="code"><pre>&#x27;POST&#x27;</pre></td><EOL>        </tr><EOL>      <EOL>        <tr><EOL>          <td>RLSSVCPORT</td><EOL>          <td class="code"><pre>&#x27;22112&#x27;</pre></td><EOL>        </tr><EOL>      <EOL>        <tr><EOL>          <td>RUN_MAIN</td><EOL>          <td class="code"><pre>&#x27;true&#x27;</pre></td><EOL>        </tr><EOL>      <EOL>        <tr><EOL>          <td>SCRIPT_NAME</td><EOL>          <td class="code"><pre>&#x27;&#x27;</pre></td><EOL>        </tr><EOL>      <EOL>        <tr><EOL>          <td>SERVER_NAME</td><EOL>          <td class="code"><pre>&#x27;activate.navicat.com&#x27;</pre></td><EOL>        </tr><EOL>      <EOL>        <tr><EOL>          <td>SERVER_PORT</td><EOL>          <td class="code"><pre>&#x27;8000&#x27;</pre></td><EOL>        </tr><EOL>      <EOL>        <tr><EOL>          <td>SERVER_PROTOCOL</td><EOL>          <td class="code"><pre>&#x27;HTTP/1.1&#x27;</pre></td><EOL>        </tr><EOL>      <EOL>        <tr><EOL>          <td>SERVER_SOFTWARE</td><EOL>          <td class="code"><pre>&#x27;WSGIServer/0.2&#x27;</pre></td><EOL>        </tr><EOL>      <EOL>        <tr><EOL>          <td>SESSIONNAME</td><EOL>          <td class="code"><pre>&#x27;Console&#x27;</pre></td><EOL>        </tr><EOL>      <EOL>        <tr><EOL>          <td>SYSTEMDRIVE</td><EOL>          <td class="code"><pre>&#x27;C:&#x27;</pre></td><EOL>        </tr><EOL>      <EOL>        <tr><EOL>          <td>SYSTEMROOT</td><EOL>          <td class="code"><pre>&#x27;C:\\WINDOWS&#x27;</pre></td><EOL>        </tr><EOL>      <EOL>        <tr><EOL>          <td>TEMP</td><EOL>          <td class="code"><pre>&#x27;C:\\Users\\Havoc\\AppData\\Local\\Temp&#x27;</pre></td><EOL>        </tr><EOL>      <EOL>        <tr><EOL>          <td>TMP</td><EOL>          <td class="code"><pre>&#x27;C:\\Users\\Havoc\\AppData\\Local\\Temp&#x27;</pre></td><EOL>        </tr><EOL>      <EOL>        <tr><EOL>          <td>USERDOMAIN</td><EOL>          <td class="code"><pre>&#x27;HAVOC&#x27;</pre></td><EOL>        </tr><EOL>      <EOL>        <tr><EOL>          <td>USERDOMAIN_ROAMINGPROFILE</td><EOL>          <td class="code"><pre>&#x27;HAVOC&#x27;</pre></td><EOL>        </tr><EOL>      <EOL>        <tr><EOL>          <td>USERNAME</td><EOL>          <td class="code"><pre>&#x27;Havoc&#x27;</pre></td><EOL>        </tr><EOL>      <EOL>        <tr><EOL>          <td>USERPROFILE</td><EOL>          <td class="code"><pre>&#x27;C:\\Users\\Havoc&#x27;</pre></td><EOL>        </tr><EOL>      <EOL>        <tr><EOL>          <td>VIRTUAL_ENV</td><EOL>          <td class="code"><pre>&#x27;D:\\.File Data\\PyCharmProject\\CatfaceBack&#x27;</pre></td><EOL>        </tr><EOL>      <EOL>        <tr><EOL>          <td>VS140COMNTOOLS</td><EOL>          <td class="code"><pre>&#x27;C:\\Program Files (x86)\\Microsoft Visual Studio 14.0\\Common7\\Tools\\&#x27;</pre></td><EOL>        </tr><EOL>      <EOL>        <tr><EOL>          <td>WINDIR</td><EOL>          <td class="code"><pre>&#x27;C:\\WINDOWS&#x27;</pre></td><EOL>        </tr><EOL>      <EOL>        <tr><EOL>          <td>ZES_ENABLE_SYSMAN</td><EOL>          <td class="code"><pre>&#x27;1&#x27;</pre></td><EOL>        </tr><EOL>      <EOL>        <tr><EOL>          <td>ZHIPUAI_API_KEY</td><EOL>          <td class="code"><pre>&#x27;********************&#x27;</pre></td><EOL>        </tr><EOL>      <EOL>        <tr><EOL>          <td>_OLD_VIRTUAL_PATH</td><EOL>          <td class="code"><pre>(&#x27;C:\\Program Files\\Common Files\\Oracle\\Java\\javapath;C:\\Program &#x27;<EOL> &#x27;Files\\NVIDIA GPU Computing Toolkit\\CUDA\\v12.1\\bin;C:\\Program &#x27;<EOL> &#x27;Files\\NVIDIA GPU Computing Toolkit\\CUDA\\v12.1\\libnvvp;C:\\Program &#x27;<EOL> &#x27;Files\\NVIDIA GPU Computing Toolkit\\CUDA\\v12.1\\include;C:\\Program &#x27;<EOL> &#x27;Files\\NVIDIA GPU Computing Toolkit\\CUDA\\v12.1\\lib;C:\\Program &#x27;<EOL> &#x27;Files\\NVIDIA GPU Computing Toolkit\\CUDA\\v11.8\\bin;C:\\Program &#x27;<EOL> &#x27;Files\\NVIDIA GPU Computing Toolkit\\CUDA\\v11.8\\libnvvp;C:\\Program Files &#x27;<EOL> &#x27;(x86)\\VMware\\VMware Workstation\\bin\\;C:\\Program Files (x86)\\Common &#x27;<EOL> &#x27;Files\\Oracle\\Java\\javapath;C:\\Program Files (x86)\\Common &#x27;<EOL> &#x27;Files\\Intel\\Shared &#x27;<EOL> &#x27;Libraries\\redist\\intel64\\compiler;C:\\ProgramData\\Oracle\\Java\\javapath;C:\\Program &#x27;<EOL> &#x27;Files\\Java\\jdk1.8.0_152\\bin;C:\\Windows;C:\\Windows\\system32;C:\\Windows\\System32\\Wbem;C:\\Windows\\System32\\WindowsPowerShell\\v1.0\\;C:\\Windows\\System32\\OpenSSH\\;C:\\WINDOWS\\system32;C:\\WINDOWS;C:\\WINDOWS\\System32\\Wbem;C:\\WINDOWS\\System32\\WindowsPowerShell\\v1.0\\;C:\\WINDOWS\\System32\\OpenSSH\\;C:\\Program &#x27;<EOL> &#x27;Files\\Java\\jdk-17\\bin;C:\\Program &#x27;<EOL> &#x27;Files\\Java\\jdk-17\\jre\\bin;%CATALINA_HOME%\\bin;C:\\Program &#x27;<EOL> &#x27;Files\\swigwin-4.1.1;C:\\Program Files\\Microsoft SQL &#x27;<EOL> &#x27;Server\\150\\Tools\\Binn\\;C:\\Program Files\\Microsoft SQL &#x27;<EOL> &#x27;Server\\130\\Tools\\Binn\\;C:\\TDM-GCC-64\\bin;C:\\Program &#x27;<EOL> &#x27;Files\\dotnet\\;C:\\Program Files\\Go\\bin;C:\\Program &#x27;<EOL> &#x27;Files\\Docker\\Docker\\resources\\bin;C:\\Users\\Havoc\\go\\pkg\\mod\\github.com\\air-verse\\air@v1.52.3;C:\\Users\\Havoc\\Documents\\C++\\.mingw64\\bin;C:\\Program &#x27;<EOL> &#x27;Files\\NVIDIA Corporation\\Nsight Compute &#x27;<EOL> &#x27;2022.3.0\\;D:\\nvm;D:\\nodejs;C:\\Program Files (x86)\\Windows &#x27;<EOL> &#x27;Kits\\10\\Windows Performance Toolkit\\;D:\\soft wares\\Bandizip\\;D:\\soft &#x27;<EOL> &#x27;wares\\.Tools\\SQLite;D:\\Tools\\GnuWin32\\bin;D:\\Tools\\MinGW\\bin;D:\\Tools\\neo4j-community-5.23.0\\bin;C:\\Users\\Havoc\\Documents\\C++\\.mingw64\\bin;C:\\Program &#x27;<EOL> &#x27;Files\\Git\\cmd;D:\\Tools\\PuTTY\\;D:\\soft wares\\.IDE\\CodeArts &#x27;<EOL> &#x27;IDE\\bin;D:\\Tools\\cmake\\bin;D:\\Tools\\Redis\\;C:\\Program Files\\NVIDIA &#x27;<EOL> &#x27;Corporation\\NVIDIA &#x27;<EOL> &#x27;app\\NvDLISR;C:\\Users\\Havoc\\AppData\\Local\\Microsoft\\WindowsApps;C:\\Users\\Havoc\\Microsoft &#x27;<EOL> &#x27;VS Code\\bin;C:\\Program Files\\mysql-8.0.23-winx64\\bin;C:\\Program &#x27;<EOL> &#x27;Files\\MySQL\\MySQL Shell &#x27;<EOL> &#x27;8.0\\bin\\;C:\\iverilog\\bin;C:\\iverilog\\gtkwave\\bin;C:\\Users\\Havoc\\Desktop\\Little-tools\\WHU-homework\\ancestorWorship\\ctags;C:\\Program &#x27;<EOL> &#x27;Files\\opencv\\build\\x64\\vc16\\bin;C:\\Program Files\\JetBrains\\IntelliJ &#x27;<EOL> &#x27;IDEA 2023.3.2\\bin;C:\\Program Files\\JetBrains\\IntelliJ IDEA Community &#x27;<EOL> &#x27;Edition &#x27;<EOL> &#x27;2023.2.5\\bin;C:\\Users\\Havoc\\AppData\\Local\\Programs\\Python\\Python38\\;C:\\Users\\Havoc\\AppData\\Local\\Programs\\Python\\Python38\\Scripts\\;C:\\Users\\Havoc\\AppData\\Local\\Programs\\Python\\Python311\\;C:\\Users\\Havoc\\AppData\\Local\\Programs\\Python\\Python311\\Scripts\\;C:\\modeltech64_10.1c\\win64;D:\\soft &#x27;<EOL> &#x27;wares\\微信web开发者工具\\dll;C:\\Users\\Havoc\\go\\bin;C:\\Users\\Havoc\\AppData\\Local\\Programs\\Ollama;D:\\nvm;D:\\nodejs;D:\\soft &#x27;<EOL> &#x27;wares\\.IDE\\PyCharm &#x27;<EOL> &#x27;2024.2.0.1\\bin;;C:\\Users\\Havoc\\.dotnet\\tools;C:\\Program &#x27;<EOL> &#x27;Files\\JetBrains\\IntelliJ IDEA Community Edition 2024.2.1\\bin;;C:\\Program &#x27;<EOL> &#x27;Files\\JetBrains\\PyCharm Community Edition 2024.2.2\\bin;;&#x27;)</pre></td><EOL>        </tr><EOL>      <EOL>        <tr><EOL>          <td>_OLD_VIRTUAL_PROMPT</td><EOL>          <td class="code"><pre>&#x27;$P$G&#x27;</pre></td><EOL>        </tr><EOL>      <EOL>        <tr><EOL>          <td>wsgi.errors</td><EOL>          <td class="code"><pre>&lt;_io.TextIOWrapper name=&#x27;&lt;stderr&gt;&#x27; mode=&#x27;w&#x27; encoding=&#x27;utf-8&#x27;&gt;</pre></td><EOL>        </tr><EOL>      <EOL>        <tr><EOL>          <td>wsgi.file_wrapper</td><EOL>          <td class="code"><pre>&lt;class &#x27;wsgiref.util.FileWrapper&#x27;&gt;</pre></td><EOL>        </tr><EOL>      <EOL>        <tr><EOL>          <td>wsgi.input</td><EOL>          <td class="code"><pre>&lt;django.core.handlers.wsgi.LimitedStream object at 0x000001CF96621730&gt;</pre></td><EOL>        </tr><EOL>      <EOL>        <tr><EOL>          <td>wsgi.multiprocess</td><EOL>          <td class="code"><pre>False</pre></td><EOL>        </tr><EOL>      <EOL>        <tr><EOL>          <td>wsgi.multithread</td><EOL>          <td class="code"><pre>True</pre></td><EOL>        </tr><EOL>      <EOL>        <tr><EOL>          <td>wsgi.run_once</td><EOL>          <td class="code"><pre>False</pre></td><EOL>        </tr><EOL>      <EOL>        <tr><EOL>          <td>wsgi.url_scheme</td><EOL>          <td class="code"><pre>&#x27;http&#x27;</pre></td><EOL>        </tr><EOL>      <EOL>        <tr><EOL>          <td>wsgi.version</td><EOL>          <td class="code"><pre>(1, 0)</pre></td><EOL>        </tr><EOL>      <EOL>    </tbody><EOL>  </table><EOL><EOL><EOL>  <h3 id="settings-info">Settings</h3><EOL>  <h4>Using settings module <code>catface.settings</code></h4><EOL>  <table class="req"><EOL>    <thead><EOL>      <tr><EOL>        <th>Setting</th><EOL>        <th>Value</th><EOL>      </tr><EOL>    </thead><EOL>    <tbody><EOL>      <EOL>        <tr><EOL>          <td>ABSOLUTE_URL_OVERRIDES</td><EOL>          <td class="code"><pre>{}</pre></td><EOL>        </tr><EOL>      <EOL>        <tr><EOL>          <td>ADMINS</td><EOL>          <td class="code"><pre>[]</pre></td><EOL>        </tr><EOL>      <EOL>        <tr><EOL>          <td>ALLOWED_HOSTS</td><EOL>          <td class="code"><pre>[&#x27;vv9710nr2082.vicp.fun&#x27;, &#x27;127.0.0.1&#x27;, &#x27;localhost&#x27;]</pre></td><EOL>        </tr><EOL>      <EOL>        <tr><EOL>          <td>APPEND_SLASH</td><EOL>          <td class="code"><pre>True</pre></td><EOL>        </tr><EOL>      <EOL>        <tr><EOL>          <td>AUTHENTICATION_BACKENDS</td><EOL>          <td class="code"><pre>[&#x27;django.contrib.auth.backends.ModelBackend&#x27;]</pre></td><EOL>        </tr><EOL>      <EOL>        <tr><EOL>          <td>AUTH_PASSWORD_VALIDATORS</td><EOL>          <td class="code"><pre>&#x27;********************&#x27;</pre></td><EOL>        </tr><EOL>      <EOL>        <tr><EOL>          <td>AUTH_USER_MODEL</td><EOL>          <td class="code"><pre>&#x27;auth.User&#x27;</pre></td><EOL>        </tr><EOL>      <EOL>        <tr><EOL>          <td>BASE_DIR</td><EOL>          <td class="code"><pre>WindowsPath(&#x27;D:/.File Data/PyCharmProject/CatfaceBack&#x27;)</pre></td><EOL>        </tr><EOL>      <EOL>        <tr><EOL>          <td>CACHES</td><EOL>          <td class="code"><pre>{&#x27;default&#x27;: {&#x27;BACKEND&#x27;: &#x27;django.core.cache.backends.locmem.LocMemCache&#x27;}}</pre></td><EOL>        </tr><EOL>      <EOL>        <tr><EOL>          <td>CACHE_MIDDLEWARE_ALIAS</td><EOL>          <td class="code"><pre>&#x27;default&#x27;</pre></td><EOL>        </tr><EOL>      <EOL>        <tr><EOL>          <td>CACHE_MIDDLEWARE_KEY_PREFIX</td><EOL>          <td class="code"><pre>&#x27;********************&#x27;</pre></td><EOL>        </tr><EOL>      <EOL>        <tr><EOL>          <td>CACHE_MIDDLEWARE_SECONDS</td><EOL>          <td class="code"><pre>600</pre></td><EOL>        </tr><EOL>      <EOL>        <tr><EOL>          <td>CORS_ALLOWED_ORIGINS</td><EOL>          <td class="code"><pre>[&#x27;http://localhost:5173&#x27;]</pre></td><EOL>        </tr><EOL>      <EOL>        <tr><EOL>          <td>CORS_ALLOW_ALL_ORIGINS</td><EOL>          <td class="code"><pre>True</pre></td><EOL>        </tr><EOL>      <EOL>        <tr><EOL>          <td>CSRF_COOKIE_AGE</td><EOL>          <td class="code"><pre>31449600</pre></td><EOL>        </tr><EOL>      <EOL>        <tr><EOL>          <td>CSRF_COOKIE_DOMAIN</td><EOL>          <td class="code"><pre>None</pre></td><EOL>        </tr><EOL>      <EOL>        <tr><EOL>          <td>CSRF_COOKIE_HTTPONLY</td><EOL>          <td class="code"><pre>False</pre></td><EOL>        </tr><EOL>      <EOL>        <tr><EOL>          <td>CSRF_COOKIE_MASKED</td><EOL>          <td class="code"><pre>False</pre></td><EOL>        </tr><EOL>      <EOL>        <tr><EOL>          <td>CSRF_COOKIE_NAME</td><EOL>          <td class="code"><pre>&#x27;csrftoken&#x27;</pre></td><EOL>        </tr><EOL>      <EOL>        <tr><EOL>          <td>CSRF_COOKIE_PATH</td><EOL>          <td class="code"><pre>&#x27;/&#x27;</pre></td><EOL>        </tr><EOL>      <EOL>        <tr><EOL>          <td>CSRF_COOKIE_SAMESITE</td><EOL>          <td class="code"><pre>&#x27;Lax&#x27;</pre></td><EOL>        </tr><EOL>      <EOL>        <tr><EOL>          <td>CSRF_COOKIE_SECURE</td><EOL>          <td class="code"><pre>False</pre></td><EOL>        </tr><EOL>      <EOL>        <tr><EOL>          <td>CSRF_FAILURE_VIEW</td><EOL>          <td class="code"><pre>&#x27;django.views.csrf.csrf_failure&#x27;</pre></td><EOL>        </tr><EOL>      <EOL>        <tr><EOL>          <td>CSRF_HEADER_NAME</td><EOL>          <td class="code"><pre>&#x27;HTTP_X_CSRFTOKEN&#x27;</pre></td><EOL>        </tr><EOL>      <EOL>        <tr><EOL>          <td>CSRF_TRUSTED_ORIGINS</td><EOL>          <td class="code"><pre>[]</pre></td><EOL>        </tr><EOL>      <EOL>        <tr><EOL>          <td>CSRF_USE_SESSIONS</td><EOL>          <td class="code"><pre>False</pre></td><EOL>        </tr><EOL>      <EOL>        <tr><EOL>          <td>DATABASES</td><EOL>          <td class="code"><pre>{&#x27;default&#x27;: {&#x27;ATOMIC_REQUESTS&#x27;: False,<EOL>             &#x27;AUTOCOMMIT&#x27;: True,<EOL>             &#x27;CONN_HEALTH_CHECKS&#x27;: False,<EOL>             &#x27;CONN_MAX_AGE&#x27;: 0,<EOL>             &#x27;ENGINE&#x27;: &#x27;django.db.backends.sqlite3&#x27;,<EOL>             &#x27;HOST&#x27;: &#x27;&#x27;,<EOL>             &#x27;NAME&#x27;: WindowsPath(&#x27;D:/.File Data/PyCharmProject/CatfaceBack/db.sqlite3&#x27;),<EOL>             &#x27;OPTIONS&#x27;: {},<EOL>             &#x27;PASSWORD&#x27;: &#x27;********************&#x27;,<EOL>             &#x27;PORT&#x27;: &#x27;&#x27;,<EOL>             &#x27;TEST&#x27;: {&#x27;CHARSET&#x27;: None,<EOL>                      &#x27;COLLATION&#x27;: None,<EOL>                      &#x27;MIGRATE&#x27;: True,<EOL>                      &#x27;MIRROR&#x27;: None,<EOL>                      &#x27;NAME&#x27;: None},<EOL>             &#x27;TIME_ZONE&#x27;: None,<EOL>             &#x27;USER&#x27;: &#x27;&#x27;},<EOL> &#x27;mysql&#x27;: {&#x27;ATOMIC_REQUESTS&#x27;: False,<EOL>           &#x27;AUTOCOMMIT&#x27;: True,<EOL>           &#x27;CHARSET&#x27;: &#x27;utf8&#x27;,<EOL>           &#x27;CONN_HEALTH_CHECKS&#x27;: False,<EOL>           &#x27;CONN_MAX_AGE&#x27;: 0,<EOL>           &#x27;ENGINE&#x27;: &#x27;django.db.backends.mysql&#x27;,<EOL>           &#x27;HOST&#x27;: &#x27;113.44.68.213&#x27;,<EOL>           &#x27;NAME&#x27;: &#x27;hav_cats&#x27;,<EOL>           &#x27;OPTIONS&#x27;: {},<EOL>           &#x27;PASSWORD&#x27;: &#x27;********************&#x27;,<EOL>           &#x27;PORT&#x27;: 3306,<EOL>           &#x27;TEST&#x27;: {&#x27;CHARSET&#x27;: None,<EOL>                    &#x27;COLLATION&#x27;: None,<EOL>                    &#x27;MIGRATE&#x27;: True,<EOL>                    &#x27;MIRROR&#x27;: None,<EOL>                    &#x27;NAME&#x27;: None},<EOL>           &#x27;TIME_ZONE&#x27;: None,<EOL>           &#x27;USER&#x27;: &#x27;root&#x27;}}</pre></td><EOL>        </tr><EOL>      <EOL>        <tr><EOL>          <td>DATABASE_ROUTERS</td><EOL>          <td class="code"><pre>[]</pre></td><EOL>        </tr><EOL>      <EOL>        <tr><EOL>          <td>DATA_UPLOAD_MAX_MEMORY_SIZE</td><EOL>          <td class="code"><pre>2621440</pre></td><EOL>        </tr><EOL>      <EOL>        <tr><EOL>          <td>DATA_UPLOAD_MAX_NUMBER_FIELDS</td><EOL>          <td class="code"><pre>1000</pre></td><EOL>        </tr><EOL>      <EOL>        <tr><EOL>          <td>DATA_UPLOAD_MAX_NUMBER_FILES</td><EOL>          <td class="code"><pre>100</pre></td><EOL>        </tr><EOL>      <EOL>        <tr><EOL>          <td>DATETIME_FORMAT</td><EOL>          <td class="code"><pre>&#x27;N j, Y, P&#x27;</pre></td><EOL>        </tr><EOL>      <EOL>        <tr><EOL>          <td>DATETIME_INPUT_FORMATS</td><EOL>          <td class="code"><pre>[&#x27;%Y-%m-%d %H:%M:%S&#x27;,<EOL> &#x27;%Y-%m-%d %H:%M:%S.%f&#x27;,<EOL> &#x27;%Y-%m-%d %H:%M&#x27;,<EOL> &#x27;%m/%d/%Y %H:%M:%S&#x27;,<EOL> &#x27;%m/%d/%Y %H:%M:%S.%f&#x27;,<EOL> &#x27;%m/%d/%Y %H:%M&#x27;,<EOL> &#x27;%m/%d/%y %H:%M:%S&#x27;,<EOL> &#x27;%m/%d/%y %H:%M:%S.%f&#x27;,<EOL> &#x27;%m/%d/%y %H:%M&#x27;]</pre></td><EOL>        </tr><EOL>      <EOL>        <tr><EOL>          <td>DATE_FORMAT</td><EOL>          <td class="code"><pre>&#x27;N j, Y&#x27;</pre></td><EOL>        </tr><EOL>      <EOL>        <tr><EOL>          <td>DATE_INPUT_FORMATS</td><EOL>          <td class="code"><pre>[&#x27;%Y-%m-%d&#x27;,<EOL> &#x27;%m/%d/%Y&#x27;,<EOL> &#x27;%m/%d/%y&#x27;,<EOL> &#x27;%b %d %Y&#x27;,<EOL> &#x27;%b %d, %Y&#x27;,<EOL> &#x27;%d %b %Y&#x27;,<EOL> &#x27;%d %b, %Y&#x27;,<EOL> &#x27;%B %d %Y&#x27;,<EOL> &#x27;%B %d, %Y&#x27;,<EOL> &#x27;%d %B %Y&#x27;,<EOL> &#x27;%d %B, %Y&#x27;]</pre></td><EOL>        </tr><EOL>      <EOL>        <tr><EOL>          <td>DEBUG</td><EOL>          <td class="code"><pre>True</pre></td><EOL>        </tr><EOL>      <EOL>        <tr><EOL>          <td>DEBUG_PROPAGATE_EXCEPTIONS</td><EOL>          <td class="code"><pre>False</pre></td><EOL>        </tr><EOL>      <EOL>        <tr><EOL>          <td>DECIMAL_SEPARATOR</td><EOL>          <td class="code"><pre>&#x27;.&#x27;</pre></td><EOL>        </tr><EOL>      <EOL>        <tr><EOL>          <td>DEFAULT_AUTO_FIELD</td><EOL>          <td class="code"><pre>&#x27;django.db.models.BigAutoField&#x27;</pre></td><EOL>        </tr><EOL>      <EOL>        <tr><EOL>          <td>DEFAULT_CHARSET</td><EOL>          <td class="code"><pre>&#x27;utf-8&#x27;</pre></td><EOL>        </tr><EOL>      <EOL>        <tr><EOL>          <td>DEFAULT_EXCEPTION_REPORTER</td><EOL>          <td class="code"><pre>&#x27;django.views.debug.ExceptionReporter&#x27;</pre></td><EOL>        </tr><EOL>      <EOL>        <tr><EOL>          <td>DEFAULT_EXCEPTION_REPORTER_FILTER</td><EOL>          <td class="code"><pre>&#x27;django.views.debug.SafeExceptionReporterFilter&#x27;</pre></td><EOL>        </tr><EOL>      <EOL>        <tr><EOL>          <td>DEFAULT_FILE_STORAGE</td><EOL>          <td class="code"><pre>&#x27;django.core.files.storage.FileSystemStorage&#x27;</pre></td><EOL>        </tr><EOL>      <EOL>        <tr><EOL>          <td>DEFAULT_FROM_EMAIL</td><EOL>          <td class="code"><pre>&#x27;webmaster@localhost&#x27;</pre></td><EOL>        </tr><EOL>      <EOL>        <tr><EOL>          <td>DEFAULT_INDEX_TABLESPACE</td><EOL>          <td class="code"><pre>&#x27;&#x27;</pre></td><EOL>        </tr><EOL>      <EOL>        <tr><EOL>          <td>DEFAULT_TABLESPACE</td><EOL>          <td class="code"><pre>&#x27;&#x27;</pre></td><EOL>        </tr><EOL>      <EOL>        <tr><EOL>          <td>DISALLOWED_USER_AGENTS</td><EOL>          <td class="code"><pre>[]</pre></td><EOL>        </tr><EOL>      <EOL>        <tr><EOL>          <td>EMAIL_BACKEND</td><EOL>          <td class="code"><pre>&#x27;django.core.mail.backends.smtp.EmailBackend&#x27;</pre></td><EOL>        </tr><EOL>      <EOL>        <tr><EOL>          <td>EMAIL_HOST</td><EOL>          <td class="code"><pre>&#x27;localhost&#x27;</pre></td><EOL>        </tr><EOL>      <EOL>        <tr><EOL>          <td>EMAIL_HOST_PASSWORD</td><EOL>          <td class="code"><pre>&#x27;********************&#x27;</pre></td><EOL>        </tr><EOL>      <EOL>        <tr><EOL>          <td>EMAIL_HOST_USER</td><EOL>          <td class="code"><pre>&#x27;&#x27;</pre></td><EOL>        </tr><EOL>      <EOL>        <tr><EOL>          <td>EMAIL_PORT</td><EOL>          <td class="code"><pre>25</pre></td><EOL>        </tr><EOL>      <EOL>        <tr><EOL>          <td>EMAIL_SSL_CERTFILE</td><EOL>          <td class="code"><pre>None</pre></td><EOL>        </tr><EOL>      <EOL>        <tr><EOL>          <td>EMAIL_SSL_KEYFILE</td><EOL>          <td class="code"><pre>&#x27;********************&#x27;</pre></td><EOL>        </tr><EOL>      <EOL>        <tr><EOL>          <td>EMAIL_SUBJECT_PREFIX</td><EOL>          <td class="code"><pre>&#x27;[Django] &#x27;</pre></td><EOL>        </tr><EOL>      <EOL>        <tr><EOL>          <td>EMAIL_TIMEOUT</td><EOL>          <td class="code"><pre>None</pre></td><EOL>        </tr><EOL>      <EOL>        <tr><EOL>          <td>EMAIL_USE_LOCALTIME</td><EOL>          <td class="code"><pre>False</pre></td><EOL>        </tr><EOL>      <EOL>        <tr><EOL>          <td>EMAIL_USE_SSL</td><EOL>          <td class="code"><pre>False</pre></td><EOL>        </tr><EOL>      <EOL>        <tr><EOL>          <td>EMAIL_USE_TLS</td><EOL>          <td class="code"><pre>False</pre></td><EOL>        </tr><EOL>      <EOL>        <tr><EOL>          <td>FILE_UPLOAD_DIRECTORY_PERMISSIONS</td><EOL>          <td class="code"><pre>None</pre></td><EOL>        </tr><EOL>      <EOL>        <tr><EOL>          <td>FILE_UPLOAD_HANDLERS</td><EOL>          <td class="code"><pre>[&#x27;django.core.files.uploadhandler.MemoryFileUploadHandler&#x27;,<EOL> &#x27;django.core.files.uploadhandler.TemporaryFileUploadHandler&#x27;]</pre></td><EOL>        </tr><EOL>      <EOL>        <tr><EOL>          <td>FILE_UPLOAD_MAX_MEMORY_SIZE</td><EOL>          <td class="code"><pre>2621440</pre></td><EOL>        </tr><EOL>      <EOL>        <tr><EOL>          <td>FILE_UPLOAD_PERMISSIONS</td><EOL>          <td class="code"><pre>420</pre></td><EOL>        </tr><EOL>      <EOL>        <tr><EOL>          <td>FILE_UPLOAD_TEMP_DIR</td><EOL>          <td class="code"><pre>None</pre></td><EOL>        </tr><EOL>      <EOL>        <tr><EOL>          <td>FIRST_DAY_OF_WEEK</td><EOL>          <td class="code"><pre>0</pre></td><EOL>        </tr><EOL>      <EOL>        <tr><EOL>          <td>FIXTURE_DIRS</td><EOL>          <td class="code"><pre>[]</pre></td><EOL>        </tr><EOL>      <EOL>        <tr><EOL>          <td>FORCE_SCRIPT_NAME</td><EOL>          <td class="code"><pre>None</pre></td><EOL>        </tr><EOL>      <EOL>        <tr><EOL>          <td>FORMAT_MODULE_PATH</td><EOL>          <td class="code"><pre>None</pre></td><EOL>        </tr><EOL>      <EOL>        <tr><EOL>          <td>FORM_RENDERER</td><EOL>          <td class="code"><pre>&#x27;django.forms.renderers.DjangoTemplates&#x27;</pre></td><EOL>        </tr><EOL>      <EOL>        <tr><EOL>          <td>IGNORABLE_404_URLS</td><EOL>          <td class="code"><pre>[]</pre></td><EOL>        </tr><EOL>      <EOL>        <tr><EOL>          <td>INSTALLED_APPS</td><EOL>          <td class="code"><pre>[&#x27;django.contrib.admin&#x27;,<EOL> &#x27;django.contrib.auth&#x27;,<EOL> &#x27;django.contrib.contenttypes&#x27;,<EOL> &#x27;django.contrib.sessions&#x27;,<EOL> &#x27;django.contrib.messages&#x27;,<EOL> &#x27;django.contrib.staticfiles&#x27;,<EOL> &#x27;corsheaders&#x27;,<EOL> &#x27;Api&#x27;]</pre></td><EOL>        </tr><EOL>      <EOL>        <tr><EOL>          <td>INTERNAL_IPS</td><EOL>          <td class="code"><pre>[]</pre></td><EOL>        </tr><EOL>      <EOL>        <tr><EOL>          <td>LANGUAGES</td><EOL>          <td class="code"><pre>[(&#x27;af&#x27;, &#x27;Afrikaans&#x27;),<EOL> (&#x27;ar&#x27;, &#x27;Arabic&#x27;),<EOL> (&#x27;ar-dz&#x27;, &#x27;Algerian Arabic&#x27;),<EOL> (&#x27;ast&#x27;, &#x27;Asturian&#x27;),<EOL> (&#x27;az&#x27;, &#x27;Azerbaijani&#x27;),<EOL> (&#x27;bg&#x27;, &#x27;Bulgarian&#x27;),<EOL> (&#x27;be&#x27;, &#x27;Belarusian&#x27;),<EOL> (&#x27;bn&#x27;, &#x27;Bengali&#x27;),<EOL> (&#x27;br&#x27;, &#x27;Breton&#x27;),<EOL> (&#x27;bs&#x27;, &#x27;Bosnian&#x27;),<EOL> (&#x27;ca&#x27;, &#x27;Catalan&#x27;),<EOL> (&#x27;ckb&#x27;, &#x27;Central Kurdish (Sorani)&#x27;),<EOL> (&#x27;cs&#x27;, &#x27;Czech&#x27;),<EOL> (&#x27;cy&#x27;, &#x27;Welsh&#x27;),<EOL> (&#x27;da&#x27;, &#x27;Danish&#x27;),<EOL> (&#x27;de&#x27;, &#x27;German&#x27;),<EOL> (&#x27;dsb&#x27;, &#x27;Lower Sorbian&#x27;),<EOL> (&#x27;el&#x27;, &#x27;Greek&#x27;),<EOL> (&#x27;en&#x27;, &#x27;English&#x27;),<EOL> (&#x27;en-au&#x27;, &#x27;Australian English&#x27;),<EOL> (&#x27;en-gb&#x27;, &#x27;British English&#x27;),<EOL> (&#x27;eo&#x27;, &#x27;Esperanto&#x27;),<EOL> (&#x27;es&#x27;, &#x27;Spanish&#x27;),<EOL> (&#x27;es-ar&#x27;, &#x27;Argentinian Spanish&#x27;),<EOL> (&#x27;es-co&#x27;, &#x27;Colombian Spanish&#x27;),<EOL> (&#x27;es-mx&#x27;, &#x27;Mexican Spanish&#x27;),<EOL> (&#x27;es-ni&#x27;, &#x27;Nicaraguan Spanish&#x27;),<EOL> (&#x27;es-ve&#x27;, &#x27;Venezuelan Spanish&#x27;),<EOL> (&#x27;et&#x27;, &#x27;Estonian&#x27;),<EOL> (&#x27;eu&#x27;, &#x27;Basque&#x27;),<EOL> (&#x27;fa&#x27;, &#x27;Persian&#x27;),<EOL> (&#x27;fi&#x27;, &#x27;Finnish&#x27;),<EOL> (&#x27;fr&#x27;, &#x27;French&#x27;),<EOL> (&#x27;fy&#x27;, &#x27;Frisian&#x27;),<EOL> (&#x27;ga&#x27;, &#x27;Irish&#x27;),<EOL> (&#x27;gd&#x27;, &#x27;Scottish Gaelic&#x27;),<EOL> (&#x27;gl&#x27;, &#x27;Galician&#x27;),<EOL> (&#x27;he&#x27;, &#x27;Hebrew&#x27;),<EOL> (&#x27;hi&#x27;, &#x27;Hindi&#x27;),<EOL> (&#x27;hr&#x27;, &#x27;Croatian&#x27;),<EOL> (&#x27;hsb&#x27;, &#x27;Upper Sorbian&#x27;),<EOL> (&#x27;hu&#x27;, &#x27;Hungarian&#x27;),<EOL> (&#x27;hy&#x27;, &#x27;Armenian&#x27;),<EOL> (&#x27;ia&#x27;, &#x27;Interlingua&#x27;),<EOL> (&#x27;id&#x27;, &#x27;Indonesian&#x27;),<EOL> (&#x27;ig&#x27;, &#x27;Igbo&#x27;),<EOL> (&#x27;io&#x27;, &#x27;Ido&#x27;),<EOL> (&#x27;is&#x27;, &#x27;Icelandic&#x27;),<EOL> (&#x27;it&#x27;, &#x27;Italian&#x27;),<EOL> (&#x27;ja&#x27;, &#x27;Japanese&#x27;),<EOL> (&#x27;ka&#x27;, &#x27;Georgian&#x27;),<EOL> (&#x27;kab&#x27;, &#x27;Kabyle&#x27;),<EOL> (&#x27;kk&#x27;, &#x27;Kazakh&#x27;),<EOL> (&#x27;km&#x27;, &#x27;Khmer&#x27;),<EOL> (&#x27;kn&#x27;, &#x27;Kannada&#x27;),<EOL> (&#x27;ko&#x27;, &#x27;Korean&#x27;),<EOL> (&#x27;ky&#x27;, &#x27;Kyrgyz&#x27;),<EOL> (&#x27;lb&#x27;, &#x27;Luxembourgish&#x27;),<EOL> (&#x27;lt&#x27;, &#x27;Lithuanian&#x27;),<EOL> (&#x27;lv&#x27;, &#x27;Latvian&#x27;),<EOL> (&#x27;mk&#x27;, &#x27;Macedonian&#x27;),<EOL> (&#x27;ml&#x27;, &#x27;Malayalam&#x27;),<EOL> (&#x27;mn&#x27;, &#x27;Mongolian&#x27;),<EOL> (&#x27;mr&#x27;, &#x27;Marathi&#x27;),<EOL> (&#x27;ms&#x27;, &#x27;Malay&#x27;),<EOL> (&#x27;my&#x27;, &#x27;Burmese&#x27;),<EOL> (&#x27;nb&#x27;, &#x27;Norwegian Bokmål&#x27;),<EOL> (&#x27;ne&#x27;, &#x27;Nepali&#x27;),<EOL> (&#x27;nl&#x27;, &#x27;Dutch&#x27;),<EOL> (&#x27;nn&#x27;, &#x27;Norwegian Nynorsk&#x27;),<EOL> (&#x27;os&#x27;, &#x27;Ossetic&#x27;),<EOL> (&#x27;pa&#x27;, &#x27;Punjabi&#x27;),<EOL> (&#x27;pl&#x27;, &#x27;Polish&#x27;),<EOL> (&#x27;pt&#x27;, &#x27;Portuguese&#x27;),<EOL> (&#x27;pt-br&#x27;, &#x27;Brazilian Portuguese&#x27;),<EOL> (&#x27;ro&#x27;, &#x27;Romanian&#x27;),<EOL> (&#x27;ru&#x27;, &#x27;Russian&#x27;),<EOL> (&#x27;sk&#x27;, &#x27;Slovak&#x27;),<EOL> (&#x27;sl&#x27;, &#x27;Slovenian&#x27;),<EOL> (&#x27;sq&#x27;, &#x27;Albanian&#x27;),<EOL> (&#x27;sr&#x27;, &#x27;Serbian&#x27;),<EOL> (&#x27;sr-latn&#x27;, &#x27;Serbian Latin&#x27;),<EOL> (&#x27;sv&#x27;, &#x27;Swedish&#x27;),<EOL> (&#x27;sw&#x27;, &#x27;Swahili&#x27;),<EOL> (&#x27;ta&#x27;, &#x27;Tamil&#x27;),<EOL> (&#x27;te&#x27;, &#x27;Telugu&#x27;),<EOL> (&#x27;tg&#x27;, &#x27;Tajik&#x27;),<EOL> (&#x27;th&#x27;, &#x27;Thai&#x27;),<EOL> (&#x27;tk&#x27;, &#x27;Turkmen&#x27;),<EOL> (&#x27;tr&#x27;, &#x27;Turkish&#x27;),<EOL> (&#x27;tt&#x27;, &#x27;Tatar&#x27;),<EOL> (&#x27;udm&#x27;, &#x27;Udmurt&#x27;),<EOL> (&#x27;uk&#x27;, &#x27;Ukrainian&#x27;),<EOL> (&#x27;ur&#x27;, &#x27;Urdu&#x27;),<EOL> (&#x27;uz&#x27;, &#x27;Uzbek&#x27;),<EOL> (&#x27;vi&#x27;, &#x27;Vietnamese&#x27;),<EOL> (&#x27;zh-hans&#x27;, &#x27;Simplified Chinese&#x27;),<EOL> (&#x27;zh-hant&#x27;, &#x27;Traditional Chinese&#x27;)]</pre></td><EOL>        </tr><EOL>      <EOL>        <tr><EOL>          <td>LANGUAGES_BIDI</td><EOL>          <td class="code"><pre>[&#x27;he&#x27;, &#x27;ar&#x27;, &#x27;ar-dz&#x27;, &#x27;ckb&#x27;, &#x27;fa&#x27;, &#x27;ur&#x27;]</pre></td><EOL>        </tr><EOL>      <EOL>        <tr><EOL>          <td>LANGUAGE_CODE</td><EOL>          <td class="code"><pre>&#x27;en-us&#x27;</pre></td><EOL>        </tr><EOL>      <EOL>        <tr><EOL>          <td>LANGUAGE_COOKIE_AGE</td><EOL>          <td class="code"><pre>None</pre></td><EOL>        </tr><EOL>      <EOL>        <tr><EOL>          <td>LANGUAGE_COOKIE_DOMAIN</td><EOL>          <td class="code"><pre>None</pre></td><EOL>        </tr><EOL>      <EOL>        <tr><EOL>          <td>LANGUAGE_COOKIE_HTTPONLY</td><EOL>          <td class="code"><pre>False</pre></td><EOL>        </tr><EOL>      <EOL>        <tr><EOL>          <td>LANGUAGE_COOKIE_NAME</td><EOL>          <td class="code"><pre>&#x27;django_language&#x27;</pre></td><EOL>        </tr><EOL>      <EOL>        <tr><EOL>          <td>LANGUAGE_COOKIE_PATH</td><EOL>          <td class="code"><pre>&#x27;/&#x27;</pre></td><EOL>        </tr><EOL>      <EOL>        <tr><EOL>          <td>LANGUAGE_COOKIE_SAMESITE</td><EOL>          <td class="code"><pre>None</pre></td><EOL>        </tr><EOL>      <EOL>        <tr><EOL>          <td>LANGUAGE_COOKIE_SECURE</td><EOL>          <td class="code"><pre>False</pre></td><EOL>        </tr><EOL>      <EOL>        <tr><EOL>          <td>LOCALE_PATHS</td><EOL>          <td class="code"><pre>[]</pre></td><EOL>        </tr><EOL>      <EOL>        <tr><EOL>          <td>LOGGING</td><EOL>          <td class="code"><pre>{}</pre></td><EOL>        </tr><EOL>      <EOL>        <tr><EOL>          <td>LOGGING_CONFIG</td><EOL>          <td class="code"><pre>&#x27;logging.config.dictConfig&#x27;</pre></td><EOL>        </tr><EOL>      <EOL>        <tr><EOL>          <td>LOGIN_REDIRECT_URL</td><EOL>          <td class="code"><pre>&#x27;/accounts/profile/&#x27;</pre></td><EOL>        </tr><EOL>      <EOL>        <tr><EOL>          <td>LOGIN_URL</td><EOL>          <td class="code"><pre>&#x27;/accounts/login/&#x27;</pre></td><EOL>        </tr><EOL>      <EOL>        <tr><EOL>          <td>LOGOUT_REDIRECT_URL</td><EOL>          <td class="code"><pre>None</pre></td><EOL>        </tr><EOL>      <EOL>        <tr><EOL>          <td>MANAGERS</td><EOL>          <td class="code"><pre>[]</pre></td><EOL>        </tr><EOL>      <EOL>        <tr><EOL>          <td>MEDIA_ROOT</td><EOL>          <td class="code"><pre>&#x27;&#x27;</pre></td><EOL>        </tr><EOL>      <EOL>        <tr><EOL>          <td>MEDIA_URL</td><EOL>          <td class="code"><pre>&#x27;/&#x27;</pre></td><EOL>        </tr><EOL>      <EOL>        <tr><EOL>          <td>MESSAGE_STORAGE</td><EOL>          <td class="code"><pre>&#x27;django.contrib.messages.storage.fallback.FallbackStorage&#x27;</pre></td><EOL>        </tr><EOL>      <EOL>        <tr><EOL>          <td>MIDDLEWARE</td><EOL>          <td class="code"><pre>[&#x27;django.middleware.security.SecurityMiddleware&#x27;,<EOL> &#x27;django.contrib.sessions.middleware.SessionMiddleware&#x27;,<EOL> &#x27;corsheaders.middleware.CorsMiddleware&#x27;,<EOL> &#x27;django.middleware.common.CommonMiddleware&#x27;,<EOL> &#x27;django.contrib.auth.middleware.AuthenticationMiddleware&#x27;,<EOL> &#x27;django.contrib.messages.middleware.MessageMiddleware&#x27;,<EOL> &#x27;django.middleware.clickjacking.XFrameOptionsMiddleware&#x27;]</pre></td><EOL>        </tr><EOL>      <EOL>        <tr><EOL>          <td>MIGRATION_MODULES</td><EOL>          <td class="code"><pre>{}</pre></td><EOL>        </tr><EOL>      <EOL>        <tr><EOL>          <td>MONTH_DAY_FORMAT</td><EOL>          <td class="code"><pre>&#x27;F j&#x27;</pre></td><EOL>        </tr><EOL>      <EOL>        <tr><EOL>          <td>NUMBER_GROUPING</td><EOL>          <td class="code"><pre>0</pre></td><EOL>        </tr><EOL>      <EOL>        <tr><EOL>          <td>PASSWORD_HASHERS</td><EOL>          <td class="code"><pre>&#x27;********************&#x27;</pre></td><EOL>        </tr><EOL>      <EOL>        <tr><EOL>          <td>PASSWORD_RESET_TIMEOUT</td><EOL>          <td class="code"><pre>&#x27;********************&#x27;</pre></td><EOL>        </tr><EOL>      <EOL>        <tr><EOL>          <td>PREPEND_WWW</td><EOL>          <td class="code"><pre>False</pre></td><EOL>        </tr><EOL>      <EOL>        <tr><EOL>          <td>ROOT_URLCONF</td><EOL>          <td class="code"><pre>&#x27;catface.urls&#x27;</pre></td><EOL>        </tr><EOL>      <EOL>        <tr><EOL>          <td>SECRET_KEY</td><EOL>          <td class="code"><pre>&#x27;********************&#x27;</pre></td><EOL>        </tr><EOL>      <EOL>        <tr><EOL>          <td>SECRET_KEY_FALLBACKS</td><EOL>          <td class="code"><pre>&#x27;********************&#x27;</pre></td><EOL>        </tr><EOL>      <EOL>        <tr><EOL>          <td>SECURE_CONTENT_TYPE_NOSNIFF</td><EOL>          <td class="code"><pre>True</pre></td><EOL>        </tr><EOL>      <EOL>        <tr><EOL>          <td>SECURE_CROSS_ORIGIN_OPENER_POLICY</td><EOL>          <td class="code"><pre>&#x27;same-origin&#x27;</pre></td><EOL>        </tr><EOL>      <EOL>        <tr><EOL>          <td>SECURE_HSTS_INCLUDE_SUBDOMAINS</td><EOL>          <td class="code"><pre>False</pre></td><EOL>        </tr><EOL>      <EOL>        <tr><EOL>          <td>SECURE_HSTS_PRELOAD</td><EOL>          <td class="code"><pre>False</pre></td><EOL>        </tr><EOL>      <EOL>        <tr><EOL>          <td>SECURE_HSTS_SECONDS</td><EOL>          <td class="code"><pre>0</pre></td><EOL>        </tr><EOL>      <EOL>        <tr><EOL>          <td>SECURE_PROXY_SSL_HEADER</td><EOL>          <td class="code"><pre>None</pre></td><EOL>        </tr><EOL>      <EOL>        <tr><EOL>          <td>SECURE_REDIRECT_EXEMPT</td><EOL>          <td class="code"><pre>[]</pre></td><EOL>        </tr><EOL>      <EOL>        <tr><EOL>          <td>SECURE_REFERRER_POLICY</td><EOL>          <td class="code"><pre>&#x27;same-origin&#x27;</pre></td><EOL>        </tr><EOL>      <EOL>        <tr><EOL>          <td>SECURE_SSL_HOST</td><EOL>          <td class="code"><pre>None</pre></td><EOL>        </tr><EOL>      <EOL>        <tr><EOL>          <td>SECURE_SSL_REDIRECT</td><EOL>          <td class="code"><pre>False</pre></td><EOL>        </tr><EOL>      <EOL>        <tr><EOL>          <td>SERVER_EMAIL</td><EOL>          <td class="code"><pre>&#x27;root@localhost&#x27;</pre></td><EOL>        </tr><EOL>      <EOL>        <tr><EOL>          <td>SESSION_CACHE_ALIAS</td><EOL>          <td class="code"><pre>&#x27;default&#x27;</pre></td><EOL>        </tr><EOL>      <EOL>        <tr><EOL>          <td>SESSION_COOKIE_AGE</td><EOL>          <td class="code"><pre>1209600</pre></td><EOL>        </tr><EOL>      <EOL>        <tr><EOL>          <td>SESSION_COOKIE_DOMAIN</td><EOL>          <td class="code"><pre>None</pre></td><EOL>        </tr><EOL>      <EOL>        <tr><EOL>          <td>SESSION_COOKIE_HTTPONLY</td><EOL>          <td class="code"><pre>True</pre></td><EOL>        </tr><EOL>      <EOL>        <tr><EOL>          <td>SESSION_COOKIE_NAME</td><EOL>          <td class="code"><pre>&#x27;sessionid&#x27;</pre></td><EOL>        </tr><EOL>      <EOL>        <tr><EOL>          <td>SESSION_COOKIE_PATH</td><EOL>          <td class="code"><pre>&#x27;/&#x27;</pre></td><EOL>        </tr><EOL>      <EOL>        <tr><EOL>          <td>SESSION_COOKIE_SAMESITE</td><EOL>          <td class="code"><pre>&#x27;Lax&#x27;</pre></td><EOL>        </tr><EOL>      <EOL>        <tr><EOL>          <td>SESSION_COOKIE_SECURE</td><EOL>          <td class="code"><pre>False</pre></td><EOL>        </tr><EOL>      <EOL>        <tr><EOL>          <td>SESSION_ENGINE</td><EOL>          <td class="code"><pre>&#x27;django.contrib.sessions.backends.db&#x27;</pre></td><EOL>        </tr><EOL>      <EOL>        <tr><EOL>          <td>SESSION_EXPIRE_AT_BROWSER_CLOSE</td><EOL>          <td class="code"><pre>False</pre></td><EOL>        </tr><EOL>      <EOL>        <tr><EOL>          <td>SESSION_FILE_PATH</td><EOL>          <td class="code"><pre>None</pre></td><EOL>        </tr><EOL>      <EOL>        <tr><EOL>          <td>SESSION_SAVE_EVERY_REQUEST</td><EOL>          <td class="code"><pre>False</pre></td><EOL>        </tr><EOL>      <EOL>        <tr><EOL>          <td>SESSION_SERIALIZER</td><EOL>          <td class="code"><pre>&#x27;django.contrib.sessions.serializers.JSONSerializer&#x27;</pre></td><EOL>        </tr><EOL>      <EOL>        <tr><EOL>          <td>SETTINGS_MODULE</td><EOL>          <td class="code"><pre>&#x27;catface.settings&#x27;</pre></td><EOL>        </tr><EOL>      <EOL>        <tr><EOL>          <td>SHORT_DATETIME_FORMAT</td><EOL>          <td class="code"><pre>&#x27;m/d/Y P&#x27;</pre></td><EOL>        </tr><EOL>      <EOL>        <tr><EOL>          <td>SHORT_DATE_FORMAT</td><EOL>          <td class="code"><pre>&#x27;m/d/Y&#x27;</pre></td><EOL>        </tr><EOL>      <EOL>        <tr><EOL>          <td>SIGNING_BACKEND</td><EOL>          <td class="code"><pre>&#x27;django.core.signing.TimestampSigner&#x27;</pre></td><EOL>        </tr><EOL>      <EOL>        <tr><EOL>          <td>SILENCED_SYSTEM_CHECKS</td><EOL>          <td class="code"><pre>[]</pre></td><EOL>        </tr><EOL>      <EOL>        <tr><EOL>          <td>STATICFILES_DIRS</td><EOL>          <td class="code"><pre>[&#x27;D:\\.File Data\\PyCharmProject\\CatfaceBack\\statics&#x27;]</pre></td><EOL>        </tr><EOL>      <EOL>        <tr><EOL>          <td>STATICFILES_FINDERS</td><EOL>          <td class="code"><pre>[&#x27;django.contrib.staticfiles.finders.FileSystemFinder&#x27;,<EOL> &#x27;django.contrib.staticfiles.finders.AppDirectoriesFinder&#x27;]</pre></td><EOL>        </tr><EOL>      <EOL>        <tr><EOL>          <td>STATICFILES_STORAGE</td><EOL>          <td class="code"><pre>&#x27;django.contrib.staticfiles.storage.StaticFilesStorage&#x27;</pre></td><EOL>        </tr><EOL>      <EOL>        <tr><EOL>          <td>STATIC_ROOT</td><EOL>          <td class="code"><pre>&#x27;D:\\.File Data\\PyCharmProject\\CatfaceBack\\staticfiles&#x27;</pre></td><EOL>        </tr><EOL>      <EOL>        <tr><EOL>          <td>STATIC_URL</td><EOL>          <td class="code"><pre>&#x27;/static/&#x27;</pre></td><EOL>        </tr><EOL>      <EOL>        <tr><EOL>          <td>STORAGES</td><EOL>          <td class="code"><pre>{&#x27;default&#x27;: {&#x27;BACKEND&#x27;: &#x27;django.core.files.storage.FileSystemStorage&#x27;},<EOL> &#x27;staticfiles&#x27;: {&#x27;BACKEND&#x27;: &#x27;django.contrib.staticfiles.storage.StaticFilesStorage&#x27;}}</pre></td><EOL>        </tr><EOL>      <EOL>        <tr><EOL>          <td>TEMPLATES</td><EOL>          <td class="code"><pre>[{&#x27;APP_DIRS&#x27;: True,<EOL>  &#x27;BACKEND&#x27;: &#x27;django.template.backends.django.DjangoTemplates&#x27;,<EOL>  &#x27;DIRS&#x27;: [],<EOL>  &#x27;OPTIONS&#x27;: {&#x27;context_processors&#x27;: [&#x27;django.template.context_processors.debug&#x27;,<EOL>                                     &#x27;django.template.context_processors.request&#x27;,<EOL>                                     &#x27;django.contrib.auth.context_processors.auth&#x27;,<EOL>                                     &#x27;django.contrib.messages.context_processors.messages&#x27;]}}]</pre></td><EOL>        </tr><EOL>      <EOL>        <tr><EOL>          <td>TEST_NON_SERIALIZED_APPS</td><EOL>          <td class="code"><pre>[]</pre></td><EOL>        </tr><EOL>      <EOL>        <tr><EOL>          <td>TEST_RUNNER</td><EOL>          <td class="code"><pre>&#x27;django.test.runner.DiscoverRunner&#x27;</pre></td><EOL>        </tr><EOL>      <EOL>        <tr><EOL>          <td>THOUSAND_SEPARATOR</td><EOL>          <td class="code"><pre>&#x27;,&#x27;</pre></td><EOL>        </tr><EOL>      <EOL>        <tr><EOL>          <td>TIME_FORMAT</td><EOL>          <td class="code"><pre>&#x27;P&#x27;</pre></td><EOL>        </tr><EOL>      <EOL>        <tr><EOL>          <td>TIME_INPUT_FORMATS</td><EOL>          <td class="code"><pre>[&#x27;%H:%M:%S&#x27;, &#x27;%H:%M:%S.%f&#x27;, &#x27;%H:%M&#x27;]</pre></td><EOL>        </tr><EOL>      <EOL>        <tr><EOL>          <td>TIME_ZONE</td><EOL>          <td class="code"><pre>&#x27;UTC&#x27;</pre></td><EOL>        </tr><EOL>      <EOL>        <tr><EOL>          <td>USE_DEPRECATED_PYTZ</td><EOL>          <td class="code"><pre>False</pre></td><EOL>        </tr><EOL>      <EOL>        <tr><EOL>          <td>USE_I18N</td><EOL>          <td class="code"><pre>True</pre></td><EOL>        </tr><EOL>      <EOL>        <tr><EOL>          <td>USE_L10N</td><EOL>          <td class="code"><pre>True</pre></td><EOL>        </tr><EOL>      <EOL>        <tr><EOL>          <td>USE_THOUSAND_SEPARATOR</td><EOL>          <td class="code"><pre>False</pre></td><EOL>        </tr><EOL>      <EOL>        <tr><EOL>          <td>USE_TZ</td><EOL>          <td class="code"><pre>True</pre></td><EOL>        </tr><EOL>      <EOL>        <tr><EOL>          <td>USE_X_FORWARDED_HOST</td><EOL>          <td class="code"><pre>False</pre></td><EOL>        </tr><EOL>      <EOL>        <tr><EOL>          <td>USE_X_FORWARDED_PORT</td><EOL>          <td class="code"><pre>False</pre></td><EOL>        </tr><EOL>      <EOL>        <tr><EOL>          <td>WSGI_APPLICATION</td><EOL>          <td class="code"><pre>&#x27;catface.wsgi.application&#x27;</pre></td><EOL>        </tr><EOL>      <EOL>        <tr><EOL>          <td>X_FRAME_OPTIONS</td><EOL>          <td class="code"><pre>&#x27;DENY&#x27;</pre></td><EOL>        </tr><EOL>      <EOL>        <tr><EOL>          <td>YEAR_MONTH_FORMAT</td><EOL>          <td class="code"><pre>&#x27;F Y&#x27;</pre></td><EOL>        </tr><EOL>      <EOL>    </tbody><EOL>  </table><EOL><EOL></div><EOL><EOL>  <div id="explanation"><EOL>    <p><EOL>      You’re seeing this error because you have <code>DEBUG = True</code> in your<EOL>      Django settings file. Change that to <code>False</code>, and Django will<EOL>      display a standard page generated by the handler for this status code.<EOL>    </p><EOL>  </div><EOL><EOL></body><EOL></html><EOL>"] with root cause
org.springframework.web.client.HttpServerErrorException$InternalServerError: 500 Internal Server Error on POST request for "http://localhost:8000/api/rag/bge_embedding": "<!DOCTYPE html><EOL><html lang="en"><EOL><head><EOL>  <meta http-equiv="content-type" content="text/html; charset=utf-8"><EOL>  <meta name="robots" content="NONE,NOARCHIVE"><EOL>  <title>TypeError<EOL>          at /api/rag/bge_embedding</title><EOL>  <style type="text/css"><EOL>    html * { padding:0; margin:0; }<EOL>    body * { padding:10px 20px; }<EOL>    body * * { padding:0; }<EOL>    body { font:small sans-serif; background-color:#fff; color:#000; }<EOL>    body>div { border-bottom:1px solid #ddd; }<EOL>    h1 { font-weight:normal; }<EOL>    h2 { margin-bottom:.8em; }<EOL>    h3 { margin:1em 0 .5em 0; }<EOL>    h4 { margin:0 0 .5em 0; font-weight: normal; }<EOL>    code, pre { font-size: 100%; white-space: pre-wrap; word-break: break-word; }<EOL>    summary { cursor: pointer; }<EOL>    table { border:1px solid #ccc; border-collapse: collapse; width:100%; background:white; }<EOL>    tbody td, tbody th { vertical-align:top; padding:2px 3px; }<EOL>    thead th {<EOL>      padding:1px 6px 1px 3px; background:#fefefe; text-align:left;<EOL>      font-weight:normal; font-size:11px; border:1px solid #ddd;<EOL>    }<EOL>    tbody th { width:12em; text-align:right; color:#666; padding-right:.5em; }<EOL>    table.vars { margin:5px 10px 2px 40px; width: auto; }<EOL>    table.vars td, table.req td { font-family:monospace; }<EOL>    table td.code { width:100%; }<EOL>    table td.code pre { overflow:hidden; }<EOL>    table.source th { color:#666; }<EOL>    table.source td { font-family:monospace; white-space:pre; border-bottom:1px solid #eee; }<EOL>    ul.traceback { list-style-type:none; color: #222; }<EOL>    ul.traceback li.cause { word-break: break-word; }<EOL>    ul.traceback li.frame { padding-bottom:1em; color:#4f4f4f; }<EOL>    ul.traceback li.user { background-color:#e0e0e0; color:#000 }<EOL>    div.context { padding:10px 0; overflow:hidden; }<EOL>    div.context ol { padding-left:30px; margin:0 10px; list-style-position: inside; }<EOL>    div.context ol li { font-family:monospace; white-space:pre; color:#777; cursor:pointer; padding-left: 2px; }<EOL>    div.context ol li pre { display:inline; }<EOL>    div.context ol.context-line li { color:#464646; background-color:#dfdfdf; padding: 3px 2px; }<EOL>    div.context ol.context-line li span { position:absolute; right:32px; }<EOL>    .user div.context ol.context-line li { background-color:#bbb; color:#000; }<EOL>    .user div.context ol li { color:#666; }<EOL>    div.commands, summary.commands { margin-left: 40px; }<EOL>    div.commands a, summary.commands { color:#555; text-decoration:none; }<EOL>    .user div.commands a { color: black; }<EOL>    #summary { background: #ffc; }<EOL>    #summary h2 { font-weight: normal; color: #666; }<EOL>    #explanation { background:#eee; }<EOL>    #template, #template-not-exist { background:#f6f6f6; }<EOL>    #template-not-exist ul { margin: 0 0 10px 20px; }<EOL>    #template-not-exist .postmortem-section { margin-bottom: 3px; }<EOL>    #unicode-hint { background:#eee; }<EOL>    #traceback { background:#eee; }<EOL>    #requestinfo { background:#f6f6f6; padding-left:120px; }<EOL>    #summary table { border:none; background:transparent; }<EOL>    #requestinfo h2, #requestinfo h3 { position:relative; margin-left:-100px; }<EOL>    #requestinfo h3 { margin-bottom:-1em; }<EOL>    .error { background: #ffc; }<EOL>    .specific { color:#cc3300; font-weight:bold; }<EOL>    h2 span.commands { font-size:.7em; font-weight:normal; }<EOL>    span.commands a:link {color:#5E5694;}<EOL>    pre.exception_value { font-family: sans-serif; color: #575757; font-size: 1.5em; margin: 10px 0 10px 0; }<EOL>    .append-bottom { margin-bottom: 10px; }<EOL>    .fname { user-select: all; }<EOL>  </style><EOL>  <EOL>  <script><EOL>    function hideAll(elems) {<EOL>      for (var e = 0; e < elems.length; e++) {<EOL>        elems[e].style.display = 'none';<EOL>      }<EOL>    }<EOL>    window.onload = function() {<EOL>      hideAll(document.querySelectorAll('ol.pre-context'));<EOL>      hideAll(document.querySelectorAll('ol.post-context'));<EOL>      hideAll(document.querySelectorAll('div.pastebin'));<EOL>    }<EOL>    function toggle() {<EOL>      for (var i = 0; i < arguments.length; i++) {<EOL>        var e = document.getElementById(arguments[i]);<EOL>        if (e) {<EOL>          e.style.display = e.style.display == 'none' ? 'block': 'none';<EOL>        }<EOL>      }<EOL>      return false;<EOL>    }<EOL>    function switchPastebinFriendly(link) {<EOL>      s1 = "Switch to copy-and-paste view";<EOL>      s2 = "Switch back to interactive view";<EOL>      link.textContent = link.textContent.trim() == s1 ? s2: s1;<EOL>      toggle('browserTraceback', 'pastebinTraceback');<EOL>      return false;<EOL>    }<EOL>  </script><EOL>  <EOL></head><EOL><body><EOL><div id="summary"><EOL>  <h1>TypeError<EOL>       at /api/rag/bge_embedding</h1><EOL>  <pre class="exception_value">can only join an iterable</pre><EOL>  <table class="meta"><EOL><EOL>    <tr><EOL>      <th>Request Method:</th><EOL>      <td>POST</td><EOL>    </tr><EOL>    <tr><EOL>      <th>Request URL:</th><EOL>      <td>http://localhost:8000/api/rag/bge_embedding</td><EOL>    </tr><EOL><EOL>    <tr><EOL>      <th>Django Version:</th><EOL>      <td>4.2.15</td><EOL>    </tr><EOL><EOL>    <tr><EOL>      <th>Exception Type:</th><EOL>      <td>TypeError</td><EOL>    </tr><EOL><EOL><EOL>    <tr><EOL>      <th>Exception Value:</th><EOL>      <td><pre>can only join an iterable</pre></td><EOL>    </tr><EOL><EOL><EOL>    <tr><EOL>      <th>Exception Location:</th><EOL>      <td><span class="fname">D:\.File Data\PyCharmProject\CatfaceBack\Api\Rag\views\bge.py</span>, line 21, in bge_embedding</td><EOL>    </tr><EOL><EOL><EOL>    <tr><EOL>      <th>Raised during:</th><EOL>      <td>Api.Rag.views.bge.bge_embedding</td><EOL>    </tr><EOL><EOL>    <tr><EOL>      <th>Python Executable:</th><EOL>      <td>D:\.File Data\PyCharmProject\CatfaceBack\Scripts\python.exe</td><EOL>    </tr><EOL>    <tr><EOL>      <th>Python Version:</th><EOL>      <td>3.8.10</td><EOL>    </tr><EOL>    <tr><EOL>      <th>Python Path:</th><EOL>      <td><pre>[&#x27;D:\\.File Data\\PyCharmProject\\CatfaceBack&#x27;,<EOL> &#x27;D:\\.File Data\\PyCharmProject\\CatfaceBack&#x27;,<EOL> &#x27;C:\\Users\\Havoc\\AppData\\Local\\Programs\\Python\\Python38\\python38.zip&#x27;,<EOL> &#x27;C:\\Users\\Havoc\\AppData\\Local\\Programs\\Python\\Python38\\DLLs&#x27;,<EOL> &#x27;C:\\Users\\Havoc\\AppData\\Local\\Programs\\Python\\Python38\\lib&#x27;,<EOL> &#x27;C:\\Users\\Havoc\\AppData\\Local\\Programs\\Python\\Python38&#x27;,<EOL> &#x27;D:\\.File Data\\PyCharmProject\\CatfaceBack\\lib\\site-packages&#x27;,<EOL> &#x27;D:\\.File &#x27;<EOL> &#x27;Data\\PyCharmProject\\CatfaceBack\\lib\\site-packages\\setuptools\\_vendor&#x27;]</pre></td><EOL>    </tr><EOL>    <tr><EOL>      <th>Server time:</th><EOL>      <td>Wed, 04 Dec 2024 11:58:52 +0000</td><EOL>    </tr><EOL>  </table><EOL></div><EOL><EOL><EOL><EOL><EOL><div id="traceback"><EOL>  <h2>Traceback <span class="commands"><a href="#" onclick="return switchPastebinFriendly(this);"><EOL>    Switch to copy-and-paste view</a></span><EOL>  </h2><EOL>  <div id="browserTraceback"><EOL>    <ul class="traceback"><EOL>      <EOL>        <EOL>        <li class="frame django"><EOL>          <EOL>            <code class="fname">D:\.File Data\PyCharmProject\CatfaceBack\lib\site-packages\django\core\handlers\exception.py</code>, line 55, in inner<EOL>          <EOL><EOL>          <EOL>            <div class="context" id="c1991095169856"><EOL>              <EOL>                <ol start="48" class="pre-context" id="pre1991095169856"><EOL>                <EOL>                  <li onclick="toggle('pre1991095169856', 'post1991095169856')"><pre></pre></li><EOL>                <EOL>                  <li onclick="toggle('pre1991095169856', 'post1991095169856')"><pre>        return inner</pre></li><EOL>                <EOL>                  <li onclick="toggle('pre1991095169856', 'post1991095169856')"><pre>    else:</pre></li><EOL>                <EOL>                  <li onclick="toggle('pre1991095169856', 'post1991095169856')"><pre></pre></li><EOL>                <EOL>                  <li onclick="toggle('pre1991095169856', 'post1991095169856')"><pre>        @wraps(get_response)</pre></li><EOL>                <EOL>                  <li onclick="toggle('pre1991095169856', 'post1991095169856')"><pre>        def inner(request):</pre></li><EOL>                <EOL>                  <li onclick="toggle('pre1991095169856', 'post1991095169856')"><pre>            try:</pre></li><EOL>                <EOL>                </ol><EOL>              <EOL>              <ol start="55" class="context-line"><EOL>                <li onclick="toggle('pre1991095169856', 'post1991095169856')"><pre>                response = get_response(request)</pre> <span>…</span></li><EOL>              </ol><EOL>              <EOL>                <ol start='56' class="post-context" id="post1991095169856"><EOL>                  <EOL>                  <li onclick="toggle('pre1991095169856', 'post1991095169856')"><pre>            except Exception as exc:</pre></li><EOL>                  <EOL>                  <li onclick="toggle('pre1991095169856', 'post1991095169856')"><pre>                response = response_for_exception(request, exc)</pre></li><EOL>                  <EOL>                  <li onclick="toggle('pre1991095169856', 'post1991095169856')"><pre>            return response</pre></li><EOL>                  <EOL>                  <li onclick="toggle('pre1991095169856', 'post1991095169856')"><pre></pre></li><EOL>                  <EOL>                  <li onclick="toggle('pre1991095169856', 'post1991095169856')"><pre>        return inner</pre></li><EOL>                  <EOL>                  <li onclick="toggle('pre1991095169856', 'post1991095169856')"><pre></pre></li><EOL>                  <EOL>              </ol><EOL>              <EOL>            </div><EOL>          <EOL><EOL>          <EOL>            <EOL>              <details><EOL>                <summary class="commands">Local vars</summary><EOL>            <EOL>            <table class="vars" id="v1991095169856"><EOL>              <thead><EOL>                <tr><EOL>                  <th>Variable</th><EOL>                  <th>Value</th><EOL>                </tr><EOL>              </thead><EOL>              <tbody><EOL>                <EOL>                  <tr><EOL>                    <td>exc</td><EOL>                    <td class="code"><pre>TypeError(&#x27;can only join an iterable&#x27;)</pre></td><EOL>                  </tr><EOL>                <EOL>                  <tr><EOL>                    <td>get_response</td><EOL>                    <td class="code"><pre>&lt;bound method BaseHandler._get_response of &lt;django.core.handlers.wsgi.WSGIHandler object at 0x000001CFA0060850&gt;&gt;</pre></td><EOL>                  </tr><EOL>                <EOL>                  <tr><EOL>                    <td>request</td><EOL>                    <td class="code"><pre>&lt;WSGIRequest: POST &#x27;/api/rag/bge_embedding&#x27;&gt;</pre></td><EOL>                  </tr><EOL>                <EOL>              </tbody><EOL>            </table><EOL>            </details><EOL>          <EOL>        </li><EOL>      <EOL>        <EOL>        <li class="frame django"><EOL>          <EOL>            <code class="fname">D:\.File Data\PyCharmProject\CatfaceBack\lib\site-packages\django\core\handlers\base.py</code>, line 197, in _get_response<EOL>          <EOL><EOL>          <EOL>            <div class="context" id="c1991122012160"><EOL>              <EOL>                <ol start="190" class="pre-context" id="pre1991122012160"><EOL>                <EOL>                  <li onclick="toggle('pre1991122012160', 'post1991122012160')"><pre></pre></li><EOL>                <EOL>                  <li onclick="toggle('pre1991122012160', 'post1991122012160')"><pre>        if response is None:</pre></li><EOL>                <EOL>                  <li onclick="toggle('pre1991122012160', 'post1991122012160')"><pre>            wrapped_callback = self.make_view_atomic(callback)</pre></li><EOL>                <EOL>                  <li onclick="toggle('pre1991122012160', 'post1991122012160')"><pre>            # If it is an asynchronous view, run it in a subthread.</pre></li><EOL>                <EOL>                  <li onclick="toggle('pre1991122012160', 'post1991122012160')"><pre>            if iscoroutinefunction(wrapped_callback):</pre></li><EOL>                <EOL>                  <li onclick="toggle('pre1991122012160', 'post1991122012160')"><pre>                wrapped_callback = async_to_sync(wrapped_callback)</pre></li><EOL>                <EOL>                  <li onclick="toggle('pre1991122012160', 'post1991122012160')"><pre>            try:</pre></li><EOL>                <EOL>                </ol><EOL>              <EOL>              <ol start="197" class="context-line"><EOL>                <li onclick="toggle('pre1991122012160', 'post1991122012160')"><pre>                response = wrapped_callback(request, *callback_args, **callback_kwargs)</pre> <span>…</span></li><EOL>              </ol><EOL>              <EOL>                <ol start='198' class="post-context" id="post1991122012160"><EOL>                  <EOL>                  <li onclick="toggle('pre1991122012160', 'post1991122012160')"><pre>            except Exception as e:</pre></li><EOL>                  <EOL>                  <li onclick="toggle('pre1991122012160', 'post1991122012160')"><pre>                response = self.process_exception_by_middleware(e, request)</pre></li><EOL>                  <EOL>                  <li onclick="toggle('pre1991122012160', 'post1991122012160')"><pre>                if response is None:</pre></li><EOL>                  <EOL>                  <li onclick="toggle('pre1991122012160', 'post1991122012160')"><pre>                    raise</pre></li><EOL>                  <EOL>                  <li onclick="toggle('pre1991122012160', 'post1991122012160')"><pre></pre></li><EOL>                  <EOL>                  <li onclick="toggle('pre1991122012160', 'post1991122012160')"><pre>        # Complain if the view returned None (a common error).</pre></li><EOL>                  <EOL>              </ol><EOL>              <EOL>            </div><EOL>          <EOL><EOL>          <EOL>            <EOL>              <details><EOL>                <summary class="commands">Local vars</summary><EOL>            <EOL>            <table class="vars" id="v1991122012160"><EOL>              <thead><EOL>                <tr><EOL>                  <th>Variable</th><EOL>                  <th>Value</th><EOL>                </tr><EOL>              </thead><EOL>              <tbody><EOL>                <EOL>                  <tr><EOL>                    <td>callback</td><EOL>                    <td class="code"><pre>&lt;function bge_embedding at 0x000001CFDE0D0E50&gt;</pre></td><EOL>                  </tr><EOL>                <EOL>                  <tr><EOL>                    <td>callback_args</td><EOL>                    <td class="code"><pre>()</pre></td><EOL>                  </tr><EOL>                <EOL>                  <tr><EOL>                    <td>callback_kwargs</td><EOL>                    <td class="code"><pre>{}</pre></td><EOL>                  </tr><EOL>                <EOL>                  <tr><EOL>                    <td>request</td><EOL>                    <td class="code"><pre>&lt;WSGIRequest: POST &#x27;/api/rag/bge_embedding&#x27;&gt;</pre></td><EOL>                  </tr><EOL>                <EOL>                  <tr><EOL>                    <td>response</td><EOL>                    <td class="code"><pre>None</pre></td><EOL>                  </tr><EOL>                <EOL>                  <tr><EOL>                    <td>self</td><EOL>                    <td class="code"><pre>&lt;django.core.handlers.wsgi.WSGIHandler object at 0x000001CFA0060850&gt;</pre></td><EOL>                  </tr><EOL>                <EOL>                  <tr><EOL>                    <td>wrapped_callback</td><EOL>                    <td class="code"><pre>&lt;function bge_embedding at 0x000001CFDE0D0E50&gt;</pre></td><EOL>                  </tr><EOL>                <EOL>              </tbody><EOL>            </table><EOL>            </details><EOL>          <EOL>        </li><EOL>      <EOL>        <EOL>        <li class="frame django"><EOL>          <EOL>            <code class="fname">D:\.File Data\PyCharmProject\CatfaceBack\lib\site-packages\django\views\decorators\http.py</code>, line 43, in inner<EOL>          <EOL><EOL>          <EOL>            <div class="context" id="c1992326186176"><EOL>              <EOL>                <ol start="36" class="pre-context" id="pre1992326186176"><EOL>                <EOL>                  <li onclick="toggle('pre1992326186176', 'post1992326186176')"><pre>                    &quot;Method Not Allowed (%s): %s&quot;,</pre></li><EOL>                <EOL>                  <li onclick="toggle('pre1992326186176', 'post1992326186176')"><pre>                    request.method,</pre></li><EOL>                <EOL>                  <li onclick="toggle('pre1992326186176', 'post1992326186176')"><pre>                    request.path,</pre></li><EOL>                <EOL>                  <li onclick="toggle('pre1992326186176', 'post1992326186176')"><pre>                    response=response,</pre></li><EOL>                <EOL>                  <li onclick="toggle('pre1992326186176', 'post1992326186176')"><pre>                    request=request,</pre></li><EOL>                <EOL>                  <li onclick="toggle('pre1992326186176', 'post1992326186176')"><pre>                )</pre></li><EOL>                <EOL>                  <li onclick="toggle('pre1992326186176', 'post1992326186176')"><pre>                return response</pre></li><EOL>                <EOL>                </ol><EOL>              <EOL>              <ol start="43" class="context-line"><EOL>                <li onclick="toggle('pre1992326186176', 'post1992326186176')"><pre>            return func(request, *args, **kwargs)</pre> <span>…</span></li><EOL>              </ol><EOL>              <EOL>                <ol start='44' class="post-context" id="post1992326186176"><EOL>                  <EOL>                  <li onclick="toggle('pre1992326186176', 'post1992326186176')"><pre></pre></li><EOL>                  <EOL>                  <li onclick="toggle('pre1992326186176', 'post1992326186176')"><pre>        return inner</pre></li><EOL>                  <EOL>                  <li onclick="toggle('pre1992326186176', 'post1992326186176')"><pre></pre></li><EOL>                  <EOL>                  <li onclick="toggle('pre1992326186176', 'post1992326186176')"><pre>    return decorator</pre></li><EOL>                  <EOL>                  <li onclick="toggle('pre1992326186176', 'post1992326186176')"><pre></pre></li><EOL>                  <EOL>                  <li onclick="toggle('pre1992326186176', 'post1992326186176')"><pre></pre></li><EOL>                  <EOL>              </ol><EOL>              <EOL>            </div><EOL>          <EOL><EOL>          <EOL>            <EOL>              <details><EOL>                <summary class="commands">Local vars</summary><EOL>            <EOL>            <table class="vars" id="v1992326186176"><EOL>              <thead><EOL>                <tr><EOL>                  <th>Variable</th><EOL>                  <th>Value</th><EOL>                </tr><EOL>              </thead><EOL>              <tbody><EOL>                <EOL>                  <tr><EOL>                    <td>args</td><EOL>                    <td class="code"><pre>()</pre></td><EOL>                  </tr><EOL>                <EOL>                  <tr><EOL>                    <td>func</td><EOL>                    <td class="code"><pre>&lt;function bge_embedding at 0x000001CFDE0D0EE0&gt;</pre></td><EOL>                  </tr><EOL>                <EOL>                  <tr><EOL>                    <td>kwargs</td><EOL>                    <td class="code"><pre>{}</pre></td><EOL>                  </tr><EOL>                <EOL>                  <tr><EOL>                    <td>request</td><EOL>                    <td class="code"><pre>&lt;WSGIRequest: POST &#x27;/api/rag/bge_embedding&#x27;&gt;</pre></td><EOL>                  </tr><EOL>                <EOL>                  <tr><EOL>                    <td>request_method_list</td><EOL>                    <td class="code"><pre>[&#x27;POST&#x27;]</pre></td><EOL>                  </tr><EOL>                <EOL>              </tbody><EOL>            </table><EOL>            </details><EOL>          <EOL>        </li><EOL>      <EOL>        <EOL>        <li class="frame user"><EOL>          <EOL>            <code class="fname">D:\.File Data\PyCharmProject\CatfaceBack\Api\Rag\views\bge.py</code>, line 21, in bge_embedding<EOL>          <EOL><EOL>          <EOL>            <div class="context" id="c1992326881792"><EOL>              <EOL>                <ol start="14" class="pre-context" id="pre1992326881792"><EOL>                <EOL>                  <li onclick="toggle('pre1992326881792', 'post1992326881792')"><pre>    &quot;&quot;&quot;</pre></li><EOL>                <EOL>                  <li onclick="toggle('pre1992326881792', 'post1992326881792')"><pre>    # STAGE 1.</pre></li><EOL>                <EOL>                  <li onclick="toggle('pre1992326881792', 'post1992326881792')"><pre>    data = json.loads(request.body)</pre></li><EOL>                <EOL>                  <li onclick="toggle('pre1992326881792', 'post1992326881792')"><pre>    text = data.get(&#x27;text&#x27;)</pre></li><EOL>                <EOL>                  <li onclick="toggle('pre1992326881792', 'post1992326881792')"><pre></pre></li><EOL>                <EOL>                  <li onclick="toggle('pre1992326881792', 'post1992326881792')"><pre>    # STAGE 2.</pre></li><EOL>                <EOL>                  <li onclick="toggle('pre1992326881792', 'post1992326881792')"><pre>    bge_model = BGE()</pre></li><EOL>                <EOL>                </ol><EOL>              <EOL>              <ol start="21" class="context-line"><EOL>                <li onclick="toggle('pre1992326881792', 'post1992326881792')"><pre>    embedding = bge_model.get_embedding(&#x27;&#x27;.join(text))</pre> <span>…</span></li><EOL>              </ol><EOL>              <EOL>                <ol start='22' class="post-context" id="post1992326881792"><EOL>                  <EOL>                  <li onclick="toggle('pre1992326881792', 'post1992326881792')"><pre></pre></li><EOL>                  <EOL>                  <li onclick="toggle('pre1992326881792', 'post1992326881792')"><pre>    # ret</pre></li><EOL>                  <EOL>                  <li onclick="toggle('pre1992326881792', 'post1992326881792')"><pre>    return JsonResponse({&#x27;status&#x27;: 200, &#x27;message&#x27;: &#x27;Success&#x27;, &#x27;embedding&#x27;: embedding.tolist()})</pre></li><EOL>                  <EOL>              </ol><EOL>              <EOL>            </div><EOL>          <EOL><EOL>          <EOL>            <EOL>              <details><EOL>                <summary class="commands">Local vars</summary><EOL>            <EOL>            <table class="vars" id="v1992326881792"><EOL>              <thead><EOL>                <tr><EOL>                  <th>Variable</th><EOL>                  <th>Value</th><EOL>                </tr><EOL>              </thead><EOL>              <tbody><EOL>                <EOL>                  <tr><EOL>                    <td>bge_model</td><EOL>                    <td class="code"><pre>&lt;rag.embedding.bge.BGE object at 0x000001CF981EB0A0&gt;</pre></td><EOL>                  </tr><EOL>                <EOL>                  <tr><EOL>                    <td>data</td><EOL>                    <td class="code"><pre>{&#x27;text&#x27;: None}</pre></td><EOL>                  </tr><EOL>                <EOL>                  <tr><EOL>                    <td>request</td><EOL>                    <td class="code"><pre>&lt;WSGIRequest: POST &#x27;/api/rag/bge_embedding&#x27;&gt;</pre></td><EOL>                  </tr><EOL>                <EOL>                  <tr><EOL>                    <td>text</td><EOL>                    <td class="code"><pre>None</pre></td><EOL>                  </tr><EOL>                <EOL>              </tbody><EOL>            </table><EOL>            </details><EOL>          <EOL>        </li><EOL>      <EOL>    </ul><EOL>  </div><EOL><EOL>  <form action="https://dpaste.com/" name="pasteform" id="pasteform" method="post"><EOL>  <div id="pastebinTraceback" class="pastebin"><EOL>    <input type="hidden" name="language" value="PythonConsole"><EOL>    <input type="hidden" name="title"<EOL>      value="TypeError at /api/rag/bge_embedding"><EOL>    <input type="hidden" name="source" value="Django Dpaste Agent"><EOL>    <input type="hidden" name="poster" value="Django"><EOL>    <textarea name="content" id="traceback_area" cols="140" rows="25"><EOL>Environment:<EOL><EOL><EOL>Request Method: POST<EOL>Request URL: http://localhost:8000/api/rag/bge_embedding<EOL><EOL>Django Version: 4.2.15<EOL>Python Version: 3.8.10<EOL>Installed Applications:<EOL>[&#x27;django.contrib.admin&#x27;,<EOL> &#x27;django.contrib.auth&#x27;,<EOL> &#x27;django.contrib.contenttypes&#x27;,<EOL> &#x27;django.contrib.sessions&#x27;,<EOL> &#x27;django.contrib.messages&#x27;,<EOL> &#x27;django.contrib.staticfiles&#x27;,<EOL> &#x27;corsheaders&#x27;,<EOL> &#x27;Api&#x27;]<EOL>Installed Middleware:<EOL>[&#x27;django.middleware.security.SecurityMiddleware&#x27;,<EOL> &#x27;django.contrib.sessions.middleware.SessionMiddleware&#x27;,<EOL> &#x27;corsheaders.middleware.CorsMiddleware&#x27;,<EOL> &#x27;django.middleware.common.CommonMiddleware&#x27;,<EOL> &#x27;django.contrib.auth.middleware.AuthenticationMiddleware&#x27;,<EOL> &#x27;django.contrib.messages.middleware.MessageMiddleware&#x27;,<EOL> &#x27;django.middleware.clickjacking.XFrameOptionsMiddleware&#x27;]<EOL><EOL><EOL><EOL>Traceback (most recent call last):<EOL>  File "D:\.File Data\PyCharmProject\CatfaceBack\lib\site-packages\django\core\handlers\exception.py", line 55, in inner<EOL>    response = get_response(request)<EOL>  File "D:\.File Data\PyCharmProject\CatfaceBack\lib\site-packages\django\core\handlers\base.py", line 197, in _get_response<EOL>    response = wrapped_callback(request, *callback_args, **callback_kwargs)<EOL>  File "D:\.File Data\PyCharmProject\CatfaceBack\lib\site-packages\django\views\decorators\http.py", line 43, in inner<EOL>    return func(request, *args, **kwargs)<EOL>  File "D:\.File Data\PyCharmProject\CatfaceBack\Api\Rag\views\bge.py", line 21, in bge_embedding<EOL>    embedding = bge_model.get_embedding(&#x27;&#x27;.join(text))<EOL><EOL>Exception Type: TypeError at /api/rag/bge_embedding<EOL>Exception Value: can only join an iterable<EOL></textarea><EOL>  <br><br><EOL>  <input type="submit" value="Share this traceback on a public website"><EOL>  </div><EOL></form><EOL><EOL></div><EOL><EOL><EOL><div id="requestinfo"><EOL>  <h2>Request information</h2><EOL><EOL><EOL>  <EOL>    <h3 id="user-info">USER</h3><EOL>    <p>AnonymousUser</p><EOL>  <EOL><EOL>  <h3 id="get-info">GET</h3><EOL>  <EOL>    <p>No GET data</p><EOL>  <EOL><EOL>  <h3 id="post-info">POST</h3><EOL>  <EOL>    <p>No POST data</p><EOL>  <EOL><EOL>  <h3 id="files-info">FILES</h3><EOL>  <EOL>    <p>No FILES data</p><EOL>  <EOL><EOL>  <h3 id="cookie-info">COOKIES</h3><EOL>  <EOL>    <p>No cookie data</p><EOL>  <EOL><EOL>  <h3 id="meta-info">META</h3><EOL>  <table class="req"><EOL>    <thead><EOL>      <tr><EOL>        <th>Variable</th><EOL>        <th>Value</th><EOL>      </tr><EOL>    </thead><EOL>    <tbody><EOL>      <EOL>        <tr><EOL>          <td>ACSVCPORT</td><EOL>          <td class="code"><pre>&#x27;17532&#x27;</pre></td><EOL>        </tr><EOL>      <EOL>        <tr><EOL>          <td>ALLUSERSPROFILE</td><EOL>          <td class="code"><pre>&#x27;C:\\ProgramData&#x27;</pre></td><EOL>        </tr><EOL>      <EOL>        <tr><EOL>          <td>APPDATA</td><EOL>          <td class="code"><pre>&#x27;C:\\Users\\Havoc\\AppData\\Roaming&#x27;</pre></td><EOL>        </tr><EOL>      <EOL>        <tr><EOL>          <td>BGE_MODEL</td><EOL>          <td class="code"><pre>&#x27;C:\\\\Users\\\\Havoc\\\\.cache\\\\huggingface\\\\hub\\\\models--BAAI--bge-base-zh-v1.5\\\\snapshots\\\\f03589ceff5aac7111bd60cfc7d497ca17ecac65&#x27;</pre></td><EOL>        </tr><EOL>      <EOL>        <tr><EOL>          <td>CLASSPATH</td><EOL>          <td class="code"><pre>(&#x27;C:\\Program Files\\Java\\jdk-17\\lib\\dt.jar;C:\\Program &#x27;<EOL> &#x27;Files\\Java\\jdk-17\\lib\\tools.jar;&#x27;)</pre></td><EOL>        </tr><EOL>      <EOL>        <tr><EOL>          <td>CNN_DB_NAME</td><EOL>          <td class="code"><pre>&#x27;Catface&#x27;</pre></td><EOL>        </tr><EOL>      <EOL>        <tr><EOL>          <td>COMMONPROGRAMFILES</td><EOL>          <td class="code"><pre>&#x27;C:\\Program Files\\Common Files&#x27;</pre></td><EOL>        </tr><EOL>      <EOL>        <tr><EOL>          <td>COMMONPROGRAMFILES(X86)</td><EOL>          <td class="code"><pre>&#x27;C:\\Program Files (x86)\\Common Files&#x27;</pre></td><EOL>        </tr><EOL>      <EOL>        <tr><EOL>          <td>COMMONPROGRAMW6432</td><EOL>          <td class="code"><pre>&#x27;C:\\Program Files\\Common Files&#x27;</pre></td><EOL>        </tr><EOL>      <EOL>        <tr><EOL>          <td>COMPUTERNAME</td><EOL>          <td class="code"><pre>&#x27;HAVOC&#x27;</pre></td><EOL>        </tr><EOL>      <EOL>        <tr><EOL>          <td>COMSPEC</td><EOL>          <td class="code"><pre>&#x27;C:\\WINDOWS\\system32\\cmd.exe&#x27;</pre></td><EOL>        </tr><EOL>      <EOL>        <tr><EOL>          <td>CONTENT_LENGTH</td><EOL>          <td class="code"><pre>&#x27;13&#x27;</pre></td><EOL>        </tr><EOL>      <EOL>        <tr><EOL>          <td>CONTENT_TYPE</td><EOL>          <td class="code"><pre>&#x27;application/json&#x27;</pre></td><EOL>        </tr><EOL>      <EOL>        <tr><EOL>          <td>CUDA_PATH</td><EOL>          <td class="code"><pre>&#x27;C:\\Program Files\\NVIDIA GPU Computing Toolkit\\CUDA\\v12.1&#x27;</pre></td><EOL>        </tr><EOL>      <EOL>        <tr><EOL>          <td>CUDA_PATH_V11_8</td><EOL>          <td class="code"><pre>&#x27;C:\\Program Files\\NVIDIA GPU Computing Toolkit\\CUDA\\v11.8&#x27;</pre></td><EOL>        </tr><EOL>      <EOL>        <tr><EOL>          <td>CUDA_PATH_V12_1</td><EOL>          <td class="code"><pre>&#x27;C:\\Program Files\\NVIDIA GPU Computing Toolkit\\CUDA\\v12.1&#x27;</pre></td><EOL>        </tr><EOL>      <EOL>        <tr><EOL>          <td>DJANGO_SETTINGS_MODULE</td><EOL>          <td class="code"><pre>&#x27;catface.settings&#x27;</pre></td><EOL>        </tr><EOL>      <EOL>        <tr><EOL>          <td>DRIVERDATA</td><EOL>          <td class="code"><pre>&#x27;C:\\Windows\\System32\\Drivers\\DriverData&#x27;</pre></td><EOL>        </tr><EOL>      <EOL>        <tr><EOL>          <td>EFC_31864</td><EOL>          <td class="code"><pre>&#x27;1&#x27;</pre></td><EOL>        </tr><EOL>      <EOL>        <tr><EOL>          <td>ES_HOST</td><EOL>          <td class="code"><pre>&#x27;localhost&#x27;</pre></td><EOL>        </tr><EOL>      <EOL>        <tr><EOL>          <td>ES_PORT</td><EOL>          <td class="code"><pre>&#x27;9200&#x27;</pre></td><EOL>        </tr><EOL>      <EOL>        <tr><EOL>          <td>GATEWAY_INTERFACE</td><EOL>          <td class="code"><pre>&#x27;CGI/1.1&#x27;</pre></td><EOL>        </tr><EOL>      <EOL>        <tr><EOL>          <td>HOMEDRIVE</td><EOL>          <td class="code"><pre>&#x27;C:&#x27;</pre></td><EOL>        </tr><EOL>      <EOL>        <tr><EOL>          <td>HOMEPATH</td><EOL>          <td class="code"><pre>&#x27;\\Users\\Havoc&#x27;</pre></td><EOL>        </tr><EOL>      <EOL>        <tr><EOL>          <td>HTTP_ACCEPT</td><EOL>          <td class="code"><pre>&#x27;text/plain, application/json, application/*+json, */*&#x27;</pre></td><EOL>        </tr><EOL>      <EOL>        <tr><EOL>          <td>HTTP_CONNECTION</td><EOL>          <td class="code"><pre>&#x27;keep-alive&#x27;</pre></td><EOL>        </tr><EOL>      <EOL>        <tr><EOL>          <td>HTTP_HOST</td><EOL>          <td class="code"><pre>&#x27;localhost:8000&#x27;</pre></td><EOL>        </tr><EOL>      <EOL>        <tr><EOL>          <td>HTTP_USER_AGENT</td><EOL>          <td class="code"><pre>&#x27;Java/21.0.5&#x27;</pre></td><EOL>        </tr><EOL>      <EOL>        <tr><EOL>          <td>IGCCSVC_DB</td><EOL>          <td class="code"><pre>&#x27;AQAAANCMnd8BFdERjHoAwE/Cl+sBAAAAePUJEDG350q8D4sKMVDOGwQAAAACAAAAAAAQZgAAAAEAACAAAACUahlN92wHtv5J7Xcmdv+QFOhqa+LCoJ6wUb/DxUFfoQAAAAAOgAAAAAIAACAAAADJqNdHCgGJ3b8NSRDS7eoF2SVx70DPsmU5rkX9vqSEiWAAAADX+M8qBviUej0ZjGC6erhCBW9yw5XdybrXwzOUjZV2n+2DxxO8FMwVd/iEQLSyCWf5Spc+Ag0HsL1yAKMc+f+owdqyTSIybbDAhbyp3xqWgzsACaxtbKfU8x1FJ3MJdLlAAAAAGoWdO8nzYEWLsxNa23BBl9ZDn0I5Qb74M0M/O8gY88LBVQT1OcAHIJQ+damSH+Xm2Rgh7RbK4NYNQSoLH9bKyw==&#x27;</pre></td><EOL>        </tr><EOL>      <EOL>        <tr><EOL>          <td>INTELLIJ IDEA COMMUNITY EDITION</td><EOL>          <td class="code"><pre>&#x27;C:\\Program Files\\JetBrains\\IntelliJ IDEA Community Edition 2024.2.1\\bin;&#x27;</pre></td><EOL>        </tr><EOL>      <EOL>        <tr><EOL>          <td>INTEL_DEV_REDIST</td><EOL>          <td class="code"><pre>&#x27;C:\\Program Files (x86)\\Common Files\\Intel\\Shared Libraries\\&#x27;</pre></td><EOL>        </tr><EOL>      <EOL>        <tr><EOL>          <td>JAVA_HOME</td><EOL>          <td class="code"><pre>&#x27;C:\\Program Files\\Java\\jdk-17&#x27;</pre></td><EOL>        </tr><EOL>      <EOL>        <tr><EOL>          <td>LLM_DB_NAME</td><EOL>          <td class="code"><pre>&#x27;LLM_example&#x27;</pre></td><EOL>        </tr><EOL>      <EOL>        <tr><EOL>          <td>LOCALAPPDATA</td><EOL>          <td class="code"><pre>&#x27;C:\\Users\\Havoc\\AppData\\Local&#x27;</pre></td><EOL>        </tr><EOL>      <EOL>        <tr><EOL>          <td>LOGONSERVER</td><EOL>          <td class="code"><pre>&#x27;\\\\HAVOC&#x27;</pre></td><EOL>        </tr><EOL>      <EOL>        <tr><EOL>          <td>MGLS_LICENSE_FILE</td><EOL>          <td class="code"><pre>&#x27;&quot;C:\\modeltech64_10.1c\\win64\\LICENSE.TXT&quot;&#x27;</pre></td><EOL>        </tr><EOL>      <EOL>        <tr><EOL>          <td>MIC_LD_LIBRARY_PATH</td><EOL>          <td class="code"><pre>(&#x27;C:\\Program Files (x86)\\Common Files\\Intel\\Shared &#x27;<EOL> &#x27;Libraries\\compiler\\lib\\mic&#x27;)</pre></td><EOL>        </tr><EOL>      <EOL>        <tr><EOL>          <td>MILVUS_HOST</td><EOL>          <td class="code"><pre>&#x27;127.0.0.1&#x27;</pre></td><EOL>        </tr><EOL>      <EOL>        <tr><EOL>          <td>MILVUS_PORT</td><EOL>          <td class="code"><pre>&#x27;19530&#x27;</pre></td><EOL>        </tr><EOL>      <EOL>        <tr><EOL>          <td>MYSQL_CHARSET</td><EOL>          <td class="code"><pre>&#x27;utf8&#x27;</pre></td><EOL>        </tr><EOL>      <EOL>        <tr><EOL>          <td>MYSQL_DATABASE</td><EOL>          <td class="code"><pre>&#x27;hav_cats&#x27;</pre></td><EOL>        </tr><EOL>      <EOL>        <tr><EOL>          <td>MYSQL_HOST</td><EOL>          <td class="code"><pre>&#x27;127.0.0.1&#x27;</pre></td><EOL>        </tr><EOL>      <EOL>        <tr><EOL>          <td>MYSQL_PASSWORD</td><EOL>          <td class="code"><pre>&#x27;********************&#x27;</pre></td><EOL>        </tr><EOL>      <EOL>        <tr><EOL>          <td>MYSQL_PORT</td><EOL>          <td class="code"><pre>&#x27;3306&#x27;</pre></td><EOL>        </tr><EOL>      <EOL>        <tr><EOL>          <td>MYSQL_USER</td><EOL>          <td class="code"><pre>&#x27;root&#x27;</pre></td><EOL>        </tr><EOL>      <EOL>        <tr><EOL>          <td>NEO4J_HOME</td><EOL>          <td class="code"><pre>&#x27;D:\\Tools\\neo4j-community-5.23.0&#x27;</pre></td><EOL>        </tr><EOL>      <EOL>        <tr><EOL>          <td>NUMBER_OF_PROCESSORS</td><EOL>          <td class="code"><pre>&#x27;20&#x27;</pre></td><EOL>        </tr><EOL>      <EOL>        <tr><EOL>          <td>NVM_HOME</td><EOL>          <td class="code"><pre>&#x27;D:\\nvm&#x27;</pre></td><EOL>        </tr><EOL>      <EOL>        <tr><EOL>          <td>NVM_SYMLINK</td><EOL>          <td class="code"><pre>&#x27;D:\\nodejs&#x27;</pre></td><EOL>        </tr><EOL>      <EOL>        <tr><EOL>          <td>NVTOOLSEXT_PATH</td><EOL>          <td class="code"><pre>&#x27;C:\\Program Files\\NVIDIA Corporation\\NvToolsExt\\&#x27;</pre></td><EOL>        </tr><EOL>      <EOL>        <tr><EOL>          <td>OLLAMA_HOST</td><EOL>          <td class="code"><pre>&#x27;127.0.0.1&#x27;</pre></td><EOL>        </tr><EOL>      <EOL>        <tr><EOL>          <td>OLLAMA_ORIGINS</td><EOL>          <td class="code"><pre>&#x27;*&#x27;</pre></td><EOL>        </tr><EOL>      <EOL>        <tr><EOL>          <td>ONEDRIVE</td><EOL>          <td class="code"><pre>&#x27;C:\\Users\\Havoc\\OneDrive&#x27;</pre></td><EOL>        </tr><EOL>      <EOL>        <tr><EOL>          <td>OS</td><EOL>          <td class="code"><pre>&#x27;Windows_NT&#x27;</pre></td><EOL>        </tr><EOL>      <EOL>        <tr><EOL>          <td>PATH</td><EOL>          <td class="code"><pre>(&#x27;D:\\.File Data\\PyCharmProject\\CatfaceBack\\Scripts;C:\\Program &#x27;<EOL> &#x27;Files\\Common Files\\Oracle\\Java\\javapath;C:\\Program Files\\NVIDIA GPU &#x27;<EOL> &#x27;Computing Toolkit\\CUDA\\v12.1\\bin;C:\\Program Files\\NVIDIA GPU Computing &#x27;<EOL> &#x27;Toolkit\\CUDA\\v12.1\\libnvvp;C:\\Program Files\\NVIDIA GPU Computing &#x27;<EOL> &#x27;Toolkit\\CUDA\\v12.1\\include;C:\\Program Files\\NVIDIA GPU Computing &#x27;<EOL> &#x27;Toolkit\\CUDA\\v12.1\\lib;C:\\Program Files\\NVIDIA GPU Computing &#x27;<EOL> &#x27;Toolkit\\CUDA\\v11.8\\bin;C:\\Program Files\\NVIDIA GPU Computing &#x27;<EOL> &#x27;Toolkit\\CUDA\\v11.8\\libnvvp;C:\\Program Files (x86)\\VMware\\VMware &#x27;<EOL> &#x27;Workstation\\bin\\;C:\\Program Files (x86)\\Common &#x27;<EOL> &#x27;Files\\Oracle\\Java\\javapath;C:\\Program Files (x86)\\Common &#x27;<EOL> &#x27;Files\\Intel\\Shared &#x27;<EOL> &#x27;Libraries\\redist\\intel64\\compiler;C:\\ProgramData\\Oracle\\Java\\javapath;C:\\Program &#x27;<EOL> &#x27;Files\\Java\\jdk1.8.0_152\\bin;C:\\Windows;C:\\Windows\\system32;C:\\Windows\\System32\\Wbem;C:\\Windows\\System32\\WindowsPowerShell\\v1.0\\;C:\\Windows\\System32\\OpenSSH\\;C:\\WINDOWS\\system32;C:\\WINDOWS;C:\\WINDOWS\\System32\\Wbem;C:\\WINDOWS\\System32\\WindowsPowerShell\\v1.0\\;C:\\WINDOWS\\System32\\OpenSSH\\;C:\\Program &#x27;<EOL> &#x27;Files\\Java\\jdk-17\\bin;C:\\Program &#x27;<EOL> &#x27;Files\\Java\\jdk-17\\jre\\bin;%CATALINA_HOME%\\bin;C:\\Program &#x27;<EOL> &#x27;Files\\swigwin-4.1.1;C:\\Program Files\\Microsoft SQL &#x27;<EOL> &#x27;Server\\150\\Tools\\Binn\\;C:\\Program Files\\Microsoft SQL &#x27;<EOL> &#x27;Server\\130\\Tools\\Binn\\;C:\\TDM-GCC-64\\bin;C:\\Program &#x27;<EOL> &#x27;Files\\dotnet\\;C:\\Program Files\\Go\\bin;C:\\Program &#x27;<EOL> &#x27;Files\\Docker\\Docker\\resources\\bin;C:\\Users\\Havoc\\go\\pkg\\mod\\github.com\\air-verse\\air@v1.52.3;C:\\Users\\Havoc\\Documents\\C++\\.mingw64\\bin;C:\\Program &#x27;<EOL> &#x27;Files\\NVIDIA Corporation\\Nsight Compute &#x27;<EOL> &#x27;2022.3.0\\;D:\\nvm;D:\\nodejs;C:\\Program Files (x86)\\Windows &#x27;<EOL> &#x27;Kits\\10\\Windows Performance Toolkit\\;D:\\soft wares\\Bandizip\\;D:\\soft &#x27;<EOL> &#x27;wares\\.Tools\\SQLite;D:\\Tools\\GnuWin32\\bin;D:\\Tools\\MinGW\\bin;D:\\Tools\\neo4j-community-5.23.0\\bin;C:\\Users\\Havoc\\Documents\\C++\\.mingw64\\bin;C:\\Program &#x27;<EOL> &#x27;Files\\Git\\cmd;D:\\Tools\\PuTTY\\;D:\\soft wares\\.IDE\\CodeArts &#x27;<EOL> &#x27;IDE\\bin;D:\\Tools\\cmake\\bin;D:\\Tools\\Redis\\;C:\\Program Files\\NVIDIA &#x27;<EOL> &#x27;Corporation\\NVIDIA &#x27;<EOL> &#x27;app\\NvDLISR;C:\\Users\\Havoc\\AppData\\Local\\Microsoft\\WindowsApps;C:\\Users\\Havoc\\Microsoft &#x27;<EOL> &#x27;VS Code\\bin;C:\\Program Files\\mysql-8.0.23-winx64\\bin;C:\\Program &#x27;<EOL> &#x27;Files\\MySQL\\MySQL Shell &#x27;<EOL> &#x27;8.0\\bin\\;C:\\iverilog\\bin;C:\\iverilog\\gtkwave\\bin;C:\\Users\\Havoc\\Desktop\\Little-tools\\WHU-homework\\ancestorWorship\\ctags;C:\\Program &#x27;<EOL> &#x27;Files\\opencv\\build\\x64\\vc16\\bin;C:\\Program Files\\JetBrains\\IntelliJ &#x27;<EOL> &#x27;IDEA 2023.3.2\\bin;C:\\Program Files\\JetBrains\\IntelliJ IDEA Community &#x27;<EOL> &#x27;Edition &#x27;<EOL> &#x27;2023.2.5\\bin;C:\\Users\\Havoc\\AppData\\Local\\Programs\\Python\\Python38\\;C:\\Users\\Havoc\\AppData\\Local\\Programs\\Python\\Python38\\Scripts\\;C:\\Users\\Havoc\\AppData\\Local\\Programs\\Python\\Python311\\;C:\\Users\\Havoc\\AppData\\Local\\Programs\\Python\\Python311\\Scripts\\;C:\\modeltech64_10.1c\\win64;D:\\soft &#x27;<EOL> &#x27;wares\\微信web开发者工具\\dll;C:\\Users\\Havoc\\go\\bin;C:\\Users\\Havoc\\AppData\\Local\\Programs\\Ollama;D:\\nvm;D:\\nodejs;D:\\soft &#x27;<EOL> &#x27;wares\\.IDE\\PyCharm &#x27;<EOL> &#x27;2024.2.0.1\\bin;;C:\\Users\\Havoc\\.dotnet\\tools;C:\\Program &#x27;<EOL> &#x27;Files\\JetBrains\\IntelliJ IDEA Community Edition 2024.2.1\\bin;;C:\\Program &#x27;<EOL> &#x27;Files\\JetBrains\\PyCharm Community Edition 2024.2.2\\bin;;&#x27;)</pre></td><EOL>        </tr><EOL>      <EOL>        <tr><EOL>          <td>PATHEXT</td><EOL>          <td class="code"><pre>&#x27;.COM;.EXE;.BAT;.CMD;.VBS;.VBE;.JS;.JSE;.WSF;.WSH;.MSC&#x27;</pre></td><EOL>        </tr><EOL>      <EOL>        <tr><EOL>          <td>PATH_INFO</td><EOL>          <td class="code"><pre>&#x27;/api/rag/bge_embedding&#x27;</pre></td><EOL>        </tr><EOL>      <EOL>        <tr><EOL>          <td>PAWWANDER_CONFIG</td><EOL>          <td class="code"><pre>&#x27;./config.json&#x27;</pre></td><EOL>        </tr><EOL>      <EOL>        <tr><EOL>          <td>PROCESSOR_ARCHITECTURE</td><EOL>          <td class="code"><pre>&#x27;AMD64&#x27;</pre></td><EOL>        </tr><EOL>      <EOL>        <tr><EOL>          <td>PROCESSOR_IDENTIFIER</td><EOL>          <td class="code"><pre>&#x27;Intel64 Family 6 Model 154 Stepping 3, GenuineIntel&#x27;</pre></td><EOL>        </tr><EOL>      <EOL>        <tr><EOL>          <td>PROCESSOR_LEVEL</td><EOL>          <td class="code"><pre>&#x27;6&#x27;</pre></td><EOL>        </tr><EOL>      <EOL>        <tr><EOL>          <td>PROCESSOR_REVISION</td><EOL>          <td class="code"><pre>&#x27;9a03&#x27;</pre></td><EOL>        </tr><EOL>      <EOL>        <tr><EOL>          <td>PROGRAMDATA</td><EOL>          <td class="code"><pre>&#x27;C:\\ProgramData&#x27;</pre></td><EOL>        </tr><EOL>      <EOL>        <tr><EOL>          <td>PROGRAMFILES</td><EOL>          <td class="code"><pre>&#x27;C:\\Program Files&#x27;</pre></td><EOL>        </tr><EOL>      <EOL>        <tr><EOL>          <td>PROGRAMFILES(X86)</td><EOL>          <td class="code"><pre>&#x27;C:\\Program Files (x86)&#x27;</pre></td><EOL>        </tr><EOL>      <EOL>        <tr><EOL>          <td>PROGRAMW6432</td><EOL>          <td class="code"><pre>&#x27;C:\\Program Files&#x27;</pre></td><EOL>        </tr><EOL>      <EOL>        <tr><EOL>          <td>PROMPT</td><EOL>          <td class="code"><pre>&#x27;(CatfaceBack) $P$G&#x27;</pre></td><EOL>        </tr><EOL>      <EOL>        <tr><EOL>          <td>PSMODULEPATH</td><EOL>          <td class="code"><pre>(&#x27;C:\\Program &#x27;<EOL> &#x27;Files\\WindowsPowerShell\\Modules;C:\\WINDOWS\\system32\\WindowsPowerShell\\v1.0\\Modules;&#x27;)</pre></td><EOL>        </tr><EOL>      <EOL>        <tr><EOL>          <td>PUBLIC</td><EOL>          <td class="code"><pre>&#x27;C:\\Users\\Public&#x27;</pre></td><EOL>        </tr><EOL>      <EOL>        <tr><EOL>          <td>PYCHARM</td><EOL>          <td class="code"><pre>&#x27;D:\\soft wares\\.IDE\\PyCharm 2024.2.0.1\\bin;&#x27;</pre></td><EOL>        </tr><EOL>      <EOL>        <tr><EOL>          <td>PYCHARM COMMUNITY EDITION</td><EOL>          <td class="code"><pre>&#x27;C:\\Program Files\\JetBrains\\PyCharm Community Edition 2024.2.2\\bin;&#x27;</pre></td><EOL>        </tr><EOL>      <EOL>        <tr><EOL>          <td>PYCHARM_HOSTED</td><EOL>          <td class="code"><pre>&#x27;1&#x27;</pre></td><EOL>        </tr><EOL>      <EOL>        <tr><EOL>          <td>PYTHONIOENCODING</td><EOL>          <td class="code"><pre>&#x27;UTF-8&#x27;</pre></td><EOL>        </tr><EOL>      <EOL>        <tr><EOL>          <td>PYTHONPATH</td><EOL>          <td class="code"><pre>&#x27;D:\\.File Data\\PyCharmProject\\CatfaceBack&#x27;</pre></td><EOL>        </tr><EOL>      <EOL>        <tr><EOL>          <td>PYTHONUNBUFFERED</td><EOL>          <td class="code"><pre>&#x27;1&#x27;</pre></td><EOL>        </tr><EOL>      <EOL>        <tr><EOL>          <td>QUERY_STRING</td><EOL>          <td class="code"><pre>&#x27;&#x27;</pre></td><EOL>        </tr><EOL>      <EOL>        <tr><EOL>          <td>REMOTE_ADDR</td><EOL>          <td class="code"><pre>&#x27;127.0.0.1&#x27;</pre></td><EOL>        </tr><EOL>      <EOL>        <tr><EOL>          <td>REMOTE_HOST</td><EOL>          <td class="code"><pre>&#x27;&#x27;</pre></td><EOL>        </tr><EOL>      <EOL>        <tr><EOL>          <td>REQUEST_METHOD</td><EOL>          <td class="code"><pre>&#x27;POST&#x27;</pre></td><EOL>        </tr><EOL>      <EOL>        <tr><EOL>          <td>RLSSVCPORT</td><EOL>          <td class="code"><pre>&#x27;22112&#x27;</pre></td><EOL>        </tr><EOL>      <EOL>        <tr><EOL>          <td>RUN_MAIN</td><EOL>          <td class="code"><pre>&#x27;true&#x27;</pre></td><EOL>        </tr><EOL>      <EOL>        <tr><EOL>          <td>SCRIPT_NAME</td><EOL>          <td class="code"><pre>&#x27;&#x27;</pre></td><EOL>        </tr><EOL>      <EOL>        <tr><EOL>          <td>SERVER_NAME</td><EOL>          <td class="code"><pre>&#x27;activate.navicat.com&#x27;</pre></td><EOL>        </tr><EOL>      <EOL>        <tr><EOL>          <td>SERVER_PORT</td><EOL>          <td class="code"><pre>&#x27;8000&#x27;</pre></td><EOL>        </tr><EOL>      <EOL>        <tr><EOL>          <td>SERVER_PROTOCOL</td><EOL>          <td class="code"><pre>&#x27;HTTP/1.1&#x27;</pre></td><EOL>        </tr><EOL>      <EOL>        <tr><EOL>          <td>SERVER_SOFTWARE</td><EOL>          <td class="code"><pre>&#x27;WSGIServer/0.2&#x27;</pre></td><EOL>        </tr><EOL>      <EOL>        <tr><EOL>          <td>SESSIONNAME</td><EOL>          <td class="code"><pre>&#x27;Console&#x27;</pre></td><EOL>        </tr><EOL>      <EOL>        <tr><EOL>          <td>SYSTEMDRIVE</td><EOL>          <td class="code"><pre>&#x27;C:&#x27;</pre></td><EOL>        </tr><EOL>      <EOL>        <tr><EOL>          <td>SYSTEMROOT</td><EOL>          <td class="code"><pre>&#x27;C:\\WINDOWS&#x27;</pre></td><EOL>        </tr><EOL>      <EOL>        <tr><EOL>          <td>TEMP</td><EOL>          <td class="code"><pre>&#x27;C:\\Users\\Havoc\\AppData\\Local\\Temp&#x27;</pre></td><EOL>        </tr><EOL>      <EOL>        <tr><EOL>          <td>TMP</td><EOL>          <td class="code"><pre>&#x27;C:\\Users\\Havoc\\AppData\\Local\\Temp&#x27;</pre></td><EOL>        </tr><EOL>      <EOL>        <tr><EOL>          <td>USERDOMAIN</td><EOL>          <td class="code"><pre>&#x27;HAVOC&#x27;</pre></td><EOL>        </tr><EOL>      <EOL>        <tr><EOL>          <td>USERDOMAIN_ROAMINGPROFILE</td><EOL>          <td class="code"><pre>&#x27;HAVOC&#x27;</pre></td><EOL>        </tr><EOL>      <EOL>        <tr><EOL>          <td>USERNAME</td><EOL>          <td class="code"><pre>&#x27;Havoc&#x27;</pre></td><EOL>        </tr><EOL>      <EOL>        <tr><EOL>          <td>USERPROFILE</td><EOL>          <td class="code"><pre>&#x27;C:\\Users\\Havoc&#x27;</pre></td><EOL>        </tr><EOL>      <EOL>        <tr><EOL>          <td>VIRTUAL_ENV</td><EOL>          <td class="code"><pre>&#x27;D:\\.File Data\\PyCharmProject\\CatfaceBack&#x27;</pre></td><EOL>        </tr><EOL>      <EOL>        <tr><EOL>          <td>VS140COMNTOOLS</td><EOL>          <td class="code"><pre>&#x27;C:\\Program Files (x86)\\Microsoft Visual Studio 14.0\\Common7\\Tools\\&#x27;</pre></td><EOL>        </tr><EOL>      <EOL>        <tr><EOL>          <td>WINDIR</td><EOL>          <td class="code"><pre>&#x27;C:\\WINDOWS&#x27;</pre></td><EOL>        </tr><EOL>      <EOL>        <tr><EOL>          <td>ZES_ENABLE_SYSMAN</td><EOL>          <td class="code"><pre>&#x27;1&#x27;</pre></td><EOL>        </tr><EOL>      <EOL>        <tr><EOL>          <td>ZHIPUAI_API_KEY</td><EOL>          <td class="code"><pre>&#x27;********************&#x27;</pre></td><EOL>        </tr><EOL>      <EOL>        <tr><EOL>          <td>_OLD_VIRTUAL_PATH</td><EOL>          <td class="code"><pre>(&#x27;C:\\Program Files\\Common Files\\Oracle\\Java\\javapath;C:\\Program &#x27;<EOL> &#x27;Files\\NVIDIA GPU Computing Toolkit\\CUDA\\v12.1\\bin;C:\\Program &#x27;<EOL> &#x27;Files\\NVIDIA GPU Computing Toolkit\\CUDA\\v12.1\\libnvvp;C:\\Program &#x27;<EOL> &#x27;Files\\NVIDIA GPU Computing Toolkit\\CUDA\\v12.1\\include;C:\\Program &#x27;<EOL> &#x27;Files\\NVIDIA GPU Computing Toolkit\\CUDA\\v12.1\\lib;C:\\Program &#x27;<EOL> &#x27;Files\\NVIDIA GPU Computing Toolkit\\CUDA\\v11.8\\bin;C:\\Program &#x27;<EOL> &#x27;Files\\NVIDIA GPU Computing Toolkit\\CUDA\\v11.8\\libnvvp;C:\\Program Files &#x27;<EOL> &#x27;(x86)\\VMware\\VMware Workstation\\bin\\;C:\\Program Files (x86)\\Common &#x27;<EOL> &#x27;Files\\Oracle\\Java\\javapath;C:\\Program Files (x86)\\Common &#x27;<EOL> &#x27;Files\\Intel\\Shared &#x27;<EOL> &#x27;Libraries\\redist\\intel64\\compiler;C:\\ProgramData\\Oracle\\Java\\javapath;C:\\Program &#x27;<EOL> &#x27;Files\\Java\\jdk1.8.0_152\\bin;C:\\Windows;C:\\Windows\\system32;C:\\Windows\\System32\\Wbem;C:\\Windows\\System32\\WindowsPowerShell\\v1.0\\;C:\\Windows\\System32\\OpenSSH\\;C:\\WINDOWS\\system32;C:\\WINDOWS;C:\\WINDOWS\\System32\\Wbem;C:\\WINDOWS\\System32\\WindowsPowerShell\\v1.0\\;C:\\WINDOWS\\System32\\OpenSSH\\;C:\\Program &#x27;<EOL> &#x27;Files\\Java\\jdk-17\\bin;C:\\Program &#x27;<EOL> &#x27;Files\\Java\\jdk-17\\jre\\bin;%CATALINA_HOME%\\bin;C:\\Program &#x27;<EOL> &#x27;Files\\swigwin-4.1.1;C:\\Program Files\\Microsoft SQL &#x27;<EOL> &#x27;Server\\150\\Tools\\Binn\\;C:\\Program Files\\Microsoft SQL &#x27;<EOL> &#x27;Server\\130\\Tools\\Binn\\;C:\\TDM-GCC-64\\bin;C:\\Program &#x27;<EOL> &#x27;Files\\dotnet\\;C:\\Program Files\\Go\\bin;C:\\Program &#x27;<EOL> &#x27;Files\\Docker\\Docker\\resources\\bin;C:\\Users\\Havoc\\go\\pkg\\mod\\github.com\\air-verse\\air@v1.52.3;C:\\Users\\Havoc\\Documents\\C++\\.mingw64\\bin;C:\\Program &#x27;<EOL> &#x27;Files\\NVIDIA Corporation\\Nsight Compute &#x27;<EOL> &#x27;2022.3.0\\;D:\\nvm;D:\\nodejs;C:\\Program Files (x86)\\Windows &#x27;<EOL> &#x27;Kits\\10\\Windows Performance Toolkit\\;D:\\soft wares\\Bandizip\\;D:\\soft &#x27;<EOL> &#x27;wares\\.Tools\\SQLite;D:\\Tools\\GnuWin32\\bin;D:\\Tools\\MinGW\\bin;D:\\Tools\\neo4j-community-5.23.0\\bin;C:\\Users\\Havoc\\Documents\\C++\\.mingw64\\bin;C:\\Program &#x27;<EOL> &#x27;Files\\Git\\cmd;D:\\Tools\\PuTTY\\;D:\\soft wares\\.IDE\\CodeArts &#x27;<EOL> &#x27;IDE\\bin;D:\\Tools\\cmake\\bin;D:\\Tools\\Redis\\;C:\\Program Files\\NVIDIA &#x27;<EOL> &#x27;Corporation\\NVIDIA &#x27;<EOL> &#x27;app\\NvDLISR;C:\\Users\\Havoc\\AppData\\Local\\Microsoft\\WindowsApps;C:\\Users\\Havoc\\Microsoft &#x27;<EOL> &#x27;VS Code\\bin;C:\\Program Files\\mysql-8.0.23-winx64\\bin;C:\\Program &#x27;<EOL> &#x27;Files\\MySQL\\MySQL Shell &#x27;<EOL> &#x27;8.0\\bin\\;C:\\iverilog\\bin;C:\\iverilog\\gtkwave\\bin;C:\\Users\\Havoc\\Desktop\\Little-tools\\WHU-homework\\ancestorWorship\\ctags;C:\\Program &#x27;<EOL> &#x27;Files\\opencv\\build\\x64\\vc16\\bin;C:\\Program Files\\JetBrains\\IntelliJ &#x27;<EOL> &#x27;IDEA 2023.3.2\\bin;C:\\Program Files\\JetBrains\\IntelliJ IDEA Community &#x27;<EOL> &#x27;Edition &#x27;<EOL> &#x27;2023.2.5\\bin;C:\\Users\\Havoc\\AppData\\Local\\Programs\\Python\\Python38\\;C:\\Users\\Havoc\\AppData\\Local\\Programs\\Python\\Python38\\Scripts\\;C:\\Users\\Havoc\\AppData\\Local\\Programs\\Python\\Python311\\;C:\\Users\\Havoc\\AppData\\Local\\Programs\\Python\\Python311\\Scripts\\;C:\\modeltech64_10.1c\\win64;D:\\soft &#x27;<EOL> &#x27;wares\\微信web开发者工具\\dll;C:\\Users\\Havoc\\go\\bin;C:\\Users\\Havoc\\AppData\\Local\\Programs\\Ollama;D:\\nvm;D:\\nodejs;D:\\soft &#x27;<EOL> &#x27;wares\\.IDE\\PyCharm &#x27;<EOL> &#x27;2024.2.0.1\\bin;;C:\\Users\\Havoc\\.dotnet\\tools;C:\\Program &#x27;<EOL> &#x27;Files\\JetBrains\\IntelliJ IDEA Community Edition 2024.2.1\\bin;;C:\\Program &#x27;<EOL> &#x27;Files\\JetBrains\\PyCharm Community Edition 2024.2.2\\bin;;&#x27;)</pre></td><EOL>        </tr><EOL>      <EOL>        <tr><EOL>          <td>_OLD_VIRTUAL_PROMPT</td><EOL>          <td class="code"><pre>&#x27;$P$G&#x27;</pre></td><EOL>        </tr><EOL>      <EOL>        <tr><EOL>          <td>wsgi.errors</td><EOL>          <td class="code"><pre>&lt;_io.TextIOWrapper name=&#x27;&lt;stderr&gt;&#x27; mode=&#x27;w&#x27; encoding=&#x27;utf-8&#x27;&gt;</pre></td><EOL>        </tr><EOL>      <EOL>        <tr><EOL>          <td>wsgi.file_wrapper</td><EOL>          <td class="code"><pre>&lt;class &#x27;wsgiref.util.FileWrapper&#x27;&gt;</pre></td><EOL>        </tr><EOL>      <EOL>        <tr><EOL>          <td>wsgi.input</td><EOL>          <td class="code"><pre>&lt;django.core.handlers.wsgi.LimitedStream object at 0x000001CF96621730&gt;</pre></td><EOL>        </tr><EOL>      <EOL>        <tr><EOL>          <td>wsgi.multiprocess</td><EOL>          <td class="code"><pre>False</pre></td><EOL>        </tr><EOL>      <EOL>        <tr><EOL>          <td>wsgi.multithread</td><EOL>          <td class="code"><pre>True</pre></td><EOL>        </tr><EOL>      <EOL>        <tr><EOL>          <td>wsgi.run_once</td><EOL>          <td class="code"><pre>False</pre></td><EOL>        </tr><EOL>      <EOL>        <tr><EOL>          <td>wsgi.url_scheme</td><EOL>          <td class="code"><pre>&#x27;http&#x27;</pre></td><EOL>        </tr><EOL>      <EOL>        <tr><EOL>          <td>wsgi.version</td><EOL>          <td class="code"><pre>(1, 0)</pre></td><EOL>        </tr><EOL>      <EOL>    </tbody><EOL>  </table><EOL><EOL><EOL>  <h3 id="settings-info">Settings</h3><EOL>  <h4>Using settings module <code>catface.settings</code></h4><EOL>  <table class="req"><EOL>    <thead><EOL>      <tr><EOL>        <th>Setting</th><EOL>        <th>Value</th><EOL>      </tr><EOL>    </thead><EOL>    <tbody><EOL>      <EOL>        <tr><EOL>          <td>ABSOLUTE_URL_OVERRIDES</td><EOL>          <td class="code"><pre>{}</pre></td><EOL>        </tr><EOL>      <EOL>        <tr><EOL>          <td>ADMINS</td><EOL>          <td class="code"><pre>[]</pre></td><EOL>        </tr><EOL>      <EOL>        <tr><EOL>          <td>ALLOWED_HOSTS</td><EOL>          <td class="code"><pre>[&#x27;vv9710nr2082.vicp.fun&#x27;, &#x27;127.0.0.1&#x27;, &#x27;localhost&#x27;]</pre></td><EOL>        </tr><EOL>      <EOL>        <tr><EOL>          <td>APPEND_SLASH</td><EOL>          <td class="code"><pre>True</pre></td><EOL>        </tr><EOL>      <EOL>        <tr><EOL>          <td>AUTHENTICATION_BACKENDS</td><EOL>          <td class="code"><pre>[&#x27;django.contrib.auth.backends.ModelBackend&#x27;]</pre></td><EOL>        </tr><EOL>      <EOL>        <tr><EOL>          <td>AUTH_PASSWORD_VALIDATORS</td><EOL>          <td class="code"><pre>&#x27;********************&#x27;</pre></td><EOL>        </tr><EOL>      <EOL>        <tr><EOL>          <td>AUTH_USER_MODEL</td><EOL>          <td class="code"><pre>&#x27;auth.User&#x27;</pre></td><EOL>        </tr><EOL>      <EOL>        <tr><EOL>          <td>BASE_DIR</td><EOL>          <td class="code"><pre>WindowsPath(&#x27;D:/.File Data/PyCharmProject/CatfaceBack&#x27;)</pre></td><EOL>        </tr><EOL>      <EOL>        <tr><EOL>          <td>CACHES</td><EOL>          <td class="code"><pre>{&#x27;default&#x27;: {&#x27;BACKEND&#x27;: &#x27;django.core.cache.backends.locmem.LocMemCache&#x27;}}</pre></td><EOL>        </tr><EOL>      <EOL>        <tr><EOL>          <td>CACHE_MIDDLEWARE_ALIAS</td><EOL>          <td class="code"><pre>&#x27;default&#x27;</pre></td><EOL>        </tr><EOL>      <EOL>        <tr><EOL>          <td>CACHE_MIDDLEWARE_KEY_PREFIX</td><EOL>          <td class="code"><pre>&#x27;********************&#x27;</pre></td><EOL>        </tr><EOL>      <EOL>        <tr><EOL>          <td>CACHE_MIDDLEWARE_SECONDS</td><EOL>          <td class="code"><pre>600</pre></td><EOL>        </tr><EOL>      <EOL>        <tr><EOL>          <td>CORS_ALLOWED_ORIGINS</td><EOL>          <td class="code"><pre>[&#x27;http://localhost:5173&#x27;]</pre></td><EOL>        </tr><EOL>      <EOL>        <tr><EOL>          <td>CORS_ALLOW_ALL_ORIGINS</td><EOL>          <td class="code"><pre>True</pre></td><EOL>        </tr><EOL>      <EOL>        <tr><EOL>          <td>CSRF_COOKIE_AGE</td><EOL>          <td class="code"><pre>31449600</pre></td><EOL>        </tr><EOL>      <EOL>        <tr><EOL>          <td>CSRF_COOKIE_DOMAIN</td><EOL>          <td class="code"><pre>None</pre></td><EOL>        </tr><EOL>      <EOL>        <tr><EOL>          <td>CSRF_COOKIE_HTTPONLY</td><EOL>          <td class="code"><pre>False</pre></td><EOL>        </tr><EOL>      <EOL>        <tr><EOL>          <td>CSRF_COOKIE_MASKED</td><EOL>          <td class="code"><pre>False</pre></td><EOL>        </tr><EOL>      <EOL>        <tr><EOL>          <td>CSRF_COOKIE_NAME</td><EOL>          <td class="code"><pre>&#x27;csrftoken&#x27;</pre></td><EOL>        </tr><EOL>      <EOL>        <tr><EOL>          <td>CSRF_COOKIE_PATH</td><EOL>          <td class="code"><pre>&#x27;/&#x27;</pre></td><EOL>        </tr><EOL>      <EOL>        <tr><EOL>          <td>CSRF_COOKIE_SAMESITE</td><EOL>          <td class="code"><pre>&#x27;Lax&#x27;</pre></td><EOL>        </tr><EOL>      <EOL>        <tr><EOL>          <td>CSRF_COOKIE_SECURE</td><EOL>          <td class="code"><pre>False</pre></td><EOL>        </tr><EOL>      <EOL>        <tr><EOL>          <td>CSRF_FAILURE_VIEW</td><EOL>          <td class="code"><pre>&#x27;django.views.csrf.csrf_failure&#x27;</pre></td><EOL>        </tr><EOL>      <EOL>        <tr><EOL>          <td>CSRF_HEADER_NAME</td><EOL>          <td class="code"><pre>&#x27;HTTP_X_CSRFTOKEN&#x27;</pre></td><EOL>        </tr><EOL>      <EOL>        <tr><EOL>          <td>CSRF_TRUSTED_ORIGINS</td><EOL>          <td class="code"><pre>[]</pre></td><EOL>        </tr><EOL>      <EOL>        <tr><EOL>          <td>CSRF_USE_SESSIONS</td><EOL>          <td class="code"><pre>False</pre></td><EOL>        </tr><EOL>      <EOL>        <tr><EOL>          <td>DATABASES</td><EOL>          <td class="code"><pre>{&#x27;default&#x27;: {&#x27;ATOMIC_REQUESTS&#x27;: False,<EOL>             &#x27;AUTOCOMMIT&#x27;: True,<EOL>             &#x27;CONN_HEALTH_CHECKS&#x27;: False,<EOL>             &#x27;CONN_MAX_AGE&#x27;: 0,<EOL>             &#x27;ENGINE&#x27;: &#x27;django.db.backends.sqlite3&#x27;,<EOL>             &#x27;HOST&#x27;: &#x27;&#x27;,<EOL>             &#x27;NAME&#x27;: WindowsPath(&#x27;D:/.File Data/PyCharmProject/CatfaceBack/db.sqlite3&#x27;),<EOL>             &#x27;OPTIONS&#x27;: {},<EOL>             &#x27;PASSWORD&#x27;: &#x27;********************&#x27;,<EOL>             &#x27;PORT&#x27;: &#x27;&#x27;,<EOL>             &#x27;TEST&#x27;: {&#x27;CHARSET&#x27;: None,<EOL>                      &#x27;COLLATION&#x27;: None,<EOL>                      &#x27;MIGRATE&#x27;: True,<EOL>                      &#x27;MIRROR&#x27;: None,<EOL>                      &#x27;NAME&#x27;: None},<EOL>             &#x27;TIME_ZONE&#x27;: None,<EOL>             &#x27;USER&#x27;: &#x27;&#x27;},<EOL> &#x27;mysql&#x27;: {&#x27;ATOMIC_REQUESTS&#x27;: False,<EOL>           &#x27;AUTOCOMMIT&#x27;: True,<EOL>           &#x27;CHARSET&#x27;: &#x27;utf8&#x27;,<EOL>           &#x27;CONN_HEALTH_CHECKS&#x27;: False,<EOL>           &#x27;CONN_MAX_AGE&#x27;: 0,<EOL>           &#x27;ENGINE&#x27;: &#x27;django.db.backends.mysql&#x27;,<EOL>           &#x27;HOST&#x27;: &#x27;113.44.68.213&#x27;,<EOL>           &#x27;NAME&#x27;: &#x27;hav_cats&#x27;,<EOL>           &#x27;OPTIONS&#x27;: {},<EOL>           &#x27;PASSWORD&#x27;: &#x27;********************&#x27;,<EOL>           &#x27;PORT&#x27;: 3306,<EOL>           &#x27;TEST&#x27;: {&#x27;CHARSET&#x27;: None,<EOL>                    &#x27;COLLATION&#x27;: None,<EOL>                    &#x27;MIGRATE&#x27;: True,<EOL>                    &#x27;MIRROR&#x27;: None,<EOL>                    &#x27;NAME&#x27;: None},<EOL>           &#x27;TIME_ZONE&#x27;: None,<EOL>           &#x27;USER&#x27;: &#x27;root&#x27;}}</pre></td><EOL>        </tr><EOL>      <EOL>        <tr><EOL>          <td>DATABASE_ROUTERS</td><EOL>          <td class="code"><pre>[]</pre></td><EOL>        </tr><EOL>      <EOL>        <tr><EOL>          <td>DATA_UPLOAD_MAX_MEMORY_SIZE</td><EOL>          <td class="code"><pre>2621440</pre></td><EOL>        </tr><EOL>      <EOL>        <tr><EOL>          <td>DATA_UPLOAD_MAX_NUMBER_FIELDS</td><EOL>          <td class="code"><pre>1000</pre></td><EOL>        </tr><EOL>      <EOL>        <tr><EOL>          <td>DATA_UPLOAD_MAX_NUMBER_FILES</td><EOL>          <td class="code"><pre>100</pre></td><EOL>        </tr><EOL>      <EOL>        <tr><EOL>          <td>DATETIME_FORMAT</td><EOL>          <td class="code"><pre>&#x27;N j, Y, P&#x27;</pre></td><EOL>        </tr><EOL>      <EOL>        <tr><EOL>          <td>DATETIME_INPUT_FORMATS</td><EOL>          <td class="code"><pre>[&#x27;%Y-%m-%d %H:%M:%S&#x27;,<EOL> &#x27;%Y-%m-%d %H:%M:%S.%f&#x27;,<EOL> &#x27;%Y-%m-%d %H:%M&#x27;,<EOL> &#x27;%m/%d/%Y %H:%M:%S&#x27;,<EOL> &#x27;%m/%d/%Y %H:%M:%S.%f&#x27;,<EOL> &#x27;%m/%d/%Y %H:%M&#x27;,<EOL> &#x27;%m/%d/%y %H:%M:%S&#x27;,<EOL> &#x27;%m/%d/%y %H:%M:%S.%f&#x27;,<EOL> &#x27;%m/%d/%y %H:%M&#x27;]</pre></td><EOL>        </tr><EOL>      <EOL>        <tr><EOL>          <td>DATE_FORMAT</td><EOL>          <td class="code"><pre>&#x27;N j, Y&#x27;</pre></td><EOL>        </tr><EOL>      <EOL>        <tr><EOL>          <td>DATE_INPUT_FORMATS</td><EOL>          <td class="code"><pre>[&#x27;%Y-%m-%d&#x27;,<EOL> &#x27;%m/%d/%Y&#x27;,<EOL> &#x27;%m/%d/%y&#x27;,<EOL> &#x27;%b %d %Y&#x27;,<EOL> &#x27;%b %d, %Y&#x27;,<EOL> &#x27;%d %b %Y&#x27;,<EOL> &#x27;%d %b, %Y&#x27;,<EOL> &#x27;%B %d %Y&#x27;,<EOL> &#x27;%B %d, %Y&#x27;,<EOL> &#x27;%d %B %Y&#x27;,<EOL> &#x27;%d %B, %Y&#x27;]</pre></td><EOL>        </tr><EOL>      <EOL>        <tr><EOL>          <td>DEBUG</td><EOL>          <td class="code"><pre>True</pre></td><EOL>        </tr><EOL>      <EOL>        <tr><EOL>          <td>DEBUG_PROPAGATE_EXCEPTIONS</td><EOL>          <td class="code"><pre>False</pre></td><EOL>        </tr><EOL>      <EOL>        <tr><EOL>          <td>DECIMAL_SEPARATOR</td><EOL>          <td class="code"><pre>&#x27;.&#x27;</pre></td><EOL>        </tr><EOL>      <EOL>        <tr><EOL>          <td>DEFAULT_AUTO_FIELD</td><EOL>          <td class="code"><pre>&#x27;django.db.models.BigAutoField&#x27;</pre></td><EOL>        </tr><EOL>      <EOL>        <tr><EOL>          <td>DEFAULT_CHARSET</td><EOL>          <td class="code"><pre>&#x27;utf-8&#x27;</pre></td><EOL>        </tr><EOL>      <EOL>        <tr><EOL>          <td>DEFAULT_EXCEPTION_REPORTER</td><EOL>          <td class="code"><pre>&#x27;django.views.debug.ExceptionReporter&#x27;</pre></td><EOL>        </tr><EOL>      <EOL>        <tr><EOL>          <td>DEFAULT_EXCEPTION_REPORTER_FILTER</td><EOL>          <td class="code"><pre>&#x27;django.views.debug.SafeExceptionReporterFilter&#x27;</pre></td><EOL>        </tr><EOL>      <EOL>        <tr><EOL>          <td>DEFAULT_FILE_STORAGE</td><EOL>          <td class="code"><pre>&#x27;django.core.files.storage.FileSystemStorage&#x27;</pre></td><EOL>        </tr><EOL>      <EOL>        <tr><EOL>          <td>DEFAULT_FROM_EMAIL</td><EOL>          <td class="code"><pre>&#x27;webmaster@localhost&#x27;</pre></td><EOL>        </tr><EOL>      <EOL>        <tr><EOL>          <td>DEFAULT_INDEX_TABLESPACE</td><EOL>          <td class="code"><pre>&#x27;&#x27;</pre></td><EOL>        </tr><EOL>      <EOL>        <tr><EOL>          <td>DEFAULT_TABLESPACE</td><EOL>          <td class="code"><pre>&#x27;&#x27;</pre></td><EOL>        </tr><EOL>      <EOL>        <tr><EOL>          <td>DISALLOWED_USER_AGENTS</td><EOL>          <td class="code"><pre>[]</pre></td><EOL>        </tr><EOL>      <EOL>        <tr><EOL>          <td>EMAIL_BACKEND</td><EOL>          <td class="code"><pre>&#x27;django.core.mail.backends.smtp.EmailBackend&#x27;</pre></td><EOL>        </tr><EOL>      <EOL>        <tr><EOL>          <td>EMAIL_HOST</td><EOL>          <td class="code"><pre>&#x27;localhost&#x27;</pre></td><EOL>        </tr><EOL>      <EOL>        <tr><EOL>          <td>EMAIL_HOST_PASSWORD</td><EOL>          <td class="code"><pre>&#x27;********************&#x27;</pre></td><EOL>        </tr><EOL>      <EOL>        <tr><EOL>          <td>EMAIL_HOST_USER</td><EOL>          <td class="code"><pre>&#x27;&#x27;</pre></td><EOL>        </tr><EOL>      <EOL>        <tr><EOL>          <td>EMAIL_PORT</td><EOL>          <td class="code"><pre>25</pre></td><EOL>        </tr><EOL>      <EOL>        <tr><EOL>          <td>EMAIL_SSL_CERTFILE</td><EOL>          <td class="code"><pre>None</pre></td><EOL>        </tr><EOL>      <EOL>        <tr><EOL>          <td>EMAIL_SSL_KEYFILE</td><EOL>          <td class="code"><pre>&#x27;********************&#x27;</pre></td><EOL>        </tr><EOL>      <EOL>        <tr><EOL>          <td>EMAIL_SUBJECT_PREFIX</td><EOL>          <td class="code"><pre>&#x27;[Django] &#x27;</pre></td><EOL>        </tr><EOL>      <EOL>        <tr><EOL>          <td>EMAIL_TIMEOUT</td><EOL>          <td class="code"><pre>None</pre></td><EOL>        </tr><EOL>      <EOL>        <tr><EOL>          <td>EMAIL_USE_LOCALTIME</td><EOL>          <td class="code"><pre>False</pre></td><EOL>        </tr><EOL>      <EOL>        <tr><EOL>          <td>EMAIL_USE_SSL</td><EOL>          <td class="code"><pre>False</pre></td><EOL>        </tr><EOL>      <EOL>        <tr><EOL>          <td>EMAIL_USE_TLS</td><EOL>          <td class="code"><pre>False</pre></td><EOL>        </tr><EOL>      <EOL>        <tr><EOL>          <td>FILE_UPLOAD_DIRECTORY_PERMISSIONS</td><EOL>          <td class="code"><pre>None</pre></td><EOL>        </tr><EOL>      <EOL>        <tr><EOL>          <td>FILE_UPLOAD_HANDLERS</td><EOL>          <td class="code"><pre>[&#x27;django.core.files.uploadhandler.MemoryFileUploadHandler&#x27;,<EOL> &#x27;django.core.files.uploadhandler.TemporaryFileUploadHandler&#x27;]</pre></td><EOL>        </tr><EOL>      <EOL>        <tr><EOL>          <td>FILE_UPLOAD_MAX_MEMORY_SIZE</td><EOL>          <td class="code"><pre>2621440</pre></td><EOL>        </tr><EOL>      <EOL>        <tr><EOL>          <td>FILE_UPLOAD_PERMISSIONS</td><EOL>          <td class="code"><pre>420</pre></td><EOL>        </tr><EOL>      <EOL>        <tr><EOL>          <td>FILE_UPLOAD_TEMP_DIR</td><EOL>          <td class="code"><pre>None</pre></td><EOL>        </tr><EOL>      <EOL>        <tr><EOL>          <td>FIRST_DAY_OF_WEEK</td><EOL>          <td class="code"><pre>0</pre></td><EOL>        </tr><EOL>      <EOL>        <tr><EOL>          <td>FIXTURE_DIRS</td><EOL>          <td class="code"><pre>[]</pre></td><EOL>        </tr><EOL>      <EOL>        <tr><EOL>          <td>FORCE_SCRIPT_NAME</td><EOL>          <td class="code"><pre>None</pre></td><EOL>        </tr><EOL>      <EOL>        <tr><EOL>          <td>FORMAT_MODULE_PATH</td><EOL>          <td class="code"><pre>None</pre></td><EOL>        </tr><EOL>      <EOL>        <tr><EOL>          <td>FORM_RENDERER</td><EOL>          <td class="code"><pre>&#x27;django.forms.renderers.DjangoTemplates&#x27;</pre></td><EOL>        </tr><EOL>      <EOL>        <tr><EOL>          <td>IGNORABLE_404_URLS</td><EOL>          <td class="code"><pre>[]</pre></td><EOL>        </tr><EOL>      <EOL>        <tr><EOL>          <td>INSTALLED_APPS</td><EOL>          <td class="code"><pre>[&#x27;django.contrib.admin&#x27;,<EOL> &#x27;django.contrib.auth&#x27;,<EOL> &#x27;django.contrib.contenttypes&#x27;,<EOL> &#x27;django.contrib.sessions&#x27;,<EOL> &#x27;django.contrib.messages&#x27;,<EOL> &#x27;django.contrib.staticfiles&#x27;,<EOL> &#x27;corsheaders&#x27;,<EOL> &#x27;Api&#x27;]</pre></td><EOL>        </tr><EOL>      <EOL>        <tr><EOL>          <td>INTERNAL_IPS</td><EOL>          <td class="code"><pre>[]</pre></td><EOL>        </tr><EOL>      <EOL>        <tr><EOL>          <td>LANGUAGES</td><EOL>          <td class="code"><pre>[(&#x27;af&#x27;, &#x27;Afrikaans&#x27;),<EOL> (&#x27;ar&#x27;, &#x27;Arabic&#x27;),<EOL> (&#x27;ar-dz&#x27;, &#x27;Algerian Arabic&#x27;),<EOL> (&#x27;ast&#x27;, &#x27;Asturian&#x27;),<EOL> (&#x27;az&#x27;, &#x27;Azerbaijani&#x27;),<EOL> (&#x27;bg&#x27;, &#x27;Bulgarian&#x27;),<EOL> (&#x27;be&#x27;, &#x27;Belarusian&#x27;),<EOL> (&#x27;bn&#x27;, &#x27;Bengali&#x27;),<EOL> (&#x27;br&#x27;, &#x27;Breton&#x27;),<EOL> (&#x27;bs&#x27;, &#x27;Bosnian&#x27;),<EOL> (&#x27;ca&#x27;, &#x27;Catalan&#x27;),<EOL> (&#x27;ckb&#x27;, &#x27;Central Kurdish (Sorani)&#x27;),<EOL> (&#x27;cs&#x27;, &#x27;Czech&#x27;),<EOL> (&#x27;cy&#x27;, &#x27;Welsh&#x27;),<EOL> (&#x27;da&#x27;, &#x27;Danish&#x27;),<EOL> (&#x27;de&#x27;, &#x27;German&#x27;),<EOL> (&#x27;dsb&#x27;, &#x27;Lower Sorbian&#x27;),<EOL> (&#x27;el&#x27;, &#x27;Greek&#x27;),<EOL> (&#x27;en&#x27;, &#x27;English&#x27;),<EOL> (&#x27;en-au&#x27;, &#x27;Australian English&#x27;),<EOL> (&#x27;en-gb&#x27;, &#x27;British English&#x27;),<EOL> (&#x27;eo&#x27;, &#x27;Esperanto&#x27;),<EOL> (&#x27;es&#x27;, &#x27;Spanish&#x27;),<EOL> (&#x27;es-ar&#x27;, &#x27;Argentinian Spanish&#x27;),<EOL> (&#x27;es-co&#x27;, &#x27;Colombian Spanish&#x27;),<EOL> (&#x27;es-mx&#x27;, &#x27;Mexican Spanish&#x27;),<EOL> (&#x27;es-ni&#x27;, &#x27;Nicaraguan Spanish&#x27;),<EOL> (&#x27;es-ve&#x27;, &#x27;Venezuelan Spanish&#x27;),<EOL> (&#x27;et&#x27;, &#x27;Estonian&#x27;),<EOL> (&#x27;eu&#x27;, &#x27;Basque&#x27;),<EOL> (&#x27;fa&#x27;, &#x27;Persian&#x27;),<EOL> (&#x27;fi&#x27;, &#x27;Finnish&#x27;),<EOL> (&#x27;fr&#x27;, &#x27;French&#x27;),<EOL> (&#x27;fy&#x27;, &#x27;Frisian&#x27;),<EOL> (&#x27;ga&#x27;, &#x27;Irish&#x27;),<EOL> (&#x27;gd&#x27;, &#x27;Scottish Gaelic&#x27;),<EOL> (&#x27;gl&#x27;, &#x27;Galician&#x27;),<EOL> (&#x27;he&#x27;, &#x27;Hebrew&#x27;),<EOL> (&#x27;hi&#x27;, &#x27;Hindi&#x27;),<EOL> (&#x27;hr&#x27;, &#x27;Croatian&#x27;),<EOL> (&#x27;hsb&#x27;, &#x27;Upper Sorbian&#x27;),<EOL> (&#x27;hu&#x27;, &#x27;Hungarian&#x27;),<EOL> (&#x27;hy&#x27;, &#x27;Armenian&#x27;),<EOL> (&#x27;ia&#x27;, &#x27;Interlingua&#x27;),<EOL> (&#x27;id&#x27;, &#x27;Indonesian&#x27;),<EOL> (&#x27;ig&#x27;, &#x27;Igbo&#x27;),<EOL> (&#x27;io&#x27;, &#x27;Ido&#x27;),<EOL> (&#x27;is&#x27;, &#x27;Icelandic&#x27;),<EOL> (&#x27;it&#x27;, &#x27;Italian&#x27;),<EOL> (&#x27;ja&#x27;, &#x27;Japanese&#x27;),<EOL> (&#x27;ka&#x27;, &#x27;Georgian&#x27;),<EOL> (&#x27;kab&#x27;, &#x27;Kabyle&#x27;),<EOL> (&#x27;kk&#x27;, &#x27;Kazakh&#x27;),<EOL> (&#x27;km&#x27;, &#x27;Khmer&#x27;),<EOL> (&#x27;kn&#x27;, &#x27;Kannada&#x27;),<EOL> (&#x27;ko&#x27;, &#x27;Korean&#x27;),<EOL> (&#x27;ky&#x27;, &#x27;Kyrgyz&#x27;),<EOL> (&#x27;lb&#x27;, &#x27;Luxembourgish&#x27;),<EOL> (&#x27;lt&#x27;, &#x27;Lithuanian&#x27;),<EOL> (&#x27;lv&#x27;, &#x27;Latvian&#x27;),<EOL> (&#x27;mk&#x27;, &#x27;Macedonian&#x27;),<EOL> (&#x27;ml&#x27;, &#x27;Malayalam&#x27;),<EOL> (&#x27;mn&#x27;, &#x27;Mongolian&#x27;),<EOL> (&#x27;mr&#x27;, &#x27;Marathi&#x27;),<EOL> (&#x27;ms&#x27;, &#x27;Malay&#x27;),<EOL> (&#x27;my&#x27;, &#x27;Burmese&#x27;),<EOL> (&#x27;nb&#x27;, &#x27;Norwegian Bokmål&#x27;),<EOL> (&#x27;ne&#x27;, &#x27;Nepali&#x27;),<EOL> (&#x27;nl&#x27;, &#x27;Dutch&#x27;),<EOL> (&#x27;nn&#x27;, &#x27;Norwegian Nynorsk&#x27;),<EOL> (&#x27;os&#x27;, &#x27;Ossetic&#x27;),<EOL> (&#x27;pa&#x27;, &#x27;Punjabi&#x27;),<EOL> (&#x27;pl&#x27;, &#x27;Polish&#x27;),<EOL> (&#x27;pt&#x27;, &#x27;Portuguese&#x27;),<EOL> (&#x27;pt-br&#x27;, &#x27;Brazilian Portuguese&#x27;),<EOL> (&#x27;ro&#x27;, &#x27;Romanian&#x27;),<EOL> (&#x27;ru&#x27;, &#x27;Russian&#x27;),<EOL> (&#x27;sk&#x27;, &#x27;Slovak&#x27;),<EOL> (&#x27;sl&#x27;, &#x27;Slovenian&#x27;),<EOL> (&#x27;sq&#x27;, &#x27;Albanian&#x27;),<EOL> (&#x27;sr&#x27;, &#x27;Serbian&#x27;),<EOL> (&#x27;sr-latn&#x27;, &#x27;Serbian Latin&#x27;),<EOL> (&#x27;sv&#x27;, &#x27;Swedish&#x27;),<EOL> (&#x27;sw&#x27;, &#x27;Swahili&#x27;),<EOL> (&#x27;ta&#x27;, &#x27;Tamil&#x27;),<EOL> (&#x27;te&#x27;, &#x27;Telugu&#x27;),<EOL> (&#x27;tg&#x27;, &#x27;Tajik&#x27;),<EOL> (&#x27;th&#x27;, &#x27;Thai&#x27;),<EOL> (&#x27;tk&#x27;, &#x27;Turkmen&#x27;),<EOL> (&#x27;tr&#x27;, &#x27;Turkish&#x27;),<EOL> (&#x27;tt&#x27;, &#x27;Tatar&#x27;),<EOL> (&#x27;udm&#x27;, &#x27;Udmurt&#x27;),<EOL> (&#x27;uk&#x27;, &#x27;Ukrainian&#x27;),<EOL> (&#x27;ur&#x27;, &#x27;Urdu&#x27;),<EOL> (&#x27;uz&#x27;, &#x27;Uzbek&#x27;),<EOL> (&#x27;vi&#x27;, &#x27;Vietnamese&#x27;),<EOL> (&#x27;zh-hans&#x27;, &#x27;Simplified Chinese&#x27;),<EOL> (&#x27;zh-hant&#x27;, &#x27;Traditional Chinese&#x27;)]</pre></td><EOL>        </tr><EOL>      <EOL>        <tr><EOL>          <td>LANGUAGES_BIDI</td><EOL>          <td class="code"><pre>[&#x27;he&#x27;, &#x27;ar&#x27;, &#x27;ar-dz&#x27;, &#x27;ckb&#x27;, &#x27;fa&#x27;, &#x27;ur&#x27;]</pre></td><EOL>        </tr><EOL>      <EOL>        <tr><EOL>          <td>LANGUAGE_CODE</td><EOL>          <td class="code"><pre>&#x27;en-us&#x27;</pre></td><EOL>        </tr><EOL>      <EOL>        <tr><EOL>          <td>LANGUAGE_COOKIE_AGE</td><EOL>          <td class="code"><pre>None</pre></td><EOL>        </tr><EOL>      <EOL>        <tr><EOL>          <td>LANGUAGE_COOKIE_DOMAIN</td><EOL>          <td class="code"><pre>None</pre></td><EOL>        </tr><EOL>      <EOL>        <tr><EOL>          <td>LANGUAGE_COOKIE_HTTPONLY</td><EOL>          <td class="code"><pre>False</pre></td><EOL>        </tr><EOL>      <EOL>        <tr><EOL>          <td>LANGUAGE_COOKIE_NAME</td><EOL>          <td class="code"><pre>&#x27;django_language&#x27;</pre></td><EOL>        </tr><EOL>      <EOL>        <tr><EOL>          <td>LANGUAGE_COOKIE_PATH</td><EOL>          <td class="code"><pre>&#x27;/&#x27;</pre></td><EOL>        </tr><EOL>      <EOL>        <tr><EOL>          <td>LANGUAGE_COOKIE_SAMESITE</td><EOL>          <td class="code"><pre>None</pre></td><EOL>        </tr><EOL>      <EOL>        <tr><EOL>          <td>LANGUAGE_COOKIE_SECURE</td><EOL>          <td class="code"><pre>False</pre></td><EOL>        </tr><EOL>      <EOL>        <tr><EOL>          <td>LOCALE_PATHS</td><EOL>          <td class="code"><pre>[]</pre></td><EOL>        </tr><EOL>      <EOL>        <tr><EOL>          <td>LOGGING</td><EOL>          <td class="code"><pre>{}</pre></td><EOL>        </tr><EOL>      <EOL>        <tr><EOL>          <td>LOGGING_CONFIG</td><EOL>          <td class="code"><pre>&#x27;logging.config.dictConfig&#x27;</pre></td><EOL>        </tr><EOL>      <EOL>        <tr><EOL>          <td>LOGIN_REDIRECT_URL</td><EOL>          <td class="code"><pre>&#x27;/accounts/profile/&#x27;</pre></td><EOL>        </tr><EOL>      <EOL>        <tr><EOL>          <td>LOGIN_URL</td><EOL>          <td class="code"><pre>&#x27;/accounts/login/&#x27;</pre></td><EOL>        </tr><EOL>      <EOL>        <tr><EOL>          <td>LOGOUT_REDIRECT_URL</td><EOL>          <td class="code"><pre>None</pre></td><EOL>        </tr><EOL>      <EOL>        <tr><EOL>          <td>MANAGERS</td><EOL>          <td class="code"><pre>[]</pre></td><EOL>        </tr><EOL>      <EOL>        <tr><EOL>          <td>MEDIA_ROOT</td><EOL>          <td class="code"><pre>&#x27;&#x27;</pre></td><EOL>        </tr><EOL>      <EOL>        <tr><EOL>          <td>MEDIA_URL</td><EOL>          <td class="code"><pre>&#x27;/&#x27;</pre></td><EOL>        </tr><EOL>      <EOL>        <tr><EOL>          <td>MESSAGE_STORAGE</td><EOL>          <td class="code"><pre>&#x27;django.contrib.messages.storage.fallback.FallbackStorage&#x27;</pre></td><EOL>        </tr><EOL>      <EOL>        <tr><EOL>          <td>MIDDLEWARE</td><EOL>          <td class="code"><pre>[&#x27;django.middleware.security.SecurityMiddleware&#x27;,<EOL> &#x27;django.contrib.sessions.middleware.SessionMiddleware&#x27;,<EOL> &#x27;corsheaders.middleware.CorsMiddleware&#x27;,<EOL> &#x27;django.middleware.common.CommonMiddleware&#x27;,<EOL> &#x27;django.contrib.auth.middleware.AuthenticationMiddleware&#x27;,<EOL> &#x27;django.contrib.messages.middleware.MessageMiddleware&#x27;,<EOL> &#x27;django.middleware.clickjacking.XFrameOptionsMiddleware&#x27;]</pre></td><EOL>        </tr><EOL>      <EOL>        <tr><EOL>          <td>MIGRATION_MODULES</td><EOL>          <td class="code"><pre>{}</pre></td><EOL>        </tr><EOL>      <EOL>        <tr><EOL>          <td>MONTH_DAY_FORMAT</td><EOL>          <td class="code"><pre>&#x27;F j&#x27;</pre></td><EOL>        </tr><EOL>      <EOL>        <tr><EOL>          <td>NUMBER_GROUPING</td><EOL>          <td class="code"><pre>0</pre></td><EOL>        </tr><EOL>      <EOL>        <tr><EOL>          <td>PASSWORD_HASHERS</td><EOL>          <td class="code"><pre>&#x27;********************&#x27;</pre></td><EOL>        </tr><EOL>      <EOL>        <tr><EOL>          <td>PASSWORD_RESET_TIMEOUT</td><EOL>          <td class="code"><pre>&#x27;********************&#x27;</pre></td><EOL>        </tr><EOL>      <EOL>        <tr><EOL>          <td>PREPEND_WWW</td><EOL>          <td class="code"><pre>False</pre></td><EOL>        </tr><EOL>      <EOL>        <tr><EOL>          <td>ROOT_URLCONF</td><EOL>          <td class="code"><pre>&#x27;catface.urls&#x27;</pre></td><EOL>        </tr><EOL>      <EOL>        <tr><EOL>          <td>SECRET_KEY</td><EOL>          <td class="code"><pre>&#x27;********************&#x27;</pre></td><EOL>        </tr><EOL>      <EOL>        <tr><EOL>          <td>SECRET_KEY_FALLBACKS</td><EOL>          <td class="code"><pre>&#x27;********************&#x27;</pre></td><EOL>        </tr><EOL>      <EOL>        <tr><EOL>          <td>SECURE_CONTENT_TYPE_NOSNIFF</td><EOL>          <td class="code"><pre>True</pre></td><EOL>        </tr><EOL>      <EOL>        <tr><EOL>          <td>SECURE_CROSS_ORIGIN_OPENER_POLICY</td><EOL>          <td class="code"><pre>&#x27;same-origin&#x27;</pre></td><EOL>        </tr><EOL>      <EOL>        <tr><EOL>          <td>SECURE_HSTS_INCLUDE_SUBDOMAINS</td><EOL>          <td class="code"><pre>False</pre></td><EOL>        </tr><EOL>      <EOL>        <tr><EOL>          <td>SECURE_HSTS_PRELOAD</td><EOL>          <td class="code"><pre>False</pre></td><EOL>        </tr><EOL>      <EOL>        <tr><EOL>          <td>SECURE_HSTS_SECONDS</td><EOL>          <td class="code"><pre>0</pre></td><EOL>        </tr><EOL>      <EOL>        <tr><EOL>          <td>SECURE_PROXY_SSL_HEADER</td><EOL>          <td class="code"><pre>None</pre></td><EOL>        </tr><EOL>      <EOL>        <tr><EOL>          <td>SECURE_REDIRECT_EXEMPT</td><EOL>          <td class="code"><pre>[]</pre></td><EOL>        </tr><EOL>      <EOL>        <tr><EOL>          <td>SECURE_REFERRER_POLICY</td><EOL>          <td class="code"><pre>&#x27;same-origin&#x27;</pre></td><EOL>        </tr><EOL>      <EOL>        <tr><EOL>          <td>SECURE_SSL_HOST</td><EOL>          <td class="code"><pre>None</pre></td><EOL>        </tr><EOL>      <EOL>        <tr><EOL>          <td>SECURE_SSL_REDIRECT</td><EOL>          <td class="code"><pre>False</pre></td><EOL>        </tr><EOL>      <EOL>        <tr><EOL>          <td>SERVER_EMAIL</td><EOL>          <td class="code"><pre>&#x27;root@localhost&#x27;</pre></td><EOL>        </tr><EOL>      <EOL>        <tr><EOL>          <td>SESSION_CACHE_ALIAS</td><EOL>          <td class="code"><pre>&#x27;default&#x27;</pre></td><EOL>        </tr><EOL>      <EOL>        <tr><EOL>          <td>SESSION_COOKIE_AGE</td><EOL>          <td class="code"><pre>1209600</pre></td><EOL>        </tr><EOL>      <EOL>        <tr><EOL>          <td>SESSION_COOKIE_DOMAIN</td><EOL>          <td class="code"><pre>None</pre></td><EOL>        </tr><EOL>      <EOL>        <tr><EOL>          <td>SESSION_COOKIE_HTTPONLY</td><EOL>          <td class="code"><pre>True</pre></td><EOL>        </tr><EOL>      <EOL>        <tr><EOL>          <td>SESSION_COOKIE_NAME</td><EOL>          <td class="code"><pre>&#x27;sessionid&#x27;</pre></td><EOL>        </tr><EOL>      <EOL>        <tr><EOL>          <td>SESSION_COOKIE_PATH</td><EOL>          <td class="code"><pre>&#x27;/&#x27;</pre></td><EOL>        </tr><EOL>      <EOL>        <tr><EOL>          <td>SESSION_COOKIE_SAMESITE</td><EOL>          <td class="code"><pre>&#x27;Lax&#x27;</pre></td><EOL>        </tr><EOL>      <EOL>        <tr><EOL>          <td>SESSION_COOKIE_SECURE</td><EOL>          <td class="code"><pre>False</pre></td><EOL>        </tr><EOL>      <EOL>        <tr><EOL>          <td>SESSION_ENGINE</td><EOL>          <td class="code"><pre>&#x27;django.contrib.sessions.backends.db&#x27;</pre></td><EOL>        </tr><EOL>      <EOL>        <tr><EOL>          <td>SESSION_EXPIRE_AT_BROWSER_CLOSE</td><EOL>          <td class="code"><pre>False</pre></td><EOL>        </tr><EOL>      <EOL>        <tr><EOL>          <td>SESSION_FILE_PATH</td><EOL>          <td class="code"><pre>None</pre></td><EOL>        </tr><EOL>      <EOL>        <tr><EOL>          <td>SESSION_SAVE_EVERY_REQUEST</td><EOL>          <td class="code"><pre>False</pre></td><EOL>        </tr><EOL>      <EOL>        <tr><EOL>          <td>SESSION_SERIALIZER</td><EOL>          <td class="code"><pre>&#x27;django.contrib.sessions.serializers.JSONSerializer&#x27;</pre></td><EOL>        </tr><EOL>      <EOL>        <tr><EOL>          <td>SETTINGS_MODULE</td><EOL>          <td class="code"><pre>&#x27;catface.settings&#x27;</pre></td><EOL>        </tr><EOL>      <EOL>        <tr><EOL>          <td>SHORT_DATETIME_FORMAT</td><EOL>          <td class="code"><pre>&#x27;m/d/Y P&#x27;</pre></td><EOL>        </tr><EOL>      <EOL>        <tr><EOL>          <td>SHORT_DATE_FORMAT</td><EOL>          <td class="code"><pre>&#x27;m/d/Y&#x27;</pre></td><EOL>        </tr><EOL>      <EOL>        <tr><EOL>          <td>SIGNING_BACKEND</td><EOL>          <td class="code"><pre>&#x27;django.core.signing.TimestampSigner&#x27;</pre></td><EOL>        </tr><EOL>      <EOL>        <tr><EOL>          <td>SILENCED_SYSTEM_CHECKS</td><EOL>          <td class="code"><pre>[]</pre></td><EOL>        </tr><EOL>      <EOL>        <tr><EOL>          <td>STATICFILES_DIRS</td><EOL>          <td class="code"><pre>[&#x27;D:\\.File Data\\PyCharmProject\\CatfaceBack\\statics&#x27;]</pre></td><EOL>        </tr><EOL>      <EOL>        <tr><EOL>          <td>STATICFILES_FINDERS</td><EOL>          <td class="code"><pre>[&#x27;django.contrib.staticfiles.finders.FileSystemFinder&#x27;,<EOL> &#x27;django.contrib.staticfiles.finders.AppDirectoriesFinder&#x27;]</pre></td><EOL>        </tr><EOL>      <EOL>        <tr><EOL>          <td>STATICFILES_STORAGE</td><EOL>          <td class="code"><pre>&#x27;django.contrib.staticfiles.storage.StaticFilesStorage&#x27;</pre></td><EOL>        </tr><EOL>      <EOL>        <tr><EOL>          <td>STATIC_ROOT</td><EOL>          <td class="code"><pre>&#x27;D:\\.File Data\\PyCharmProject\\CatfaceBack\\staticfiles&#x27;</pre></td><EOL>        </tr><EOL>      <EOL>        <tr><EOL>          <td>STATIC_URL</td><EOL>          <td class="code"><pre>&#x27;/static/&#x27;</pre></td><EOL>        </tr><EOL>      <EOL>        <tr><EOL>          <td>STORAGES</td><EOL>          <td class="code"><pre>{&#x27;default&#x27;: {&#x27;BACKEND&#x27;: &#x27;django.core.files.storage.FileSystemStorage&#x27;},<EOL> &#x27;staticfiles&#x27;: {&#x27;BACKEND&#x27;: &#x27;django.contrib.staticfiles.storage.StaticFilesStorage&#x27;}}</pre></td><EOL>        </tr><EOL>      <EOL>        <tr><EOL>          <td>TEMPLATES</td><EOL>          <td class="code"><pre>[{&#x27;APP_DIRS&#x27;: True,<EOL>  &#x27;BACKEND&#x27;: &#x27;django.template.backends.django.DjangoTemplates&#x27;,<EOL>  &#x27;DIRS&#x27;: [],<EOL>  &#x27;OPTIONS&#x27;: {&#x27;context_processors&#x27;: [&#x27;django.template.context_processors.debug&#x27;,<EOL>                                     &#x27;django.template.context_processors.request&#x27;,<EOL>                                     &#x27;django.contrib.auth.context_processors.auth&#x27;,<EOL>                                     &#x27;django.contrib.messages.context_processors.messages&#x27;]}}]</pre></td><EOL>        </tr><EOL>      <EOL>        <tr><EOL>          <td>TEST_NON_SERIALIZED_APPS</td><EOL>          <td class="code"><pre>[]</pre></td><EOL>        </tr><EOL>      <EOL>        <tr><EOL>          <td>TEST_RUNNER</td><EOL>          <td class="code"><pre>&#x27;django.test.runner.DiscoverRunner&#x27;</pre></td><EOL>        </tr><EOL>      <EOL>        <tr><EOL>          <td>THOUSAND_SEPARATOR</td><EOL>          <td class="code"><pre>&#x27;,&#x27;</pre></td><EOL>        </tr><EOL>      <EOL>        <tr><EOL>          <td>TIME_FORMAT</td><EOL>          <td class="code"><pre>&#x27;P&#x27;</pre></td><EOL>        </tr><EOL>      <EOL>        <tr><EOL>          <td>TIME_INPUT_FORMATS</td><EOL>          <td class="code"><pre>[&#x27;%H:%M:%S&#x27;, &#x27;%H:%M:%S.%f&#x27;, &#x27;%H:%M&#x27;]</pre></td><EOL>        </tr><EOL>      <EOL>        <tr><EOL>          <td>TIME_ZONE</td><EOL>          <td class="code"><pre>&#x27;UTC&#x27;</pre></td><EOL>        </tr><EOL>      <EOL>        <tr><EOL>          <td>USE_DEPRECATED_PYTZ</td><EOL>          <td class="code"><pre>False</pre></td><EOL>        </tr><EOL>      <EOL>        <tr><EOL>          <td>USE_I18N</td><EOL>          <td class="code"><pre>True</pre></td><EOL>        </tr><EOL>      <EOL>        <tr><EOL>          <td>USE_L10N</td><EOL>          <td class="code"><pre>True</pre></td><EOL>        </tr><EOL>      <EOL>        <tr><EOL>          <td>USE_THOUSAND_SEPARATOR</td><EOL>          <td class="code"><pre>False</pre></td><EOL>        </tr><EOL>      <EOL>        <tr><EOL>          <td>USE_TZ</td><EOL>          <td class="code"><pre>True</pre></td><EOL>        </tr><EOL>      <EOL>        <tr><EOL>          <td>USE_X_FORWARDED_HOST</td><EOL>          <td class="code"><pre>False</pre></td><EOL>        </tr><EOL>      <EOL>        <tr><EOL>          <td>USE_X_FORWARDED_PORT</td><EOL>          <td class="code"><pre>False</pre></td><EOL>        </tr><EOL>      <EOL>        <tr><EOL>          <td>WSGI_APPLICATION</td><EOL>          <td class="code"><pre>&#x27;catface.wsgi.application&#x27;</pre></td><EOL>        </tr><EOL>      <EOL>        <tr><EOL>          <td>X_FRAME_OPTIONS</td><EOL>          <td class="code"><pre>&#x27;DENY&#x27;</pre></td><EOL>        </tr><EOL>      <EOL>        <tr><EOL>          <td>YEAR_MONTH_FORMAT</td><EOL>          <td class="code"><pre>&#x27;F Y&#x27;</pre></td><EOL>        </tr><EOL>      <EOL>    </tbody><EOL>  </table><EOL><EOL></div><EOL><EOL>  <div id="explanation"><EOL>    <p><EOL>      You’re seeing this error because you have <code>DEBUG = True</code> in your<EOL>      Django settings file. Change that to <code>False</code>, and Django will<EOL>      display a standard page generated by the handler for this status code.<EOL>    </p><EOL>  </div><EOL><EOL></body><EOL></html><EOL>"
	at org.springframework.web.client.HttpServerErrorException.create(HttpServerErrorException.java:102)
	at org.springframework.web.client.DefaultResponseErrorHandler.handleError(DefaultResponseErrorHandler.java:228)
	at org.springframework.web.client.DefaultResponseErrorHandler.handleError(DefaultResponseErrorHandler.java:163)
	at org.springframework.web.client.RestTemplate.handleResponse(RestTemplate.java:953)
	at org.springframework.web.client.RestTemplate.doExecute(RestTemplate.java:902)
	at org.springframework.web.client.RestTemplate.execute(RestTemplate.java:801)
	at org.springframework.web.client.RestTemplate.postForObject(RestTemplate.java:518)
	at com.catface_task.service.impl.TextEmbeddingServiceImpl.getEmbedding(TextEmbeddingServiceImpl.java:65)
	at com.catface_task.service.impl.TaskServiceImpl.TopK(TaskServiceImpl.java:105)
	at java.base/jdk.internal.reflect.DirectMethodHandleAccessor.invoke(DirectMethodHandleAccessor.java:103)
	at java.base/java.lang.reflect.Method.invoke(Method.java:580)
	at org.springframework.aop.support.AopUtils.invokeJoinpointUsingReflection(AopUtils.java:359)
	at org.springframework.aop.framework.CglibAopProxy$DynamicAdvisedInterceptor.intercept(CglibAopProxy.java:723)
	at com.catface_task.service.impl.TaskServiceImpl$$SpringCGLIB$$0.TopK(<generated>)
	at com.catface_task.controller.TaskController.getRecentTasks(TaskController.java:54)
	at java.base/jdk.internal.reflect.DirectMethodHandleAccessor.invoke(DirectMethodHandleAccessor.java:103)
	at java.base/java.lang.reflect.Method.invoke(Method.java:580)
	at org.springframework.web.method.support.InvocableHandlerMethod.doInvoke(InvocableHandlerMethod.java:255)
	at org.springframework.web.method.support.InvocableHandlerMethod.invokeForRequest(InvocableHandlerMethod.java:188)
	at org.springframework.web.servlet.mvc.method.annotation.ServletInvocableHandlerMethod.invokeAndHandle(ServletInvocableHandlerMethod.java:118)
	at org.springframework.web.servlet.mvc.method.annotation.RequestMappingHandlerAdapter.invokeHandlerMethod(RequestMappingHandlerAdapter.java:986)
	at org.springframework.web.servlet.mvc.method.annotation.RequestMappingHandlerAdapter.handleInternal(RequestMappingHandlerAdapter.java:891)
	at org.springframework.web.servlet.mvc.method.AbstractHandlerMethodAdapter.handle(AbstractHandlerMethodAdapter.java:87)
	at org.springframework.web.servlet.DispatcherServlet.doDispatch(DispatcherServlet.java:1088)
	at org.springframework.web.servlet.DispatcherServlet.doService(DispatcherServlet.java:978)
	at org.springframework.web.servlet.FrameworkServlet.processRequest(FrameworkServlet.java:1014)
	at org.springframework.web.servlet.FrameworkServlet.doGet(FrameworkServlet.java:903)
	at jakarta.servlet.http.HttpServlet.service(HttpServlet.java:564)
	at org.springframework.web.servlet.FrameworkServlet.service(FrameworkServlet.java:885)
	at jakarta.servlet.http.HttpServlet.service(HttpServlet.java:658)
	at org.apache.catalina.core.ApplicationFilterChain.internalDoFilter(ApplicationFilterChain.java:195)
	at org.apache.catalina.core.ApplicationFilterChain.doFilter(ApplicationFilterChain.java:140)
	at org.apache.tomcat.websocket.server.WsFilter.doFilter(WsFilter.java:51)
	at org.apache.catalina.core.ApplicationFilterChain.internalDoFilter(ApplicationFilterChain.java:164)
	at org.apache.catalina.core.ApplicationFilterChain.doFilter(ApplicationFilterChain.java:140)
	at org.springframework.web.filter.RequestContextFilter.doFilterInternal(RequestContextFilter.java:100)
	at org.springframework.web.filter.OncePerRequestFilter.doFilter(OncePerRequestFilter.java:116)
	at org.apache.catalina.core.ApplicationFilterChain.internalDoFilter(ApplicationFilterChain.java:164)
	at org.apache.catalina.core.ApplicationFilterChain.doFilter(ApplicationFilterChain.java:140)
	at org.springframework.web.filter.FormContentFilter.doFilterInternal(FormContentFilter.java:93)
	at org.springframework.web.filter.OncePerRequestFilter.doFilter(OncePerRequestFilter.java:116)
	at org.apache.catalina.core.ApplicationFilterChain.internalDoFilter(ApplicationFilterChain.java:164)
	at org.apache.catalina.core.ApplicationFilterChain.doFilter(ApplicationFilterChain.java:140)
	at org.springframework.web.filter.CharacterEncodingFilter.doFilterInternal(CharacterEncodingFilter.java:201)
	at org.springframework.web.filter.OncePerRequestFilter.doFilter(OncePerRequestFilter.java:116)
	at org.apache.catalina.core.ApplicationFilterChain.internalDoFilter(ApplicationFilterChain.java:164)
	at org.apache.catalina.core.ApplicationFilterChain.doFilter(ApplicationFilterChain.java:140)
	at org.apache.catalina.core.StandardWrapperValve.invoke(StandardWrapperValve.java:167)
	at org.apache.catalina.core.StandardContextValve.invoke(StandardContextValve.java:90)
	at org.apache.catalina.authenticator.AuthenticatorBase.invoke(AuthenticatorBase.java:483)
	at org.apache.catalina.core.StandardHostValve.invoke(StandardHostValve.java:115)
	at org.apache.catalina.valves.ErrorReportValve.invoke(ErrorReportValve.java:93)
	at org.apache.catalina.core.StandardEngineValve.invoke(StandardEngineValve.java:74)
	at org.apache.catalina.connector.CoyoteAdapter.service(CoyoteAdapter.java:344)
	at org.apache.coyote.http11.Http11Processor.service(Http11Processor.java:397)
	at org.apache.coyote.AbstractProcessorLight.process(AbstractProcessorLight.java:63)
	at org.apache.coyote.AbstractProtocol$ConnectionHandler.process(AbstractProtocol.java:905)
	at org.apache.tomcat.util.net.NioEndpoint$SocketProcessor.doRun(NioEndpoint.java:1741)
	at org.apache.tomcat.util.net.SocketProcessorBase.run(SocketProcessorBase.java:52)
	at org.apache.tomcat.util.threads.ThreadPoolExecutor.runWorker(ThreadPoolExecutor.java:1190)
	at org.apache.tomcat.util.threads.ThreadPoolExecutor$Worker.run(ThreadPoolExecutor.java:659)
	at org.apache.tomcat.util.threads.TaskThread$WrappingRunnable.run(TaskThread.java:63)
	at java.base/java.lang.Thread.run(Thread.java:1583)
